record_id,load_nm,fault_turns,fault_phase,blocks,alarms,block_alarm_rate,mean_score,max_score,method,seed
external_dual_three_phase_flt1zu_load_0nm,0.0,1,u,8,4,0.5,0.5661891999091676,0.6072992762764877,target_isolation_forest,20260820
external_dual_three_phase_flt1zu_load_10nm,10.0,1,u,8,4,0.5,0.5593754474246986,0.5976194795146971,target_isolation_forest,20260820
external_dual_three_phase_flt1zu_load_15nm,15.0,1,u,8,3,0.375,0.554151206183804,0.5960626486760292,target_isolation_forest,20260820
external_dual_three_phase_flt1zu_load_20nm,20.0,1,u,8,2,0.25,0.550573790135869,0.586719633338222,target_isolation_forest,20260820
external_dual_three_phase_flt1zu_load_25nm,25.0,1,u,8,2,0.25,0.548138675857395,0.5762097220820186,target_isolation_forest,20260820
external_dual_three_phase_flt1zu_load_30nm,30.0,1,u,8,2,0.25,0.5466695435307597,0.5724127733926644,target_isolation_forest,20260820
external_dual_three_phase_flt1zu_load_35nm,35.0,1,u,8,1,0.125,0.5461895317265407,0.5740239357229426,target_isolation_forest,20260820
external_dual_three_phase_flt1zu_load_5nm,5.0,1,u,8,4,0.5,0.5688058565084694,0.604307601093747,target_isolation_forest,20260820
external_dual_three_phase_flt2zv_load_0nm,0.0,2,v,8,7,0.875,0.6025887911503274,0.6315435635126436,target_isolation_forest,20260820
external_dual_three_phase_flt2zv_load_10nm,10.0,2,v,8,5,0.625,0.580332577943311,0.6112354671635589,target_isolation_forest,20260820
external_dual_three_phase_flt2zv_load_15nm,15.0,2,v,8,4,0.5,0.5745459723175411,0.6097016796051018,target_isolation_forest,20260820
external_dual_three_phase_flt2zv_load_20nm,20.0,2,v,8,4,0.5,0.5719909983964759,0.6094631275323411,target_isolation_forest,20260820
external_dual_three_phase_flt2zv_load_25nm,25.0,2,v,8,5,0.625,0.5681012530483069,0.6096736036767468,target_isolation_forest,20260820
external_dual_three_phase_flt2zv_load_30nm,30.0,2,v,8,4,0.5,0.567080139633734,0.6096131691444894,target_isolation_forest,20260820
external_dual_three_phase_flt2zv_load_35nm,35.0,2,v,8,3,0.375,0.5648533155500496,0.609267990411901,target_isolation_forest,20260820
external_dual_three_phase_flt2zv_load_5nm,5.0,2,v,8,5,0.625,0.5893329853392801,0.6169237981173464,target_isolation_forest,20260820
external_dual_three_phase_flt3zu_load_0nm,0.0,3,u,8,6,0.75,0.5874152244962902,0.6063558120595587,target_isolation_forest,20260820
external_dual_three_phase_flt3zu_load_10nm,10.0,3,u,8,5,0.625,0.5827221596184926,0.6042264285731888,target_isolation_forest,20260820
external_dual_three_phase_flt3zu_load_15nm,15.0,3,u,8,5,0.625,0.5777039419107155,0.6039468982903483,target_isolation_forest,20260820
external_dual_three_phase_flt3zu_load_20nm,20.0,3,u,8,4,0.5,0.5752446179574925,0.6037882404305833,target_isolation_forest,20260820
external_dual_three_phase_flt3zu_load_25nm,25.0,3,u,8,5,0.625,0.5736809198550206,0.6034436638762826,target_isolation_forest,20260820
external_dual_three_phase_flt3zu_load_30nm,30.0,3,u,8,5,0.625,0.5711503923238495,0.6044716596947475,target_isolation_forest,20260820
external_dual_three_phase_flt3zu_load_35nm,35.0,3,u,8,5,0.625,0.5690405478794474,0.6035696340644163,target_isolation_forest,20260820
external_dual_three_phase_flt3zu_load_5nm,5.0,3,u,8,6,0.75,0.5893403578397188,0.6097507166544588,target_isolation_forest,20260820
external_dual_three_phase_flt4zv_load_0nm,0.0,4,v,8,7,0.875,0.6031962149805521,0.6258327051978575,target_isolation_forest,20260820
external_dual_three_phase_flt4zv_load_10nm,10.0,4,v,8,6,0.75,0.5880321762886581,0.6084962574757249,target_isolation_forest,20260820
external_dual_three_phase_flt4zv_load_15nm,15.0,4,v,8,6,0.75,0.5846521758090683,0.6069640987980197,target_isolation_forest,20260820
external_dual_three_phase_flt4zv_load_20nm,20.0,4,v,8,6,0.75,0.5822171472951669,0.6084891408093831,target_isolation_forest,20260820
external_dual_three_phase_flt4zv_load_25nm,25.0,4,v,8,5,0.625,0.5796750027235993,0.6105599317146853,target_isolation_forest,20260820
external_dual_three_phase_flt4zv_load_30nm,30.0,4,v,8,5,0.625,0.5777702093355982,0.6100676569962097,target_isolation_forest,20260820
external_dual_three_phase_flt4zv_load_35nm,35.0,4,v,8,5,0.625,0.5769099202477594,0.612714114088385,target_isolation_forest,20260820
external_dual_three_phase_flt4zv_load_5nm,5.0,4,v,8,6,0.75,0.5991638881962229,0.6201790062451915,target_isolation_forest,20260820
external_dual_three_phase_flt5zu_load_0nm,0.0,5,u,8,6,0.75,0.6017987153741134,0.659773599651225,target_isolation_forest,20260820
external_dual_three_phase_flt5zu_load_10nm,10.0,5,u,8,6,0.75,0.5852745707779705,0.6153017747612776,target_isolation_forest,20260820
external_dual_three_phase_flt5zu_load_15nm,15.0,5,u,8,5,0.625,0.5776462921448918,0.61153258639683,target_isolation_forest,20260820
external_dual_three_phase_flt5zu_load_20nm,20.0,5,u,8,5,0.625,0.5749055568479786,0.6068093617797853,target_isolation_forest,20260820
external_dual_three_phase_flt5zu_load_25nm,25.0,5,u,8,5,0.625,0.5715856861128741,0.5955460269851809,target_isolation_forest,20260820
external_dual_three_phase_flt5zu_load_30nm,30.0,5,u,8,5,0.625,0.5712901410901619,0.5975774755597868,target_isolation_forest,20260820
external_dual_three_phase_flt5zu_load_35nm,35.0,5,u,8,5,0.625,0.5709994559336473,0.6005072613225161,target_isolation_forest,20260820
external_dual_three_phase_flt5zu_load_5nm,5.0,5,u,8,6,0.75,0.5946091551095221,0.6216748165466077,target_isolation_forest,20260820
external_dual_three_phase_flt6zu_load_0nm,0.0,6,u,8,6,0.75,0.6079125445499329,0.6741964712803561,target_isolation_forest,20260820
external_dual_three_phase_flt6zu_load_10nm,10.0,6,u,8,5,0.625,0.5859299694931241,0.6134078635302542,target_isolation_forest,20260820
external_dual_three_phase_flt6zu_load_15nm,15.0,6,u,8,5,0.625,0.5799780826112769,0.6116720012175066,target_isolation_forest,20260820
external_dual_three_phase_flt6zu_load_20nm,20.0,6,u,8,5,0.625,0.575741694298589,0.6080437340955273,target_isolation_forest,20260820
external_dual_three_phase_flt6zu_load_25nm,25.0,6,u,8,4,0.5,0.5726356716880721,0.5988112109036594,target_isolation_forest,20260820
external_dual_three_phase_flt6zu_load_30nm,30.0,6,u,8,5,0.625,0.5720267661120462,0.5960646358184568,target_isolation_forest,20260820
external_dual_three_phase_flt6zu_load_35nm,35.0,6,u,8,5,0.625,0.5710257464326816,0.6014284005610507,target_isolation_forest,20260820
external_dual_three_phase_flt6zu_load_5nm,5.0,6,u,8,6,0.75,0.5950957977013261,0.6205057746386009,target_isolation_forest,20260820
external_dual_three_phase_flt1zu_load_0nm,0.0,1,u,8,4,0.5,0.5599940104706468,0.598443934172018,target_isolation_forest,1201
external_dual_three_phase_flt1zu_load_10nm,10.0,1,u,8,3,0.375,0.5568437710353032,0.5890669705984247,target_isolation_forest,1201
external_dual_three_phase_flt1zu_load_15nm,15.0,1,u,8,3,0.375,0.5531763229697151,0.5856981562622805,target_isolation_forest,1201
external_dual_three_phase_flt1zu_load_20nm,20.0,1,u,8,2,0.25,0.5505649949015466,0.5766050582010706,target_isolation_forest,1201
external_dual_three_phase_flt1zu_load_25nm,25.0,1,u,8,2,0.25,0.549047381736165,0.5724670082278377,target_isolation_forest,1201
external_dual_three_phase_flt1zu_load_30nm,30.0,1,u,8,1,0.125,0.5470453250129558,0.568529094358632,target_isolation_forest,1201
external_dual_three_phase_flt1zu_load_35nm,35.0,1,u,8,1,0.125,0.5474711310657697,0.5728525351570968,target_isolation_forest,1201
external_dual_three_phase_flt1zu_load_5nm,5.0,1,u,8,4,0.5,0.5646134489768881,0.5962766413873989,target_isolation_forest,1201
external_dual_three_phase_flt2zv_load_0nm,0.0,2,v,8,5,0.625,0.5984371575589338,0.6320829041378132,target_isolation_forest,1201
external_dual_three_phase_flt2zv_load_10nm,10.0,2,v,8,5,0.625,0.5760127991649484,0.6054606645930262,target_isolation_forest,1201
external_dual_three_phase_flt2zv_load_15nm,15.0,2,v,8,4,0.5,0.5704839781618146,0.6033703234068771,target_isolation_forest,1201
external_dual_three_phase_flt2zv_load_20nm,20.0,2,v,8,5,0.625,0.5681284438793974,0.6044223974203787,target_isolation_forest,1201
external_dual_three_phase_flt2zv_load_25nm,25.0,2,v,8,3,0.375,0.565237576004397,0.6042179116812533,target_isolation_forest,1201
external_dual_three_phase_flt2zv_load_30nm,30.0,2,v,8,3,0.375,0.5640796753235603,0.6045040359165896,target_isolation_forest,1201
external_dual_three_phase_flt2zv_load_35nm,35.0,2,v,8,4,0.5,0.5625598676195922,0.6012834344812994,target_isolation_forest,1201
external_dual_three_phase_flt2zv_load_5nm,5.0,2,v,8,5,0.625,0.5855197119317255,0.6181911534263915,target_isolation_forest,1201
external_dual_three_phase_flt3zu_load_0nm,0.0,3,u,8,6,0.75,0.5825011400542554,0.6058636788987265,target_isolation_forest,1201
external_dual_three_phase_flt3zu_load_10nm,10.0,3,u,8,5,0.625,0.5744141634499363,0.5965712019723911,target_isolation_forest,1201
external_dual_three_phase_flt3zu_load_15nm,15.0,3,u,8,4,0.5,0.5701330455048288,0.5938393229854659,target_isolation_forest,1201
external_dual_three_phase_flt3zu_load_20nm,20.0,3,u,8,5,0.625,0.5687267198303628,0.592911086530927,target_isolation_forest,1201
external_dual_three_phase_flt3zu_load_25nm,25.0,3,u,8,5,0.625,0.5659710006301384,0.591178773730484,target_isolation_forest,1201
external_dual_three_phase_flt3zu_load_30nm,30.0,3,u,8,5,0.625,0.5634696465000918,0.5908822043357038,target_isolation_forest,1201
external_dual_three_phase_flt3zu_load_35nm,35.0,3,u,8,4,0.5,0.5622756675592469,0.591067172430171,target_isolation_forest,1201
external_dual_three_phase_flt3zu_load_5nm,5.0,3,u,8,6,0.75,0.5840258257457216,0.604287877284685,target_isolation_forest,1201
external_dual_three_phase_flt4zv_load_0nm,0.0,4,v,8,6,0.75,0.5944939352296298,0.6191843216636321,target_isolation_forest,1201
external_dual_three_phase_flt4zv_load_10nm,10.0,4,v,8,5,0.625,0.5832498416504661,0.6044994878296384,target_isolation_forest,1201
external_dual_three_phase_flt4zv_load_15nm,15.0,4,v,8,5,0.625,0.579014514931347,0.6028936165453176,target_isolation_forest,1201
external_dual_three_phase_flt4zv_load_20nm,20.0,4,v,8,6,0.75,0.5776378819871165,0.603081437790857,target_isolation_forest,1201
external_dual_three_phase_flt4zv_load_25nm,25.0,4,v,8,4,0.5,0.5752024556656506,0.6042650481671888,target_isolation_forest,1201
external_dual_three_phase_flt4zv_load_30nm,30.0,4,v,8,4,0.5,0.5743541355131729,0.6058214143590994,target_isolation_forest,1201
external_dual_three_phase_flt4zv_load_35nm,35.0,4,v,8,5,0.625,0.5739951121528379,0.6084418986062963,target_isolation_forest,1201
external_dual_three_phase_flt4zv_load_5nm,5.0,4,v,8,6,0.75,0.5935743315159123,0.6144870781785513,target_isolation_forest,1201
external_dual_three_phase_flt5zu_load_0nm,0.0,5,u,8,6,0.75,0.5984061079977026,0.648182438752,target_isolation_forest,1201
external_dual_three_phase_flt5zu_load_10nm,10.0,5,u,8,6,0.75,0.5789534126877409,0.6053377972869156,target_isolation_forest,1201
external_dual_three_phase_flt5zu_load_15nm,15.0,5,u,8,4,0.5,0.5726908003515203,0.604225888418623,target_isolation_forest,1201
external_dual_three_phase_flt5zu_load_20nm,20.0,5,u,8,5,0.625,0.5695922119065644,0.5974329361252396,target_isolation_forest,1201
external_dual_three_phase_flt5zu_load_25nm,25.0,5,u,8,5,0.625,0.5661636843020376,0.5925640238052743,target_isolation_forest,1201
external_dual_three_phase_flt5zu_load_30nm,30.0,5,u,8,5,0.625,0.5648748796399812,0.589909419887182,target_isolation_forest,1201
external_dual_three_phase_flt5zu_load_35nm,35.0,5,u,8,5,0.625,0.5649507523097196,0.5901421120057537,target_isolation_forest,1201
external_dual_three_phase_flt5zu_load_5nm,5.0,5,u,8,7,0.875,0.5905575487972283,0.6167702823554404,target_isolation_forest,1201
external_dual_three_phase_flt6zu_load_0nm,0.0,6,u,8,6,0.75,0.6007853046947909,0.6626377980450575,target_isolation_forest,1201
external_dual_three_phase_flt6zu_load_10nm,10.0,6,u,8,6,0.75,0.5788475504020353,0.6045045192639648,target_isolation_forest,1201
external_dual_three_phase_flt6zu_load_15nm,15.0,6,u,8,5,0.625,0.5732176235116179,0.6037866702117458,target_isolation_forest,1201
external_dual_three_phase_flt6zu_load_20nm,20.0,6,u,8,5,0.625,0.5701740693183004,0.5990809973823537,target_isolation_forest,1201
external_dual_three_phase_flt6zu_load_25nm,25.0,6,u,8,5,0.625,0.5670203181663156,0.5930586250873886,target_isolation_forest,1201
external_dual_three_phase_flt6zu_load_30nm,30.0,6,u,8,5,0.625,0.5654373943311435,0.5898820612967391,target_isolation_forest,1201
external_dual_three_phase_flt6zu_load_35nm,35.0,6,u,8,5,0.625,0.5646256129240721,0.5900499170575303,target_isolation_forest,1201
external_dual_three_phase_flt6zu_load_5nm,5.0,6,u,8,6,0.75,0.592133236721393,0.6158642991197748,target_isolation_forest,1201
external_dual_three_phase_flt1zu_load_0nm,0.0,1,u,8,4,0.5,0.5571641961300198,0.5920727757297932,target_isolation_forest,2402
external_dual_three_phase_flt1zu_load_10nm,10.0,1,u,8,3,0.375,0.5511483555586146,0.5830019849206088,target_isolation_forest,2402
external_dual_three_phase_flt1zu_load_15nm,15.0,1,u,8,3,0.375,0.5465764805358654,0.5813215228857129,target_isolation_forest,2402
external_dual_three_phase_flt1zu_load_20nm,20.0,1,u,8,2,0.25,0.5439510741021509,0.5749114699155211,target_isolation_forest,2402
external_dual_three_phase_flt1zu_load_25nm,25.0,1,u,8,2,0.25,0.5411414651991716,0.5697736748909474,target_isolation_forest,2402
external_dual_three_phase_flt1zu_load_30nm,30.0,1,u,8,1,0.125,0.5403665147297206,0.5717017365714989,target_isolation_forest,2402
external_dual_three_phase_flt1zu_load_35nm,35.0,1,u,8,1,0.125,0.5398066474274712,0.5700022529181342,target_isolation_forest,2402
external_dual_three_phase_flt1zu_load_5nm,5.0,1,u,8,4,0.5,0.5595888375506077,0.5903616959991111,target_isolation_forest,2402
external_dual_three_phase_flt2zv_load_0nm,0.0,2,v,8,6,0.75,0.5918868655483068,0.6213701767719376,target_isolation_forest,2402
external_dual_three_phase_flt2zv_load_10nm,10.0,2,v,8,5,0.625,0.5711279330380021,0.5988589884438982,target_isolation_forest,2402
external_dual_three_phase_flt2zv_load_15nm,15.0,2,v,8,4,0.5,0.5654064134324105,0.5967972027801165,target_isolation_forest,2402
external_dual_three_phase_flt2zv_load_20nm,20.0,2,v,8,4,0.5,0.5631060277789002,0.596763638996803,target_isolation_forest,2402
external_dual_three_phase_flt2zv_load_25nm,25.0,2,v,8,4,0.5,0.5601343360232413,0.5973740143262329,target_isolation_forest,2402
external_dual_three_phase_flt2zv_load_30nm,30.0,2,v,8,3,0.375,0.5583839689687311,0.5980510865492247,target_isolation_forest,2402
external_dual_three_phase_flt2zv_load_35nm,35.0,2,v,8,4,0.5,0.5568859080644142,0.5974499188149769,target_isolation_forest,2402
external_dual_three_phase_flt2zv_load_5nm,5.0,2,v,8,5,0.625,0.5780078323699663,0.6047486250192599,target_isolation_forest,2402
external_dual_three_phase_flt3zu_load_0nm,0.0,3,u,8,6,0.75,0.5832927872120728,0.6048235484102993,target_isolation_forest,2402
external_dual_three_phase_flt3zu_load_10nm,10.0,3,u,8,5,0.625,0.5702304705053167,0.5903571951626524,target_isolation_forest,2402
external_dual_three_phase_flt3zu_load_15nm,15.0,3,u,8,5,0.625,0.5673028292707799,0.5897149756710568,target_isolation_forest,2402
external_dual_three_phase_flt3zu_load_20nm,20.0,3,u,8,5,0.625,0.5654834852591206,0.588503738747482,target_isolation_forest,2402
external_dual_three_phase_flt3zu_load_25nm,25.0,3,u,8,5,0.625,0.5632303519407169,0.588503738747482,target_isolation_forest,2402
external_dual_three_phase_flt3zu_load_30nm,30.0,3,u,8,5,0.625,0.5613277919616187,0.5891803279816329,target_isolation_forest,2402
external_dual_three_phase_flt3zu_load_35nm,35.0,3,u,8,4,0.5,0.5591250695234363,0.5887329274684644,target_isolation_forest,2402
external_dual_three_phase_flt3zu_load_5nm,5.0,3,u,8,6,0.75,0.5793449589440491,0.5977175185867459,target_isolation_forest,2402
external_dual_three_phase_flt4zv_load_0nm,0.0,4,v,8,6,0.75,0.5917403918918351,0.6127503373786475,target_isolation_forest,2402
external_dual_three_phase_flt4zv_load_10nm,10.0,4,v,8,5,0.625,0.5772611746889592,0.5989245034253219,target_isolation_forest,2402
external_dual_three_phase_flt4zv_load_15nm,15.0,4,v,8,5,0.625,0.5751254006814006,0.5950820042706781,target_isolation_forest,2402
external_dual_three_phase_flt4zv_load_20nm,20.0,4,v,8,5,0.625,0.5723021706154308,0.5953172218389375,target_isolation_forest,2402
external_dual_three_phase_flt4zv_load_25nm,25.0,4,v,8,4,0.5,0.5701381202851042,0.5955656773254847,target_isolation_forest,2402
external_dual_three_phase_flt4zv_load_30nm,30.0,4,v,8,4,0.5,0.5687689274854991,0.596876315865352,target_isolation_forest,2402
external_dual_three_phase_flt4zv_load_35nm,35.0,4,v,8,5,0.625,0.5675058165663902,0.5981171664457925,target_isolation_forest,2402
external_dual_three_phase_flt4zv_load_5nm,5.0,4,v,8,6,0.75,0.5859276129053089,0.6036017393921952,target_isolation_forest,2402
external_dual_three_phase_flt5zu_load_0nm,0.0,5,u,8,6,0.75,0.595576869681103,0.6537061892846596,target_isolation_forest,2402
external_dual_three_phase_flt5zu_load_10nm,10.0,5,u,8,6,0.75,0.5740386063974173,0.6021582135635247,target_isolation_forest,2402
external_dual_three_phase_flt5zu_load_15nm,15.0,5,u,8,4,0.5,0.5696324238340411,0.5996845743686072,target_isolation_forest,2402
external_dual_three_phase_flt5zu_load_20nm,20.0,5,u,8,4,0.5,0.5660736005275275,0.5910360883158288,target_isolation_forest,2402
external_dual_three_phase_flt5zu_load_25nm,25.0,5,u,8,5,0.625,0.5627218880085298,0.5858028856384949,target_isolation_forest,2402
external_dual_three_phase_flt5zu_load_30nm,30.0,5,u,8,5,0.625,0.5615933677458682,0.5836765302165678,target_isolation_forest,2402
external_dual_three_phase_flt5zu_load_35nm,35.0,5,u,8,5,0.625,0.5629734042837096,0.5859134437953067,target_isolation_forest,2402
external_dual_three_phase_flt5zu_load_5nm,5.0,5,u,8,6,0.75,0.5852702282724713,0.6062903914591594,target_isolation_forest,2402
external_dual_three_phase_flt6zu_load_0nm,0.0,6,u,8,6,0.75,0.5979059343742836,0.6728422541163686,target_isolation_forest,2402
external_dual_three_phase_flt6zu_load_10nm,10.0,6,u,8,5,0.625,0.5751389109205596,0.6000789786719121,target_isolation_forest,2402
external_dual_three_phase_flt6zu_load_15nm,15.0,6,u,8,5,0.625,0.5699722009119529,0.5992812779078315,target_isolation_forest,2402
external_dual_three_phase_flt6zu_load_20nm,20.0,6,u,8,5,0.625,0.56729012688993,0.5928072961676718,target_isolation_forest,2402
external_dual_three_phase_flt6zu_load_25nm,25.0,6,u,8,4,0.5,0.5636377594835575,0.5864172440796984,target_isolation_forest,2402
external_dual_three_phase_flt6zu_load_30nm,30.0,6,u,8,5,0.625,0.562309181117204,0.5838620159975871,target_isolation_forest,2402
external_dual_three_phase_flt6zu_load_35nm,35.0,6,u,8,5,0.625,0.5616912138202083,0.5853934048741627,target_isolation_forest,2402
external_dual_three_phase_flt6zu_load_5nm,5.0,6,u,8,6,0.75,0.5859768513385935,0.6059930991394724,target_isolation_forest,2402
external_dual_three_phase_flt1zu_load_0nm,0.0,1,u,8,4,0.5,0.5594706762590426,0.6004675341913941,target_isolation_forest,3603
external_dual_three_phase_flt1zu_load_10nm,10.0,1,u,8,3,0.375,0.5509252425673207,0.5927333432535381,target_isolation_forest,3603
external_dual_three_phase_flt1zu_load_15nm,15.0,1,u,8,3,0.375,0.546149165256876,0.5878298796177882,target_isolation_forest,3603
external_dual_three_phase_flt1zu_load_20nm,20.0,1,u,8,2,0.25,0.542942462235965,0.5822056806587067,target_isolation_forest,3603
external_dual_three_phase_flt1zu_load_25nm,25.0,1,u,8,2,0.25,0.5394830000965554,0.5689193878963499,target_isolation_forest,3603
external_dual_three_phase_flt1zu_load_30nm,30.0,1,u,8,1,0.125,0.5385554738009096,0.5674411826749919,target_isolation_forest,3603
external_dual_three_phase_flt1zu_load_35nm,35.0,1,u,8,1,0.125,0.5380088988621383,0.570878350401822,target_isolation_forest,3603
external_dual_three_phase_flt1zu_load_5nm,5.0,1,u,8,4,0.5,0.5607393239344735,0.5956430861609493,target_isolation_forest,3603
external_dual_three_phase_flt2zv_load_0nm,0.0,2,v,8,7,0.875,0.6103894627264195,0.6437823144702173,target_isolation_forest,3603
external_dual_three_phase_flt2zv_load_10nm,10.0,2,v,8,5,0.625,0.5722093329085625,0.6057178521896185,target_isolation_forest,3603
external_dual_three_phase_flt2zv_load_15nm,15.0,2,v,8,4,0.5,0.5655047350242206,0.6040641104102903,target_isolation_forest,3603
external_dual_three_phase_flt2zv_load_20nm,20.0,2,v,8,5,0.625,0.5623907475788853,0.6040938456533228,target_isolation_forest,3603
external_dual_three_phase_flt2zv_load_25nm,25.0,2,v,8,3,0.375,0.5585931752974753,0.6053801136687232,target_isolation_forest,3603
external_dual_three_phase_flt2zv_load_30nm,30.0,2,v,8,3,0.375,0.5562608279946664,0.605476886928652,target_isolation_forest,3603
external_dual_three_phase_flt2zv_load_35nm,35.0,2,v,8,4,0.5,0.5543296155900748,0.6048629498495592,target_isolation_forest,3603
external_dual_three_phase_flt2zv_load_5nm,5.0,2,v,8,5,0.625,0.5866320869654401,0.6178341445481809,target_isolation_forest,3603
external_dual_three_phase_flt3zu_load_0nm,0.0,3,u,8,6,0.75,0.589838421782478,0.6167456687960223,target_isolation_forest,3603
external_dual_three_phase_flt3zu_load_10nm,10.0,3,u,8,5,0.625,0.572503826105304,0.5974916841829117,target_isolation_forest,3603
external_dual_three_phase_flt3zu_load_15nm,15.0,3,u,8,5,0.625,0.567376329190165,0.5950188250852687,target_isolation_forest,3603
external_dual_three_phase_flt3zu_load_20nm,20.0,3,u,8,5,0.625,0.5652008613286875,0.5949927216143829,target_isolation_forest,3603
external_dual_three_phase_flt3zu_load_25nm,25.0,3,u,8,5,0.625,0.5628971973605235,0.5951383988816279,target_isolation_forest,3603
external_dual_three_phase_flt3zu_load_30nm,30.0,3,u,8,5,0.625,0.5603784074410806,0.5955182274878954,target_isolation_forest,3603
external_dual_three_phase_flt3zu_load_35nm,35.0,3,u,8,4,0.5,0.5572522128657597,0.5953464861882182,target_isolation_forest,3603
external_dual_three_phase_flt3zu_load_5nm,5.0,3,u,8,6,0.75,0.5838622012987744,0.6101129079169977,target_isolation_forest,3603
external_dual_three_phase_flt4zv_load_0nm,0.0,4,v,8,7,0.875,0.6083426318081606,0.6360144005657491,target_isolation_forest,3603
external_dual_three_phase_flt4zv_load_10nm,10.0,4,v,8,5,0.625,0.5805925492391883,0.6047095587935473,target_isolation_forest,3603
external_dual_three_phase_flt4zv_load_15nm,15.0,4,v,8,5,0.625,0.5766652572886014,0.6035627310505625,target_isolation_forest,3603
external_dual_three_phase_flt4zv_load_20nm,20.0,4,v,8,5,0.625,0.5730308774378439,0.602632299373852,target_isolation_forest,3603
external_dual_three_phase_flt4zv_load_25nm,25.0,4,v,8,4,0.5,0.570658510426157,0.6040518608160301,target_isolation_forest,3603
external_dual_three_phase_flt4zv_load_30nm,30.0,4,v,8,5,0.625,0.5684702745421615,0.6052903755756216,target_isolation_forest,3603
external_dual_three_phase_flt4zv_load_35nm,35.0,4,v,8,5,0.625,0.5676756254294304,0.6090034761594885,target_isolation_forest,3603
external_dual_three_phase_flt4zv_load_5nm,5.0,4,v,8,6,0.75,0.5942315469693881,0.6162515752733446,target_isolation_forest,3603
external_dual_three_phase_flt5zu_load_0nm,0.0,5,u,8,7,0.875,0.6081864128342758,0.6514299439232384,target_isolation_forest,3603
external_dual_three_phase_flt5zu_load_10nm,10.0,5,u,8,6,0.75,0.5780115752804574,0.60879769518474,target_isolation_forest,3603
external_dual_three_phase_flt5zu_load_15nm,15.0,5,u,8,5,0.625,0.5716039191123746,0.6064827706899091,target_isolation_forest,3603
external_dual_three_phase_flt5zu_load_20nm,20.0,5,u,8,5,0.625,0.5672295212372934,0.5987435595223131,target_isolation_forest,3603
external_dual_three_phase_flt5zu_load_25nm,25.0,5,u,8,5,0.625,0.5639496238662614,0.5934743875327234,target_isolation_forest,3603
external_dual_three_phase_flt5zu_load_30nm,30.0,5,u,8,5,0.625,0.561957334059792,0.5916655721091776,target_isolation_forest,3603
external_dual_three_phase_flt5zu_load_35nm,35.0,5,u,8,5,0.625,0.561886912322979,0.5932475406089643,target_isolation_forest,3603
external_dual_three_phase_flt5zu_load_5nm,5.0,5,u,8,7,0.875,0.5920910830620558,0.6223399183661302,target_isolation_forest,3603
external_dual_three_phase_flt6zu_load_0nm,0.0,6,u,8,7,0.875,0.6101281324146224,0.66982268440314,target_isolation_forest,3603
external_dual_three_phase_flt6zu_load_10nm,10.0,6,u,8,6,0.75,0.578014337054963,0.6069450368449811,target_isolation_forest,3603
external_dual_three_phase_flt6zu_load_15nm,15.0,6,u,8,5,0.625,0.5732438130691396,0.6064787192275205,target_isolation_forest,3603
external_dual_three_phase_flt6zu_load_20nm,20.0,6,u,8,4,0.5,0.5679184197926956,0.5993987142566669,target_isolation_forest,3603
external_dual_three_phase_flt6zu_load_25nm,25.0,6,u,8,5,0.625,0.5648884420779874,0.5942658475462541,target_isolation_forest,3603
external_dual_three_phase_flt6zu_load_30nm,30.0,6,u,8,5,0.625,0.5626440147802819,0.5919369258881045,target_isolation_forest,3603
external_dual_three_phase_flt6zu_load_35nm,35.0,6,u,8,5,0.625,0.5610032051007631,0.5924506820217875,target_isolation_forest,3603
external_dual_three_phase_flt6zu_load_5nm,5.0,6,u,8,7,0.875,0.5939806671668032,0.621151210079319,target_isolation_forest,3603
external_dual_three_phase_flt1zu_load_0nm,0.0,1,u,8,4,0.5,0.5556342148036181,0.5972226090760244,target_isolation_forest,4804
external_dual_three_phase_flt1zu_load_10nm,10.0,1,u,8,3,0.375,0.5490538929600776,0.584190011192937,target_isolation_forest,4804
external_dual_three_phase_flt1zu_load_15nm,15.0,1,u,8,1,0.125,0.5444367824431549,0.5799943503020663,target_isolation_forest,4804
external_dual_three_phase_flt1zu_load_20nm,20.0,1,u,8,1,0.125,0.5416301265027226,0.5744677127124032,target_isolation_forest,4804
external_dual_three_phase_flt1zu_load_25nm,25.0,1,u,8,1,0.125,0.5400251487744473,0.5689092415743227,target_isolation_forest,4804
external_dual_three_phase_flt1zu_load_30nm,30.0,1,u,8,1,0.125,0.538872295510904,0.569121067157348,target_isolation_forest,4804
external_dual_three_phase_flt1zu_load_35nm,35.0,1,u,8,1,0.125,0.5385267027812503,0.5694247955468782,target_isolation_forest,4804
external_dual_three_phase_flt1zu_load_5nm,5.0,1,u,8,3,0.375,0.5571970652867005,0.5885714285969721,target_isolation_forest,4804
external_dual_three_phase_flt2zv_load_0nm,0.0,2,v,8,6,0.75,0.5943966198985171,0.6269344903855146,target_isolation_forest,4804
external_dual_three_phase_flt2zv_load_10nm,10.0,2,v,8,4,0.5,0.566783559069082,0.5963313491573827,target_isolation_forest,4804
external_dual_three_phase_flt2zv_load_15nm,15.0,2,v,8,4,0.5,0.5634295013421927,0.5931157677497061,target_isolation_forest,4804
external_dual_three_phase_flt2zv_load_20nm,20.0,2,v,8,4,0.5,0.5620080170395881,0.5952560025225375,target_isolation_forest,4804
external_dual_three_phase_flt2zv_load_25nm,25.0,2,v,8,3,0.375,0.5594744453204734,0.5945594137838099,target_isolation_forest,4804
external_dual_three_phase_flt2zv_load_30nm,30.0,2,v,8,3,0.375,0.5576185247825044,0.5965160573360693,target_isolation_forest,4804
external_dual_three_phase_flt2zv_load_35nm,35.0,2,v,8,3,0.375,0.5572395172233071,0.5964647265124847,target_isolation_forest,4804
external_dual_three_phase_flt2zv_load_5nm,5.0,2,v,8,5,0.625,0.5770440270124074,0.606416689104558,target_isolation_forest,4804
external_dual_three_phase_flt3zu_load_0nm,0.0,3,u,8,6,0.75,0.5856589309265936,0.6109233333402738,target_isolation_forest,4804
external_dual_three_phase_flt3zu_load_10nm,10.0,3,u,8,5,0.625,0.568831204055853,0.5887483234581338,target_isolation_forest,4804
external_dual_three_phase_flt3zu_load_15nm,15.0,3,u,8,4,0.5,0.5632289942732902,0.5868941514623501,target_isolation_forest,4804
external_dual_three_phase_flt3zu_load_20nm,20.0,3,u,8,4,0.5,0.5613210877267766,0.5867471321851265,target_isolation_forest,4804
external_dual_three_phase_flt3zu_load_25nm,25.0,3,u,8,4,0.5,0.5590152241436728,0.5872629107957725,target_isolation_forest,4804
external_dual_three_phase_flt3zu_load_30nm,30.0,3,u,8,4,0.5,0.5567390295835455,0.5861639551003281,target_isolation_forest,4804
external_dual_three_phase_flt3zu_load_35nm,35.0,3,u,8,4,0.5,0.5554655099181676,0.5856753061754701,target_isolation_forest,4804
external_dual_three_phase_flt3zu_load_5nm,5.0,3,u,8,5,0.625,0.5803123655617559,0.6049559074839971,target_isolation_forest,4804
external_dual_three_phase_flt4zv_load_0nm,0.0,4,v,8,7,0.875,0.5910490153217115,0.610289546896015,target_isolation_forest,4804
external_dual_three_phase_flt4zv_load_10nm,10.0,4,v,8,5,0.625,0.5735428845657735,0.5920494299913425,target_isolation_forest,4804
external_dual_three_phase_flt4zv_load_15nm,15.0,4,v,8,5,0.625,0.572256542517971,0.5914173926015956,target_isolation_forest,4804
external_dual_three_phase_flt4zv_load_20nm,20.0,4,v,8,5,0.625,0.5692988434093332,0.5915918887555163,target_isolation_forest,4804
external_dual_three_phase_flt4zv_load_25nm,25.0,4,v,8,4,0.5,0.5686832323959208,0.5939269422959547,target_isolation_forest,4804
external_dual_three_phase_flt4zv_load_30nm,30.0,4,v,8,5,0.625,0.5683922878977284,0.5980913382262487,target_isolation_forest,4804
external_dual_three_phase_flt4zv_load_35nm,35.0,4,v,8,4,0.5,0.566422374290907,0.5993413432195727,target_isolation_forest,4804
external_dual_three_phase_flt4zv_load_5nm,5.0,4,v,8,6,0.75,0.5865796528630836,0.6024492195401515,target_isolation_forest,4804
external_dual_three_phase_flt5zu_load_0nm,0.0,5,u,8,6,0.75,0.5986206550190332,0.6549033712384866,target_isolation_forest,4804
external_dual_three_phase_flt5zu_load_10nm,10.0,5,u,8,5,0.625,0.573496633811679,0.5982842769195017,target_isolation_forest,4804
external_dual_three_phase_flt5zu_load_15nm,15.0,5,u,8,4,0.5,0.5664777485545909,0.5966968636566142,target_isolation_forest,4804
external_dual_three_phase_flt5zu_load_20nm,20.0,5,u,8,4,0.5,0.5617541740214942,0.5910668535751609,target_isolation_forest,4804
external_dual_three_phase_flt5zu_load_25nm,25.0,5,u,8,4,0.5,0.5588502362452417,0.5839939030202813,target_isolation_forest,4804
external_dual_three_phase_flt5zu_load_30nm,30.0,5,u,8,4,0.5,0.5578955774080632,0.5833948957791965,target_isolation_forest,4804
external_dual_three_phase_flt5zu_load_35nm,35.0,5,u,8,3,0.375,0.5567035217882849,0.5841755080792184,target_isolation_forest,4804
external_dual_three_phase_flt5zu_load_5nm,5.0,5,u,8,6,0.75,0.5857727549810865,0.6108611212767082,target_isolation_forest,4804
external_dual_three_phase_flt6zu_load_0nm,0.0,6,u,8,6,0.75,0.6013444361190414,0.6672252640022693,target_isolation_forest,4804
external_dual_three_phase_flt6zu_load_10nm,10.0,6,u,8,5,0.625,0.5741420438866545,0.5976214755648772,target_isolation_forest,4804
external_dual_three_phase_flt6zu_load_15nm,15.0,6,u,8,4,0.5,0.5679776439777269,0.5960186617177412,target_isolation_forest,4804
external_dual_three_phase_flt6zu_load_20nm,20.0,6,u,8,4,0.5,0.5633222320949188,0.5916998117873156,target_isolation_forest,4804
external_dual_three_phase_flt6zu_load_25nm,25.0,6,u,8,4,0.5,0.5594109639008453,0.5844338757266109,target_isolation_forest,4804
external_dual_three_phase_flt6zu_load_30nm,30.0,6,u,8,4,0.5,0.5591438304649826,0.5839835232188164,target_isolation_forest,4804
external_dual_three_phase_flt6zu_load_35nm,35.0,6,u,8,4,0.5,0.5578818524047746,0.5833776752872051,target_isolation_forest,4804
external_dual_three_phase_flt6zu_load_5nm,5.0,6,u,8,6,0.75,0.5887841650398412,0.6098807362516983,target_isolation_forest,4804
external_dual_three_phase_flt1zu_load_0nm,0.0,1,u,8,4,0.5,0.5597293240382853,0.5988708702642175,source_target_isolation_forest,20260820
external_dual_three_phase_flt1zu_load_10nm,10.0,1,u,8,2,0.25,0.5548083413448822,0.5963441081996014,source_target_isolation_forest,20260820
external_dual_three_phase_flt1zu_load_15nm,15.0,1,u,8,1,0.125,0.5530155836248489,0.5945559454645202,source_target_isolation_forest,20260820
external_dual_three_phase_flt1zu_load_20nm,20.0,1,u,8,2,0.25,0.5512588546946743,0.5884069265084433,source_target_isolation_forest,20260820
external_dual_three_phase_flt1zu_load_25nm,25.0,1,u,8,1,0.125,0.5499847344216405,0.5888742536855555,source_target_isolation_forest,20260820
external_dual_three_phase_flt1zu_load_30nm,30.0,1,u,8,1,0.125,0.5487913895695962,0.5861888795578346,source_target_isolation_forest,20260820
external_dual_three_phase_flt1zu_load_35nm,35.0,1,u,8,1,0.125,0.5483563241326617,0.5891299549212654,source_target_isolation_forest,20260820
external_dual_three_phase_flt1zu_load_5nm,5.0,1,u,8,3,0.375,0.5580326156386373,0.594646191079951,source_target_isolation_forest,20260820
external_dual_three_phase_flt2zv_load_0nm,0.0,2,v,8,5,0.625,0.6002356574856527,0.6357738334570765,source_target_isolation_forest,20260820
external_dual_three_phase_flt2zv_load_10nm,10.0,2,v,8,4,0.5,0.5699042570857664,0.6020285751269818,source_target_isolation_forest,20260820
external_dual_three_phase_flt2zv_load_15nm,15.0,2,v,8,4,0.5,0.5660678399647302,0.6021433920963397,source_target_isolation_forest,20260820
external_dual_three_phase_flt2zv_load_20nm,20.0,2,v,8,4,0.5,0.5652151876792506,0.604670202047934,source_target_isolation_forest,20260820
external_dual_three_phase_flt2zv_load_25nm,25.0,2,v,8,3,0.375,0.5616374802149064,0.6051016814172379,source_target_isolation_forest,20260820
external_dual_three_phase_flt2zv_load_30nm,30.0,2,v,8,3,0.375,0.5610305838323404,0.6030904371538482,source_target_isolation_forest,20260820
external_dual_three_phase_flt2zv_load_35nm,35.0,2,v,8,2,0.25,0.5587241806290162,0.600723822260931,source_target_isolation_forest,20260820
external_dual_three_phase_flt2zv_load_5nm,5.0,2,v,8,5,0.625,0.5769216858307329,0.6073058094403527,source_target_isolation_forest,20260820
external_dual_three_phase_flt3zu_load_0nm,0.0,3,u,8,6,0.75,0.5976021981193899,0.6230822337694476,source_target_isolation_forest,20260820
external_dual_three_phase_flt3zu_load_10nm,10.0,3,u,8,5,0.625,0.5830208724426591,0.6073797652402191,source_target_isolation_forest,20260820
external_dual_three_phase_flt3zu_load_15nm,15.0,3,u,8,4,0.5,0.5797136104634509,0.6092531763152688,source_target_isolation_forest,20260820
external_dual_three_phase_flt3zu_load_20nm,20.0,3,u,8,4,0.5,0.5782604501182775,0.6097083030593647,source_target_isolation_forest,20260820
external_dual_three_phase_flt3zu_load_25nm,25.0,3,u,8,5,0.625,0.5758149044932676,0.6102585252085058,source_target_isolation_forest,20260820
external_dual_three_phase_flt3zu_load_30nm,30.0,3,u,8,5,0.625,0.5744338946614943,0.6113313205980904,source_target_isolation_forest,20260820
external_dual_three_phase_flt3zu_load_35nm,35.0,3,u,8,4,0.5,0.5716774793256253,0.61110110958877,source_target_isolation_forest,20260820
external_dual_three_phase_flt3zu_load_5nm,5.0,3,u,8,5,0.625,0.5883202056393768,0.6117054190302001,source_target_isolation_forest,20260820
external_dual_three_phase_flt4zv_load_0nm,0.0,4,v,8,6,0.75,0.6000282020168218,0.6239942099707854,source_target_isolation_forest,20260820
external_dual_three_phase_flt4zv_load_10nm,10.0,4,v,8,5,0.625,0.576548339108434,0.5981322631375299,source_target_isolation_forest,20260820
external_dual_three_phase_flt4zv_load_15nm,15.0,4,v,8,5,0.625,0.5737623904707324,0.5985236849182175,source_target_isolation_forest,20260820
external_dual_three_phase_flt4zv_load_20nm,20.0,4,v,8,5,0.625,0.5721800977613636,0.5996606396784254,source_target_isolation_forest,20260820
external_dual_three_phase_flt4zv_load_25nm,25.0,4,v,8,4,0.5,0.5692922448263515,0.600190468219563,source_target_isolation_forest,20260820
external_dual_three_phase_flt4zv_load_30nm,30.0,4,v,8,4,0.5,0.5703129644508764,0.6056576190611455,source_target_isolation_forest,20260820
external_dual_three_phase_flt4zv_load_35nm,35.0,4,v,8,4,0.5,0.5688644494706196,0.6081496812388157,source_target_isolation_forest,20260820
external_dual_three_phase_flt4zv_load_5nm,5.0,4,v,8,5,0.625,0.5837101033734251,0.6043112368855589,source_target_isolation_forest,20260820
external_dual_three_phase_flt5zu_load_0nm,0.0,5,u,8,5,0.625,0.6070858346333994,0.6617804580735802,source_target_isolation_forest,20260820
external_dual_three_phase_flt5zu_load_10nm,10.0,5,u,8,4,0.5,0.5784192914904414,0.6040963377387415,source_target_isolation_forest,20260820
external_dual_three_phase_flt5zu_load_15nm,15.0,5,u,8,4,0.5,0.5749895374213074,0.6028810355932349,source_target_isolation_forest,20260820
external_dual_three_phase_flt5zu_load_20nm,20.0,5,u,8,5,0.625,0.5734570518354452,0.5962777250677384,source_target_isolation_forest,20260820
external_dual_three_phase_flt5zu_load_25nm,25.0,5,u,8,5,0.625,0.5718401482101092,0.5936332544144006,source_target_isolation_forest,20260820
external_dual_three_phase_flt5zu_load_30nm,30.0,5,u,8,4,0.5,0.5709569488798812,0.596806468622297,source_target_isolation_forest,20260820
external_dual_three_phase_flt5zu_load_35nm,35.0,5,u,8,4,0.5,0.571280291505399,0.6004909274399622,source_target_isolation_forest,20260820
external_dual_three_phase_flt5zu_load_5nm,5.0,5,u,8,5,0.625,0.5888265078234892,0.6141539539240888,source_target_isolation_forest,20260820
external_dual_three_phase_flt6zu_load_0nm,0.0,6,u,8,5,0.625,0.6099717052560709,0.6833695019016742,source_target_isolation_forest,20260820
external_dual_three_phase_flt6zu_load_10nm,10.0,6,u,8,4,0.5,0.5790963569444684,0.6031007175103361,source_target_isolation_forest,20260820
external_dual_three_phase_flt6zu_load_15nm,15.0,6,u,8,4,0.5,0.5754087770629414,0.6013548418177623,source_target_isolation_forest,20260820
external_dual_three_phase_flt6zu_load_20nm,20.0,6,u,8,5,0.625,0.573716325620623,0.5976025481725156,source_target_isolation_forest,20260820
external_dual_three_phase_flt6zu_load_25nm,25.0,6,u,8,5,0.625,0.5712286545868874,0.5939743505229137,source_target_isolation_forest,20260820
external_dual_three_phase_flt6zu_load_30nm,30.0,6,u,8,5,0.625,0.5719356907395123,0.5958695902211596,source_target_isolation_forest,20260820
external_dual_three_phase_flt6zu_load_35nm,35.0,6,u,8,4,0.5,0.571355157221335,0.5993418117017361,source_target_isolation_forest,20260820
external_dual_three_phase_flt6zu_load_5nm,5.0,6,u,8,5,0.625,0.5895867153431581,0.6115945028140642,source_target_isolation_forest,20260820
external_dual_three_phase_flt1zu_load_0nm,0.0,1,u,8,4,0.5,0.5647295528271373,0.6167735997054349,source_target_isolation_forest,1201
external_dual_three_phase_flt1zu_load_10nm,10.0,1,u,8,2,0.25,0.5618107861532047,0.6063569223472857,source_target_isolation_forest,1201
external_dual_three_phase_flt1zu_load_15nm,15.0,1,u,8,2,0.25,0.5581316346425248,0.6047871438184379,source_target_isolation_forest,1201
external_dual_three_phase_flt1zu_load_20nm,20.0,1,u,8,2,0.25,0.5570376793704606,0.5992162199374088,source_target_isolation_forest,1201
external_dual_three_phase_flt1zu_load_25nm,25.0,1,u,8,2,0.25,0.553925182195081,0.5885166945639364,source_target_isolation_forest,1201
external_dual_three_phase_flt1zu_load_30nm,30.0,1,u,8,2,0.25,0.55278877808737,0.5825090719234913,source_target_isolation_forest,1201
external_dual_three_phase_flt1zu_load_35nm,35.0,1,u,8,1,0.125,0.552990136443804,0.581580518303981,source_target_isolation_forest,1201
external_dual_three_phase_flt1zu_load_5nm,5.0,1,u,8,3,0.375,0.5661089085228401,0.6083256208740289,source_target_isolation_forest,1201
external_dual_three_phase_flt2zv_load_0nm,0.0,2,v,8,5,0.625,0.6015820703079332,0.6462394926744389,source_target_isolation_forest,1201
external_dual_three_phase_flt2zv_load_10nm,10.0,2,v,8,4,0.5,0.5711712499779549,0.5982157105045005,source_target_isolation_forest,1201
external_dual_three_phase_flt2zv_load_15nm,15.0,2,v,8,4,0.5,0.5669120846301039,0.5968045184631009,source_target_isolation_forest,1201
external_dual_three_phase_flt2zv_load_20nm,20.0,2,v,8,3,0.375,0.5651834541794467,0.598911421142514,source_target_isolation_forest,1201
external_dual_three_phase_flt2zv_load_25nm,25.0,2,v,8,3,0.375,0.5622370712188155,0.6000321564439843,source_target_isolation_forest,1201
external_dual_three_phase_flt2zv_load_30nm,30.0,2,v,8,2,0.25,0.5630152984769223,0.5987542723288074,source_target_isolation_forest,1201
external_dual_three_phase_flt2zv_load_35nm,35.0,2,v,8,2,0.25,0.5613864137795718,0.5979323386774614,source_target_isolation_forest,1201
external_dual_three_phase_flt2zv_load_5nm,5.0,2,v,8,5,0.625,0.5777361845133752,0.6090513238867602,source_target_isolation_forest,1201
external_dual_three_phase_flt3zu_load_0nm,0.0,3,u,8,5,0.625,0.5997011465179722,0.634505063349344,source_target_isolation_forest,1201
external_dual_three_phase_flt3zu_load_10nm,10.0,3,u,8,5,0.625,0.5859269594132245,0.6112907067781521,source_target_isolation_forest,1201
external_dual_three_phase_flt3zu_load_15nm,15.0,3,u,8,5,0.625,0.5832812623955015,0.6128229480121211,source_target_isolation_forest,1201
external_dual_three_phase_flt3zu_load_20nm,20.0,3,u,8,4,0.5,0.5813908233510947,0.6132289629864851,source_target_isolation_forest,1201
external_dual_three_phase_flt3zu_load_25nm,25.0,3,u,8,4,0.5,0.5785854220768898,0.615130734695015,source_target_isolation_forest,1201
external_dual_three_phase_flt3zu_load_30nm,30.0,3,u,8,4,0.5,0.5769566473241198,0.6159116214153313,source_target_isolation_forest,1201
external_dual_three_phase_flt3zu_load_35nm,35.0,3,u,8,4,0.5,0.5743083029606242,0.615299357694553,source_target_isolation_forest,1201
external_dual_three_phase_flt3zu_load_5nm,5.0,3,u,8,5,0.625,0.59141612396398,0.6181195285103688,source_target_isolation_forest,1201
external_dual_three_phase_flt4zv_load_0nm,0.0,4,v,8,5,0.625,0.5987349895974422,0.6308931713932199,source_target_isolation_forest,1201
external_dual_three_phase_flt4zv_load_10nm,10.0,4,v,8,5,0.625,0.5756348282050486,0.5955376333299784,source_target_isolation_forest,1201
external_dual_three_phase_flt4zv_load_15nm,15.0,4,v,8,5,0.625,0.5732051982869268,0.595164615144205,source_target_isolation_forest,1201
external_dual_three_phase_flt4zv_load_20nm,20.0,4,v,8,5,0.625,0.572049537717924,0.5959562654804296,source_target_isolation_forest,1201
external_dual_three_phase_flt4zv_load_25nm,25.0,4,v,8,5,0.625,0.5711772503513157,0.5974774170144979,source_target_isolation_forest,1201
external_dual_three_phase_flt4zv_load_30nm,30.0,4,v,8,4,0.5,0.5707771079109687,0.5996274834192256,source_target_isolation_forest,1201
external_dual_three_phase_flt4zv_load_35nm,35.0,4,v,8,4,0.5,0.5693950971673265,0.6036236225867481,source_target_isolation_forest,1201
external_dual_three_phase_flt4zv_load_5nm,5.0,4,v,8,5,0.625,0.5838145289267562,0.6102820498184119,source_target_isolation_forest,1201
external_dual_three_phase_flt5zu_load_0nm,0.0,5,u,8,5,0.625,0.607179099650692,0.6737940989045379,source_target_isolation_forest,1201
external_dual_three_phase_flt5zu_load_10nm,10.0,5,u,8,5,0.625,0.5843319939183664,0.6129656886785193,source_target_isolation_forest,1201
external_dual_three_phase_flt5zu_load_15nm,15.0,5,u,8,5,0.625,0.5798831138199196,0.6096656954953479,source_target_isolation_forest,1201
external_dual_three_phase_flt5zu_load_20nm,20.0,5,u,8,5,0.625,0.5795509332402377,0.6053540540345838,source_target_isolation_forest,1201
external_dual_three_phase_flt5zu_load_25nm,25.0,5,u,8,4,0.5,0.5761138054774712,0.6025140766506244,source_target_isolation_forest,1201
external_dual_three_phase_flt5zu_load_30nm,30.0,5,u,8,5,0.625,0.5755042205743806,0.6043749145456566,source_target_isolation_forest,1201
external_dual_three_phase_flt5zu_load_35nm,35.0,5,u,8,4,0.5,0.5754848241300107,0.6074033351974639,source_target_isolation_forest,1201
external_dual_three_phase_flt5zu_load_5nm,5.0,5,u,8,5,0.625,0.5934496987118715,0.619547039686505,source_target_isolation_forest,1201
external_dual_three_phase_flt6zu_load_0nm,0.0,6,u,8,6,0.75,0.6097354275421746,0.6823143999259913,source_target_isolation_forest,1201
external_dual_three_phase_flt6zu_load_10nm,10.0,6,u,8,5,0.625,0.584632450532631,0.6116625268556051,source_target_isolation_forest,1201
external_dual_three_phase_flt6zu_load_15nm,15.0,6,u,8,5,0.625,0.5823101278299746,0.6102702182214275,source_target_isolation_forest,1201
external_dual_three_phase_flt6zu_load_20nm,20.0,6,u,8,5,0.625,0.5796705866892353,0.6057566817838251,source_target_isolation_forest,1201
external_dual_three_phase_flt6zu_load_25nm,25.0,6,u,8,4,0.5,0.5771456639722136,0.6034754577885821,source_target_isolation_forest,1201
external_dual_three_phase_flt6zu_load_30nm,30.0,6,u,8,4,0.5,0.5759531108691975,0.6039033609135901,source_target_isolation_forest,1201
external_dual_three_phase_flt6zu_load_35nm,35.0,6,u,8,4,0.5,0.5752248131421698,0.6051057028970804,source_target_isolation_forest,1201
external_dual_three_phase_flt6zu_load_5nm,5.0,6,u,8,5,0.625,0.5956696680246242,0.6181609855064881,source_target_isolation_forest,1201
external_dual_three_phase_flt1zu_load_0nm,0.0,1,u,8,4,0.5,0.5691591222967971,0.6063456313574203,source_target_isolation_forest,2402
external_dual_three_phase_flt1zu_load_10nm,10.0,1,u,8,2,0.25,0.5651630837570646,0.6043101677984516,source_target_isolation_forest,2402
external_dual_three_phase_flt1zu_load_15nm,15.0,1,u,8,1,0.125,0.5636681938316873,0.5998502997384766,source_target_isolation_forest,2402
external_dual_three_phase_flt1zu_load_20nm,20.0,1,u,8,1,0.125,0.5615888647280141,0.5947157346999956,source_target_isolation_forest,2402
external_dual_three_phase_flt1zu_load_25nm,25.0,1,u,8,1,0.125,0.5598239275885681,0.5926522444158695,source_target_isolation_forest,2402
external_dual_three_phase_flt1zu_load_30nm,30.0,1,u,8,0,0.0,0.5573292247429901,0.5884992034322902,source_target_isolation_forest,2402
external_dual_three_phase_flt1zu_load_35nm,35.0,1,u,8,1,0.125,0.5575183891240957,0.590275680233083,source_target_isolation_forest,2402
external_dual_three_phase_flt1zu_load_5nm,5.0,1,u,8,3,0.375,0.5713334351785001,0.6061548047378669,source_target_isolation_forest,2402
external_dual_three_phase_flt2zv_load_0nm,0.0,2,v,8,5,0.625,0.5940160991093165,0.6257342274089386,source_target_isolation_forest,2402
external_dual_three_phase_flt2zv_load_10nm,10.0,2,v,8,4,0.5,0.5820026848821146,0.6128465517546415,source_target_isolation_forest,2402
external_dual_three_phase_flt2zv_load_15nm,15.0,2,v,8,4,0.5,0.5781391834378077,0.6136255366640402,source_target_isolation_forest,2402
external_dual_three_phase_flt2zv_load_20nm,20.0,2,v,8,3,0.375,0.576143036649039,0.6127278938274315,source_target_isolation_forest,2402
external_dual_three_phase_flt2zv_load_25nm,25.0,2,v,8,3,0.375,0.572960528414262,0.6130612178879413,source_target_isolation_forest,2402
external_dual_three_phase_flt2zv_load_30nm,30.0,2,v,8,2,0.25,0.5718116656458194,0.6128585210720022,source_target_isolation_forest,2402
external_dual_three_phase_flt2zv_load_35nm,35.0,2,v,8,2,0.25,0.5698323354194605,0.6114869098153081,source_target_isolation_forest,2402
external_dual_three_phase_flt2zv_load_5nm,5.0,2,v,8,5,0.625,0.5877666499719304,0.6162805118232959,source_target_isolation_forest,2402
external_dual_three_phase_flt3zu_load_0nm,0.0,3,u,8,5,0.625,0.5976741365585154,0.6216363622350757,source_target_isolation_forest,2402
external_dual_three_phase_flt3zu_load_10nm,10.0,3,u,8,5,0.625,0.5925843646672945,0.6147577295083982,source_target_isolation_forest,2402
external_dual_three_phase_flt3zu_load_15nm,15.0,3,u,8,4,0.5,0.589440515714217,0.6158135610809434,source_target_isolation_forest,2402
external_dual_three_phase_flt3zu_load_20nm,20.0,3,u,8,4,0.5,0.5868428439245761,0.6151101345467032,source_target_isolation_forest,2402
external_dual_three_phase_flt3zu_load_25nm,25.0,3,u,8,4,0.5,0.5842473910586612,0.6149140047265973,source_target_isolation_forest,2402
external_dual_three_phase_flt3zu_load_30nm,30.0,3,u,8,4,0.5,0.5823072202054963,0.6148297402563124,source_target_isolation_forest,2402
external_dual_three_phase_flt3zu_load_35nm,35.0,3,u,8,3,0.375,0.580388275458021,0.6140099999000009,source_target_isolation_forest,2402
external_dual_three_phase_flt3zu_load_5nm,5.0,3,u,8,5,0.625,0.5978802633446356,0.6181614310898027,source_target_isolation_forest,2402
external_dual_three_phase_flt4zv_load_0nm,0.0,4,v,8,5,0.625,0.595844328905455,0.6180608372553551,source_target_isolation_forest,2402
external_dual_three_phase_flt4zv_load_10nm,10.0,4,v,8,5,0.625,0.5885165141104449,0.6103561479655103,source_target_isolation_forest,2402
external_dual_three_phase_flt4zv_load_15nm,15.0,4,v,8,5,0.625,0.5866318038259288,0.6102370952270044,source_target_isolation_forest,2402
external_dual_three_phase_flt4zv_load_20nm,20.0,4,v,8,5,0.625,0.5848136513590282,0.6107615408396176,source_target_isolation_forest,2402
external_dual_three_phase_flt4zv_load_25nm,25.0,4,v,8,5,0.625,0.5832988350034111,0.6119690002768249,source_target_isolation_forest,2402
external_dual_three_phase_flt4zv_load_30nm,30.0,4,v,8,5,0.625,0.5821399225714232,0.6139602557617957,source_target_isolation_forest,2402
external_dual_three_phase_flt4zv_load_35nm,35.0,4,v,8,4,0.5,0.5798271382987882,0.6152521989162053,source_target_isolation_forest,2402
external_dual_three_phase_flt4zv_load_5nm,5.0,4,v,8,5,0.625,0.5956212765777814,0.6123993543255448,source_target_isolation_forest,2402
external_dual_three_phase_flt5zu_load_0nm,0.0,5,u,8,5,0.625,0.6052448859516033,0.670284820142739,source_target_isolation_forest,2402
external_dual_three_phase_flt5zu_load_10nm,10.0,5,u,8,5,0.625,0.591477980942451,0.6214074186467742,source_target_isolation_forest,2402
external_dual_three_phase_flt5zu_load_15nm,15.0,5,u,8,4,0.5,0.588047322587942,0.621695685164921,source_target_isolation_forest,2402
external_dual_three_phase_flt5zu_load_20nm,20.0,5,u,8,4,0.5,0.5848909615059554,0.6103509704298591,source_target_isolation_forest,2402
external_dual_three_phase_flt5zu_load_25nm,25.0,5,u,8,4,0.5,0.581495643213493,0.6056489462568804,source_target_isolation_forest,2402
external_dual_three_phase_flt5zu_load_30nm,30.0,5,u,8,4,0.5,0.5811270052901047,0.6053598744358274,source_target_isolation_forest,2402
external_dual_three_phase_flt5zu_load_35nm,35.0,5,u,8,4,0.5,0.57986263885541,0.6050653399397972,source_target_isolation_forest,2402
external_dual_three_phase_flt5zu_load_5nm,5.0,5,u,8,5,0.625,0.5981522732276178,0.6187798438118227,source_target_isolation_forest,2402
external_dual_three_phase_flt6zu_load_0nm,0.0,6,u,8,5,0.625,0.6065726506104637,0.6803698229093907,source_target_isolation_forest,2402
external_dual_three_phase_flt6zu_load_10nm,10.0,6,u,8,5,0.625,0.5922750989019977,0.6200668200572651,source_target_isolation_forest,2402
external_dual_three_phase_flt6zu_load_15nm,15.0,6,u,8,4,0.5,0.5893007738504459,0.62277135805095,source_target_isolation_forest,2402
external_dual_three_phase_flt6zu_load_20nm,20.0,6,u,8,4,0.5,0.5857931012112398,0.61262415115028,source_target_isolation_forest,2402
external_dual_three_phase_flt6zu_load_25nm,25.0,6,u,8,4,0.5,0.5826351429497164,0.6062246719247687,source_target_isolation_forest,2402
external_dual_three_phase_flt6zu_load_30nm,30.0,6,u,8,4,0.5,0.5824034908788271,0.6052943182491177,source_target_isolation_forest,2402
external_dual_three_phase_flt6zu_load_35nm,35.0,6,u,8,4,0.5,0.5810457540433729,0.604584436190059,source_target_isolation_forest,2402
external_dual_three_phase_flt6zu_load_5nm,5.0,6,u,8,5,0.625,0.5986416117834411,0.6169907022163007,source_target_isolation_forest,2402
external_dual_three_phase_flt1zu_load_0nm,0.0,1,u,8,4,0.5,0.5688027821213868,0.6093090809493389,source_target_isolation_forest,3603
external_dual_three_phase_flt1zu_load_10nm,10.0,1,u,8,2,0.25,0.5668611121498873,0.6080130915280734,source_target_isolation_forest,3603
external_dual_three_phase_flt1zu_load_15nm,15.0,1,u,8,1,0.125,0.5627298612181498,0.6061494365686348,source_target_isolation_forest,3603
external_dual_three_phase_flt1zu_load_20nm,20.0,1,u,8,2,0.25,0.5614768983502242,0.603944141656264,source_target_isolation_forest,3603
external_dual_three_phase_flt1zu_load_25nm,25.0,1,u,8,2,0.25,0.5582644523565355,0.598233390574484,source_target_isolation_forest,3603
external_dual_three_phase_flt1zu_load_30nm,30.0,1,u,8,1,0.125,0.5564998871801617,0.5952766353644755,source_target_isolation_forest,3603
external_dual_three_phase_flt1zu_load_35nm,35.0,1,u,8,1,0.125,0.5562286830617977,0.6010888915390468,source_target_isolation_forest,3603
external_dual_three_phase_flt1zu_load_5nm,5.0,1,u,8,3,0.375,0.5721560951763042,0.6119346546153632,source_target_isolation_forest,3603
external_dual_three_phase_flt2zv_load_0nm,0.0,2,v,8,5,0.625,0.5966039793519126,0.6358437408035902,source_target_isolation_forest,3603
external_dual_three_phase_flt2zv_load_10nm,10.0,2,v,8,4,0.5,0.5842551827642368,0.618536814933718,source_target_isolation_forest,3603
external_dual_three_phase_flt2zv_load_15nm,15.0,2,v,8,3,0.375,0.5794856632167497,0.6193902231830722,source_target_isolation_forest,3603
external_dual_three_phase_flt2zv_load_20nm,20.0,2,v,8,3,0.375,0.5762398551043909,0.6197753210707198,source_target_isolation_forest,3603
external_dual_three_phase_flt2zv_load_25nm,25.0,2,v,8,3,0.375,0.5734609363607167,0.6184985422102866,source_target_isolation_forest,3603
external_dual_three_phase_flt2zv_load_30nm,30.0,2,v,8,3,0.375,0.5708765471967763,0.616998592964469,source_target_isolation_forest,3603
external_dual_three_phase_flt2zv_load_35nm,35.0,2,v,8,2,0.25,0.5690408264048419,0.6132761847128078,source_target_isolation_forest,3603
external_dual_three_phase_flt2zv_load_5nm,5.0,2,v,8,5,0.625,0.5894442704766529,0.6178624557960676,source_target_isolation_forest,3603
external_dual_three_phase_flt3zu_load_0nm,0.0,3,u,8,5,0.625,0.5950921014127452,0.6192870914990574,source_target_isolation_forest,3603
external_dual_three_phase_flt3zu_load_10nm,10.0,3,u,8,5,0.625,0.5934068688384697,0.6175987410092121,source_target_isolation_forest,3603
external_dual_three_phase_flt3zu_load_15nm,15.0,3,u,8,4,0.5,0.5903032539142603,0.6189217977733772,source_target_isolation_forest,3603
external_dual_three_phase_flt3zu_load_20nm,20.0,3,u,8,4,0.5,0.5881424342749009,0.6202890775421819,source_target_isolation_forest,3603
external_dual_three_phase_flt3zu_load_25nm,25.0,3,u,8,5,0.625,0.5846391622967517,0.6208555757815867,source_target_isolation_forest,3603
external_dual_three_phase_flt3zu_load_30nm,30.0,3,u,8,5,0.625,0.5828160744623033,0.6220734788900404,source_target_isolation_forest,3603
external_dual_three_phase_flt3zu_load_35nm,35.0,3,u,8,4,0.5,0.5799958610236375,0.6210485476248501,source_target_isolation_forest,3603
external_dual_three_phase_flt3zu_load_5nm,5.0,3,u,8,5,0.625,0.5979246791596707,0.6170298404421907,source_target_isolation_forest,3603
external_dual_three_phase_flt4zv_load_0nm,0.0,4,v,8,5,0.625,0.6002624996469299,0.627143797477892,source_target_isolation_forest,3603
external_dual_three_phase_flt4zv_load_10nm,10.0,4,v,8,5,0.625,0.5914505201660953,0.615697620937617,source_target_isolation_forest,3603
external_dual_three_phase_flt4zv_load_15nm,15.0,4,v,8,5,0.625,0.5898047386989326,0.6177879510795784,source_target_isolation_forest,3603
external_dual_three_phase_flt4zv_load_20nm,20.0,4,v,8,5,0.625,0.5861331133101275,0.6191298836620291,source_target_isolation_forest,3603
external_dual_three_phase_flt4zv_load_25nm,25.0,4,v,8,5,0.625,0.584253981664407,0.6210765881292057,source_target_isolation_forest,3603
external_dual_three_phase_flt4zv_load_30nm,30.0,4,v,8,5,0.625,0.5833067756795975,0.6199950406448288,source_target_isolation_forest,3603
external_dual_three_phase_flt4zv_load_35nm,35.0,4,v,8,4,0.5,0.5808953465323154,0.6212308754895882,source_target_isolation_forest,3603
external_dual_three_phase_flt4zv_load_5nm,5.0,4,v,8,5,0.625,0.5953897901515104,0.6155325689362002,source_target_isolation_forest,3603
external_dual_three_phase_flt5zu_load_0nm,0.0,5,u,8,5,0.625,0.6049372446711306,0.6692678522677055,source_target_isolation_forest,3603
external_dual_three_phase_flt5zu_load_10nm,10.0,5,u,8,4,0.5,0.5908197068110812,0.6170815231378141,source_target_isolation_forest,3603
external_dual_three_phase_flt5zu_load_15nm,15.0,5,u,8,4,0.5,0.5885392850168322,0.6202486319673558,source_target_isolation_forest,3603
external_dual_three_phase_flt5zu_load_20nm,20.0,5,u,8,4,0.5,0.585835982938857,0.6126175151548828,source_target_isolation_forest,3603
external_dual_three_phase_flt5zu_load_25nm,25.0,5,u,8,5,0.625,0.5830363717611773,0.6118962293151314,source_target_isolation_forest,3603
external_dual_three_phase_flt5zu_load_30nm,30.0,5,u,8,5,0.625,0.5821723511919061,0.6117307123841714,source_target_isolation_forest,3603
external_dual_three_phase_flt5zu_load_35nm,35.0,5,u,8,5,0.625,0.581616958802505,0.6124147477364481,source_target_isolation_forest,3603
external_dual_three_phase_flt5zu_load_5nm,5.0,5,u,8,5,0.625,0.5967320048406937,0.6167687786376944,source_target_isolation_forest,3603
external_dual_three_phase_flt6zu_load_0nm,0.0,6,u,8,5,0.625,0.6073119297018019,0.6802603200277682,source_target_isolation_forest,3603
external_dual_three_phase_flt6zu_load_10nm,10.0,6,u,8,5,0.625,0.5915877148324207,0.6172768354664333,source_target_isolation_forest,3603
external_dual_three_phase_flt6zu_load_15nm,15.0,6,u,8,5,0.625,0.5901469429807005,0.6188206467453382,source_target_isolation_forest,3603
external_dual_three_phase_flt6zu_load_20nm,20.0,6,u,8,4,0.5,0.5864549431613986,0.6132311818990381,source_target_isolation_forest,3603
external_dual_three_phase_flt6zu_load_25nm,25.0,6,u,8,4,0.5,0.5842419565171809,0.6106899105267525,source_target_isolation_forest,3603
external_dual_three_phase_flt6zu_load_30nm,30.0,6,u,8,5,0.625,0.5834315074009356,0.6121569723608894,source_target_isolation_forest,3603
external_dual_three_phase_flt6zu_load_35nm,35.0,6,u,8,5,0.625,0.5821045951274428,0.6120781825824532,source_target_isolation_forest,3603
external_dual_three_phase_flt6zu_load_5nm,5.0,6,u,8,5,0.625,0.5980935444656552,0.6158417555296842,source_target_isolation_forest,3603
external_dual_three_phase_flt1zu_load_0nm,0.0,1,u,8,4,0.5,0.561950349843263,0.6043166934281975,source_target_isolation_forest,4804
external_dual_three_phase_flt1zu_load_10nm,10.0,1,u,8,2,0.25,0.563175003784492,0.6078990463929889,source_target_isolation_forest,4804
external_dual_three_phase_flt1zu_load_15nm,15.0,1,u,8,2,0.25,0.5609359033463129,0.6064391064016565,source_target_isolation_forest,4804
external_dual_three_phase_flt1zu_load_20nm,20.0,1,u,8,2,0.25,0.5590458316424279,0.6014117804350372,source_target_isolation_forest,4804
external_dual_three_phase_flt1zu_load_25nm,25.0,1,u,8,1,0.125,0.5555567669126856,0.5902839800652374,source_target_isolation_forest,4804
external_dual_three_phase_flt1zu_load_30nm,30.0,1,u,8,1,0.125,0.5554244648328904,0.58213827122431,source_target_isolation_forest,4804
external_dual_three_phase_flt1zu_load_35nm,35.0,1,u,8,1,0.125,0.5553821935827903,0.5824188299969016,source_target_isolation_forest,4804
external_dual_three_phase_flt1zu_load_5nm,5.0,1,u,8,3,0.375,0.5659636471777522,0.607945184870134,source_target_isolation_forest,4804
external_dual_three_phase_flt2zv_load_0nm,0.0,2,v,8,5,0.625,0.5994947432574121,0.6345900330946357,source_target_isolation_forest,4804
external_dual_three_phase_flt2zv_load_10nm,10.0,2,v,8,5,0.625,0.58240478030305,0.6176811780146434,source_target_isolation_forest,4804
external_dual_three_phase_flt2zv_load_15nm,15.0,2,v,8,4,0.5,0.5778358096127083,0.6184764669341508,source_target_isolation_forest,4804
external_dual_three_phase_flt2zv_load_20nm,20.0,2,v,8,4,0.5,0.5756978497243712,0.6192496832845222,source_target_isolation_forest,4804
external_dual_three_phase_flt2zv_load_25nm,25.0,2,v,8,3,0.375,0.5729794312066103,0.6198091050741275,source_target_isolation_forest,4804
external_dual_three_phase_flt2zv_load_30nm,30.0,2,v,8,4,0.5,0.5721425636170537,0.6185582852281142,source_target_isolation_forest,4804
external_dual_three_phase_flt2zv_load_35nm,35.0,2,v,8,4,0.5,0.5695146767179883,0.6175338881710961,source_target_isolation_forest,4804
external_dual_three_phase_flt2zv_load_5nm,5.0,2,v,8,5,0.625,0.5866943261126119,0.6201106636593724,source_target_isolation_forest,4804
external_dual_three_phase_flt3zu_load_0nm,0.0,3,u,8,6,0.75,0.5944233536536875,0.6253237327972612,source_target_isolation_forest,4804
external_dual_three_phase_flt3zu_load_10nm,10.0,3,u,8,5,0.625,0.5879879212174096,0.6156285675186153,source_target_isolation_forest,4804
external_dual_three_phase_flt3zu_load_15nm,15.0,3,u,8,5,0.625,0.5839788678947513,0.6159091501005004,source_target_isolation_forest,4804
external_dual_three_phase_flt3zu_load_20nm,20.0,3,u,8,4,0.5,0.5813072417824785,0.6165798234078753,source_target_isolation_forest,4804
external_dual_three_phase_flt3zu_load_25nm,25.0,3,u,8,4,0.5,0.5798924898430557,0.618214155014613,source_target_isolation_forest,4804
external_dual_three_phase_flt3zu_load_30nm,30.0,3,u,8,4,0.5,0.577619218570164,0.6195941006417114,source_target_isolation_forest,4804
external_dual_three_phase_flt3zu_load_35nm,35.0,3,u,8,4,0.5,0.5766805199624763,0.618381371096821,source_target_isolation_forest,4804
external_dual_three_phase_flt3zu_load_5nm,5.0,3,u,8,5,0.625,0.5912415737687335,0.613618637267394,source_target_isolation_forest,4804
external_dual_three_phase_flt4zv_load_0nm,0.0,4,v,8,6,0.75,0.5994474215478853,0.6218592567312816,source_target_isolation_forest,4804
external_dual_three_phase_flt4zv_load_10nm,10.0,4,v,8,5,0.625,0.5871720909256688,0.614722392208331,source_target_isolation_forest,4804
external_dual_three_phase_flt4zv_load_15nm,15.0,4,v,8,5,0.625,0.5857059235246757,0.6163866603518245,source_target_isolation_forest,4804
external_dual_three_phase_flt4zv_load_20nm,20.0,4,v,8,5,0.625,0.5845498960310735,0.6160878887170832,source_target_isolation_forest,4804
external_dual_three_phase_flt4zv_load_25nm,25.0,4,v,8,4,0.5,0.5825360373960722,0.6188686733924647,source_target_isolation_forest,4804
external_dual_three_phase_flt4zv_load_30nm,30.0,4,v,8,5,0.625,0.5824630773225044,0.6199819613339117,source_target_isolation_forest,4804
external_dual_three_phase_flt4zv_load_35nm,35.0,4,v,8,5,0.625,0.5808124148100248,0.6215416347212217,source_target_isolation_forest,4804
external_dual_three_phase_flt4zv_load_5nm,5.0,4,v,8,6,0.75,0.5910228253292636,0.6149857242609156,source_target_isolation_forest,4804
external_dual_three_phase_flt5zu_load_0nm,0.0,5,u,8,5,0.625,0.6027141835022092,0.6658154216002005,source_target_isolation_forest,4804
external_dual_three_phase_flt5zu_load_10nm,10.0,5,u,8,5,0.625,0.5886741289379398,0.6183262580032695,source_target_isolation_forest,4804
external_dual_three_phase_flt5zu_load_15nm,15.0,5,u,8,5,0.625,0.5854158551475445,0.6208861603260062,source_target_isolation_forest,4804
external_dual_three_phase_flt5zu_load_20nm,20.0,5,u,8,4,0.5,0.582375552301226,0.6116554201380952,source_target_isolation_forest,4804
external_dual_three_phase_flt5zu_load_25nm,25.0,5,u,8,4,0.5,0.5786063533405931,0.6097641311982088,source_target_isolation_forest,4804
external_dual_three_phase_flt5zu_load_30nm,30.0,5,u,8,5,0.625,0.5785898148144316,0.6097254291699501,source_target_isolation_forest,4804
external_dual_three_phase_flt5zu_load_35nm,35.0,5,u,8,5,0.625,0.5773047991904982,0.6099559020070876,source_target_isolation_forest,4804
external_dual_three_phase_flt5zu_load_5nm,5.0,5,u,8,5,0.625,0.5933451995120229,0.6183741175431194,source_target_isolation_forest,4804
external_dual_three_phase_flt6zu_load_0nm,0.0,6,u,8,5,0.625,0.6069237867275347,0.6859888657879104,source_target_isolation_forest,4804
external_dual_three_phase_flt6zu_load_10nm,10.0,6,u,8,5,0.625,0.589108992823021,0.6188115323539423,source_target_isolation_forest,4804
external_dual_three_phase_flt6zu_load_15nm,15.0,6,u,8,5,0.625,0.586304169284056,0.6194759471443285,source_target_isolation_forest,4804
external_dual_three_phase_flt6zu_load_20nm,20.0,6,u,8,5,0.625,0.582673274156045,0.6130818184263014,source_target_isolation_forest,4804
external_dual_three_phase_flt6zu_load_25nm,25.0,6,u,8,5,0.625,0.5799025679880069,0.6098101777386107,source_target_isolation_forest,4804
external_dual_three_phase_flt6zu_load_30nm,30.0,6,u,8,5,0.625,0.5792168014684949,0.6096932028747936,source_target_isolation_forest,4804
external_dual_three_phase_flt6zu_load_35nm,35.0,6,u,8,5,0.625,0.578055718201794,0.6102240922351072,source_target_isolation_forest,4804
external_dual_three_phase_flt6zu_load_5nm,5.0,6,u,8,5,0.625,0.5955187537115402,0.619414504868892,source_target_isolation_forest,4804
external_dual_three_phase_flt1zu_load_0nm,0.0,1,u,8,8,1.0,5736.192297757172,9181.117329713903,target_min_cov_det,20260820
external_dual_three_phase_flt1zu_load_10nm,10.0,1,u,8,3,0.375,1343.1694857341497,2820.0099884431625,target_min_cov_det,20260820
external_dual_three_phase_flt1zu_load_15nm,15.0,1,u,8,2,0.25,1047.0109847368499,2161.650795827833,target_min_cov_det,20260820
external_dual_three_phase_flt1zu_load_20nm,20.0,1,u,8,2,0.25,903.033550493102,1845.814049346347,target_min_cov_det,20260820
external_dual_three_phase_flt1zu_load_25nm,25.0,1,u,8,1,0.125,834.5838876946764,1707.1761293471816,target_min_cov_det,20260820
external_dual_three_phase_flt1zu_load_30nm,30.0,1,u,8,1,0.125,782.8728839287078,1652.891932813578,target_min_cov_det,20260820
external_dual_three_phase_flt1zu_load_35nm,35.0,1,u,8,1,0.125,731.9992563767132,1585.4347762526,target_min_cov_det,20260820
external_dual_three_phase_flt1zu_load_5nm,5.0,1,u,8,6,0.75,2388.5930566051156,4842.275375450415,target_min_cov_det,20260820
external_dual_three_phase_flt2zv_load_0nm,0.0,2,v,8,6,0.75,12388.44774849158,30605.981306009246,target_min_cov_det,20260820
external_dual_three_phase_flt2zv_load_10nm,10.0,2,v,8,4,0.5,2174.1632211136452,6705.96171996631,target_min_cov_det,20260820
external_dual_three_phase_flt2zv_load_15nm,15.0,2,v,8,3,0.375,1480.143092679055,4392.601783288138,target_min_cov_det,20260820
external_dual_three_phase_flt2zv_load_20nm,20.0,2,v,8,2,0.25,1119.6541145506058,3245.575547193026,target_min_cov_det,20260820
external_dual_three_phase_flt2zv_load_25nm,25.0,2,v,8,2,0.25,915.4437928155726,2589.908075498833,target_min_cov_det,20260820
external_dual_three_phase_flt2zv_load_30nm,30.0,2,v,8,1,0.125,793.6223094009495,2168.8980828828053,target_min_cov_det,20260820
external_dual_three_phase_flt2zv_load_35nm,35.0,2,v,8,1,0.125,712.1354960786242,1852.1363890749114,target_min_cov_det,20260820
external_dual_three_phase_flt2zv_load_5nm,5.0,2,v,8,5,0.625,3974.9692556556483,13235.705511755152,target_min_cov_det,20260820
external_dual_three_phase_flt3zu_load_0nm,0.0,3,u,8,8,1.0,38120.876656675675,65177.08361986069,target_min_cov_det,20260820
external_dual_three_phase_flt3zu_load_10nm,10.0,3,u,8,8,1.0,9769.656328313506,20874.75788299549,target_min_cov_det,20260820
external_dual_three_phase_flt3zu_load_15nm,15.0,3,u,8,8,1.0,7241.803055431848,16061.882863596562,target_min_cov_det,20260820
external_dual_three_phase_flt3zu_load_20nm,20.0,3,u,8,7,0.875,5944.130586580341,13577.427316024408,target_min_cov_det,20260820
external_dual_three_phase_flt3zu_load_25nm,25.0,3,u,8,7,0.875,5148.606259940367,12407.163855030025,target_min_cov_det,20260820
external_dual_three_phase_flt3zu_load_30nm,30.0,3,u,8,7,0.875,4679.562034417884,11499.224077024435,target_min_cov_det,20260820
external_dual_three_phase_flt3zu_load_35nm,35.0,3,u,8,7,0.875,4307.8442152848775,10908.348669138053,target_min_cov_det,20260820
external_dual_three_phase_flt3zu_load_5nm,5.0,3,u,8,8,1.0,15622.555104077665,29286.990872763803,target_min_cov_det,20260820
external_dual_three_phase_flt4zv_load_0nm,0.0,4,v,8,7,0.875,15244.465645959626,32457.831890080637,target_min_cov_det,20260820
external_dual_three_phase_flt4zv_load_10nm,10.0,4,v,8,5,0.625,3708.219178580924,10830.07386563513,target_min_cov_det,20260820
external_dual_three_phase_flt4zv_load_15nm,15.0,4,v,8,4,0.5,2534.423381220167,7261.389826601538,target_min_cov_det,20260820
external_dual_three_phase_flt4zv_load_20nm,20.0,4,v,8,4,0.5,1977.094551770766,5503.5870080459235,target_min_cov_det,20260820
external_dual_three_phase_flt4zv_load_25nm,25.0,4,v,8,3,0.375,1620.6830306896782,4559.411490244294,target_min_cov_det,20260820
external_dual_three_phase_flt4zv_load_30nm,30.0,4,v,8,3,0.375,1408.3315243757465,3938.498915059792,target_min_cov_det,20260820
external_dual_three_phase_flt4zv_load_35nm,35.0,4,v,8,3,0.375,1244.4817686417819,3429.36781694992,target_min_cov_det,20260820
external_dual_three_phase_flt4zv_load_5nm,5.0,4,v,8,6,0.75,6849.338096833966,21717.191713904693,target_min_cov_det,20260820
external_dual_three_phase_flt5zu_load_0nm,0.0,5,u,8,8,1.0,24242.98046535006,125504.57199337891,target_min_cov_det,20260820
external_dual_three_phase_flt5zu_load_10nm,10.0,5,u,8,8,1.0,2373.00776453912,4290.674851822448,target_min_cov_det,20260820
external_dual_three_phase_flt5zu_load_15nm,15.0,5,u,8,8,1.0,2101.778399169063,3339.0827382882094,target_min_cov_det,20260820
external_dual_three_phase_flt5zu_load_20nm,20.0,5,u,8,8,1.0,1977.255721417116,3367.0222969771226,target_min_cov_det,20260820
external_dual_three_phase_flt5zu_load_25nm,25.0,5,u,8,8,1.0,2046.3638905489527,3719.490160485395,target_min_cov_det,20260820
external_dual_three_phase_flt5zu_load_30nm,30.0,5,u,8,8,1.0,2156.320141475994,4243.075090265327,target_min_cov_det,20260820
external_dual_three_phase_flt5zu_load_35nm,35.0,5,u,8,7,0.875,2177.142222227534,4421.7127939528,target_min_cov_det,20260820
external_dual_three_phase_flt5zu_load_5nm,5.0,5,u,8,8,1.0,3951.499738031966,10389.907396527751,target_min_cov_det,20260820
external_dual_three_phase_flt6zu_load_0nm,0.0,6,u,8,8,1.0,16820.865169247565,64911.71589479004,target_min_cov_det,20260820
external_dual_three_phase_flt6zu_load_10nm,10.0,6,u,8,8,1.0,2380.288523938827,4573.891918031798,target_min_cov_det,20260820
external_dual_three_phase_flt6zu_load_15nm,15.0,6,u,8,8,1.0,2063.0574394694354,3408.780184908124,target_min_cov_det,20260820
external_dual_three_phase_flt6zu_load_20nm,20.0,6,u,8,8,1.0,1986.0787379033713,3351.376170741508,target_min_cov_det,20260820
external_dual_three_phase_flt6zu_load_25nm,25.0,6,u,8,8,1.0,2054.2443458558005,3689.1246750157447,target_min_cov_det,20260820
external_dual_three_phase_flt6zu_load_30nm,30.0,6,u,8,8,1.0,2131.2420483071264,4240.511145284748,target_min_cov_det,20260820
external_dual_three_phase_flt6zu_load_35nm,35.0,6,u,8,7,0.875,2166.6384869823205,4324.529682381356,target_min_cov_det,20260820
external_dual_three_phase_flt6zu_load_5nm,5.0,6,u,8,8,1.0,4139.966801062783,11610.267436395125,target_min_cov_det,20260820
external_dual_three_phase_flt1zu_load_0nm,0.0,1,u,8,8,1.0,6260.663610648985,9887.399382955939,target_min_cov_det,1201
external_dual_three_phase_flt1zu_load_10nm,10.0,1,u,8,4,0.5,1443.470865266434,3308.155938917945,target_min_cov_det,1201
external_dual_three_phase_flt1zu_load_15nm,15.0,1,u,8,3,0.375,1119.325154926015,2611.3133418289267,target_min_cov_det,1201
external_dual_three_phase_flt1zu_load_20nm,20.0,1,u,8,3,0.375,944.1627552252361,2206.9577699412343,target_min_cov_det,1201
external_dual_three_phase_flt1zu_load_25nm,25.0,1,u,8,2,0.25,864.5489389619154,2019.939381310884,target_min_cov_det,1201
external_dual_three_phase_flt1zu_load_30nm,30.0,1,u,8,2,0.25,796.1418442000387,1933.9977609559394,target_min_cov_det,1201
external_dual_three_phase_flt1zu_load_35nm,35.0,1,u,8,2,0.25,748.9649457479313,1839.556164573798,target_min_cov_det,1201
external_dual_three_phase_flt1zu_load_5nm,5.0,1,u,8,8,1.0,2617.340480441404,5620.138242938983,target_min_cov_det,1201
external_dual_three_phase_flt2zv_load_0nm,0.0,2,v,8,6,0.75,10056.302623756064,21231.426511751535,target_min_cov_det,1201
external_dual_three_phase_flt2zv_load_10nm,10.0,2,v,8,4,0.5,2195.0001591815244,6765.649148345205,target_min_cov_det,1201
external_dual_three_phase_flt2zv_load_15nm,15.0,2,v,8,4,0.5,1612.160892607328,5086.23190283195,target_min_cov_det,1201
external_dual_three_phase_flt2zv_load_20nm,20.0,2,v,8,3,0.375,1287.8748404247517,4157.036135637746,target_min_cov_det,1201
external_dual_three_phase_flt2zv_load_25nm,25.0,2,v,8,3,0.375,1098.3806773957076,3603.2960379951846,target_min_cov_det,1201
external_dual_three_phase_flt2zv_load_30nm,30.0,2,v,8,3,0.375,973.920247291066,3179.4753393517467,target_min_cov_det,1201
external_dual_three_phase_flt2zv_load_35nm,35.0,2,v,8,2,0.25,876.9709238822253,2882.498260783327,target_min_cov_det,1201
external_dual_three_phase_flt2zv_load_5nm,5.0,2,v,8,5,0.625,3656.42130900482,11087.871833941063,target_min_cov_det,1201
external_dual_three_phase_flt3zu_load_0nm,0.0,3,u,8,8,1.0,39740.54132629306,67959.11774125912,target_min_cov_det,1201
external_dual_three_phase_flt3zu_load_10nm,10.0,3,u,8,8,1.0,10478.220723395743,22664.28589819559,target_min_cov_det,1201
external_dual_three_phase_flt3zu_load_15nm,15.0,3,u,8,8,1.0,7784.996745917094,17616.77693683012,target_min_cov_det,1201
external_dual_three_phase_flt3zu_load_20nm,20.0,3,u,8,8,1.0,6395.70872702006,15043.01224890427,target_min_cov_det,1201
external_dual_three_phase_flt3zu_load_25nm,25.0,3,u,8,8,1.0,5553.115292653758,13786.73959783644,target_min_cov_det,1201
external_dual_three_phase_flt3zu_load_30nm,30.0,3,u,8,8,1.0,5047.2666203580675,12809.547539065885,target_min_cov_det,1201
external_dual_three_phase_flt3zu_load_35nm,35.0,3,u,8,7,0.875,4637.52795492939,12178.30807582314,target_min_cov_det,1201
external_dual_three_phase_flt3zu_load_5nm,5.0,3,u,8,8,1.0,16544.31712678071,30831.784452437056,target_min_cov_det,1201
external_dual_three_phase_flt4zv_load_0nm,0.0,4,v,8,7,0.875,10445.398914441266,20372.142114242644,target_min_cov_det,1201
external_dual_three_phase_flt4zv_load_10nm,10.0,4,v,8,5,0.625,3152.8947805926423,8744.63001650084,target_min_cov_det,1201
external_dual_three_phase_flt4zv_load_15nm,15.0,4,v,8,5,0.625,2391.8356349239425,6897.357542043011,target_min_cov_det,1201
external_dual_three_phase_flt4zv_load_20nm,20.0,4,v,8,4,0.5,1995.8245189753839,5875.165525686212,target_min_cov_det,1201
external_dual_three_phase_flt4zv_load_25nm,25.0,4,v,8,4,0.5,1726.6075170301951,5314.496881616134,target_min_cov_det,1201
external_dual_three_phase_flt4zv_load_30nm,30.0,4,v,8,4,0.5,1565.936849799431,4914.405995471008,target_min_cov_det,1201
external_dual_three_phase_flt4zv_load_35nm,35.0,4,v,8,4,0.5,1438.9385504132777,4543.3505178332,target_min_cov_det,1201
external_dual_three_phase_flt4zv_load_5nm,5.0,4,v,8,7,0.875,5196.226368521779,14954.805912417145,target_min_cov_det,1201
external_dual_three_phase_flt5zu_load_0nm,0.0,5,u,8,8,1.0,17318.25570885101,83343.30164765382,target_min_cov_det,1201
external_dual_three_phase_flt5zu_load_10nm,10.0,5,u,8,8,1.0,2609.6314353794282,5596.424121348573,target_min_cov_det,1201
external_dual_three_phase_flt5zu_load_15nm,15.0,5,u,8,8,1.0,2257.0069189018186,4370.325389397599,target_min_cov_det,1201
external_dual_three_phase_flt5zu_load_20nm,20.0,5,u,8,8,1.0,2096.419506068208,4052.639574748745,target_min_cov_det,1201
external_dual_three_phase_flt5zu_load_25nm,25.0,5,u,8,8,1.0,2189.4504523307387,4395.942099118371,target_min_cov_det,1201
external_dual_three_phase_flt5zu_load_30nm,30.0,5,u,8,8,1.0,2278.738706028743,4928.71355057152,target_min_cov_det,1201
external_dual_three_phase_flt5zu_load_35nm,35.0,5,u,8,8,1.0,2313.091702338501,5144.672111381991,target_min_cov_det,1201
external_dual_three_phase_flt5zu_load_5nm,5.0,5,u,8,8,1.0,4395.319648979417,12213.501346959965,target_min_cov_det,1201
external_dual_three_phase_flt6zu_load_0nm,0.0,6,u,8,8,1.0,11981.850418161357,39787.11822062853,target_min_cov_det,1201
external_dual_three_phase_flt6zu_load_10nm,10.0,6,u,8,8,1.0,2600.9192627701063,5825.996390288993,target_min_cov_det,1201
external_dual_three_phase_flt6zu_load_15nm,15.0,6,u,8,8,1.0,2231.639819856398,4462.700684989971,target_min_cov_det,1201
external_dual_three_phase_flt6zu_load_20nm,20.0,6,u,8,8,1.0,2092.433033908994,4062.194663005888,target_min_cov_det,1201
external_dual_three_phase_flt6zu_load_25nm,25.0,6,u,8,8,1.0,2162.2177544675014,4379.821672563651,target_min_cov_det,1201
external_dual_three_phase_flt6zu_load_30nm,30.0,6,u,8,8,1.0,2273.2156949276296,4937.361582026422,target_min_cov_det,1201
external_dual_three_phase_flt6zu_load_35nm,35.0,6,u,8,8,1.0,2305.8289486713843,5048.385029937825,target_min_cov_det,1201
external_dual_three_phase_flt6zu_load_5nm,5.0,6,u,8,8,1.0,4576.5868324272615,13381.91649267796,target_min_cov_det,1201
external_dual_three_phase_flt1zu_load_0nm,0.0,1,u,8,8,1.0,5341.528014546172,8809.432138208476,target_min_cov_det,2402
external_dual_three_phase_flt1zu_load_10nm,10.0,1,u,8,3,0.375,1355.5324689920524,3229.2186064657785,target_min_cov_det,2402
external_dual_three_phase_flt1zu_load_15nm,15.0,1,u,8,2,0.25,1066.0719626526807,2540.8840567688826,target_min_cov_det,2402
external_dual_three_phase_flt1zu_load_20nm,20.0,1,u,8,2,0.25,916.106683148249,2139.596262703254,target_min_cov_det,2402
external_dual_three_phase_flt1zu_load_25nm,25.0,1,u,8,1,0.125,840.0281475042923,1951.675593183574,target_min_cov_det,2402
external_dual_three_phase_flt1zu_load_30nm,30.0,1,u,8,1,0.125,782.9214062314347,1855.6297663661676,target_min_cov_det,2402
external_dual_three_phase_flt1zu_load_35nm,35.0,1,u,8,1,0.125,733.3678950257363,1755.5737515054273,target_min_cov_det,2402
external_dual_three_phase_flt1zu_load_5nm,5.0,1,u,8,4,0.5,2381.277504081485,5556.149766860585,target_min_cov_det,2402
external_dual_three_phase_flt2zv_load_0nm,0.0,2,v,8,6,0.75,13563.322660466381,29841.312352313664,target_min_cov_det,2402
external_dual_three_phase_flt2zv_load_10nm,10.0,2,v,8,4,0.5,3122.650876015457,9810.457199281853,target_min_cov_det,2402
external_dual_three_phase_flt2zv_load_15nm,15.0,2,v,8,4,0.5,2257.5112090108905,7167.852541675697,target_min_cov_det,2402
external_dual_three_phase_flt2zv_load_20nm,20.0,2,v,8,3,0.375,1773.2639521183826,5714.880501724141,target_min_cov_det,2402
external_dual_three_phase_flt2zv_load_25nm,25.0,2,v,8,3,0.375,1481.0347875411126,4805.442809577627,target_min_cov_det,2402
external_dual_three_phase_flt2zv_load_30nm,30.0,2,v,8,3,0.375,1285.3977000517189,4134.885870486899,target_min_cov_det,2402
external_dual_three_phase_flt2zv_load_35nm,35.0,2,v,8,2,0.25,1148.3610101070867,3622.3853214278747,target_min_cov_det,2402
external_dual_three_phase_flt2zv_load_5nm,5.0,2,v,8,5,0.625,5214.476080885985,16636.105034560325,target_min_cov_det,2402
external_dual_three_phase_flt3zu_load_0nm,0.0,3,u,8,8,1.0,33269.751031643464,57379.389198110286,target_min_cov_det,2402
external_dual_three_phase_flt3zu_load_10nm,10.0,3,u,8,8,1.0,8961.998351470796,19952.353566991107,target_min_cov_det,2402
external_dual_three_phase_flt3zu_load_15nm,15.0,3,u,8,8,1.0,6681.366383460101,15591.627111400603,target_min_cov_det,2402
external_dual_three_phase_flt3zu_load_20nm,20.0,3,u,8,7,0.875,5526.703493796333,13315.586811505738,target_min_cov_det,2402
external_dual_three_phase_flt3zu_load_25nm,25.0,3,u,8,6,0.75,4780.858523256165,12152.558397527937,target_min_cov_det,2402
external_dual_three_phase_flt3zu_load_30nm,30.0,3,u,8,6,0.75,4340.404309622098,11244.576053417,target_min_cov_det,2402
external_dual_three_phase_flt3zu_load_35nm,35.0,3,u,8,6,0.75,3984.950923203198,10616.636359220925,target_min_cov_det,2402
external_dual_three_phase_flt3zu_load_5nm,5.0,3,u,8,8,1.0,14174.048453374176,27078.659541567198,target_min_cov_det,2402
external_dual_three_phase_flt4zv_load_0nm,0.0,4,v,8,7,0.875,14494.94937783164,27642.35457326255,target_min_cov_det,2402
external_dual_three_phase_flt4zv_load_10nm,10.0,4,v,8,6,0.75,4688.9821938501345,13256.236143372338,target_min_cov_det,2402
external_dual_three_phase_flt4zv_load_15nm,15.0,4,v,8,5,0.625,3499.3227854958695,10243.241835794965,target_min_cov_det,2402
external_dual_three_phase_flt4zv_load_20nm,20.0,4,v,8,4,0.5,2889.1581618441837,8508.045360388278,target_min_cov_det,2402
external_dual_three_phase_flt4zv_load_25nm,25.0,4,v,8,4,0.5,2450.9411014349525,7513.899669093451,target_min_cov_det,2402
external_dual_three_phase_flt4zv_load_30nm,30.0,4,v,8,4,0.5,2188.054057510368,6775.801002693463,target_min_cov_det,2402
external_dual_three_phase_flt4zv_load_35nm,35.0,4,v,8,4,0.5,1970.7488727474317,6093.16765010767,target_min_cov_det,2402
external_dual_three_phase_flt4zv_load_5nm,5.0,4,v,8,6,0.75,7534.885377947136,21546.26370752834,target_min_cov_det,2402
external_dual_three_phase_flt5zu_load_0nm,0.0,5,u,8,8,1.0,19011.242511171025,92873.84751354066,target_min_cov_det,2402
external_dual_three_phase_flt5zu_load_10nm,10.0,5,u,8,8,1.0,2695.0861591564126,6218.008769400908,target_min_cov_det,2402
external_dual_three_phase_flt5zu_load_15nm,15.0,5,u,8,8,1.0,2276.102239408948,4693.015930938284,target_min_cov_det,2402
external_dual_three_phase_flt5zu_load_20nm,20.0,5,u,8,7,0.875,2045.943559441503,4203.795163029769,target_min_cov_det,2402
external_dual_three_phase_flt5zu_load_25nm,25.0,5,u,8,6,0.75,2044.3300065317899,4256.605847447287,target_min_cov_det,2402
external_dual_three_phase_flt5zu_load_30nm,30.0,5,u,8,6,0.75,2118.3893454962645,4659.854498285594,target_min_cov_det,2402
external_dual_three_phase_flt5zu_load_35nm,35.0,5,u,8,6,0.75,2129.6736666082593,4848.28179332248,target_min_cov_det,2402
external_dual_three_phase_flt5zu_load_5nm,5.0,5,u,8,8,1.0,4757.939429752039,14352.124854509435,target_min_cov_det,2402
external_dual_three_phase_flt6zu_load_0nm,0.0,6,u,8,8,1.0,14502.139077209438,55682.12164719291,target_min_cov_det,2402
external_dual_three_phase_flt6zu_load_10nm,10.0,6,u,8,8,1.0,2771.739108895911,6742.52375772908,target_min_cov_det,2402
external_dual_three_phase_flt6zu_load_15nm,15.0,6,u,8,8,1.0,2285.4879580208867,4871.893914494791,target_min_cov_det,2402
external_dual_three_phase_flt6zu_load_20nm,20.0,6,u,8,7,0.875,2080.8757769278154,4304.663412766626,target_min_cov_det,2402
external_dual_three_phase_flt6zu_load_25nm,25.0,6,u,8,7,0.875,2068.65571686036,4286.345340398479,target_min_cov_det,2402
external_dual_three_phase_flt6zu_load_30nm,30.0,6,u,8,5,0.625,2102.097534158006,4665.533734389414,target_min_cov_det,2402
external_dual_three_phase_flt6zu_load_35nm,35.0,6,u,8,5,0.625,2139.43578065687,4805.830549606221,target_min_cov_det,2402
external_dual_three_phase_flt6zu_load_5nm,5.0,6,u,8,8,1.0,5074.3906295373135,15932.623992534012,target_min_cov_det,2402
external_dual_three_phase_flt1zu_load_0nm,0.0,1,u,8,8,1.0,6805.255997355136,10701.40590616489,target_min_cov_det,3603
external_dual_three_phase_flt1zu_load_10nm,10.0,1,u,8,4,0.5,1491.4112747317893,3171.502946612155,target_min_cov_det,3603
external_dual_three_phase_flt1zu_load_15nm,15.0,1,u,8,3,0.375,1150.3847944952745,2460.680275851467,target_min_cov_det,3603
external_dual_three_phase_flt1zu_load_20nm,20.0,1,u,8,3,0.375,978.0196651887967,2181.389649403256,target_min_cov_det,3603
external_dual_three_phase_flt1zu_load_25nm,25.0,1,u,8,2,0.25,916.4996843711167,2081.635166847951,target_min_cov_det,3603
external_dual_three_phase_flt1zu_load_30nm,30.0,1,u,8,2,0.25,845.183019675929,2006.2870591464107,target_min_cov_det,3603
external_dual_three_phase_flt1zu_load_35nm,35.0,1,u,8,2,0.25,786.6455282464387,1863.8445544515878,target_min_cov_det,3603
external_dual_three_phase_flt1zu_load_5nm,5.0,1,u,8,8,1.0,2710.2364170067904,5260.759716068118,target_min_cov_det,3603
external_dual_three_phase_flt2zv_load_0nm,0.0,2,v,8,7,0.875,13757.171534364854,30312.785213587584,target_min_cov_det,3603
external_dual_three_phase_flt2zv_load_10nm,10.0,2,v,8,5,0.625,3054.9386994596925,9564.529231476816,target_min_cov_det,3603
external_dual_three_phase_flt2zv_load_15nm,15.0,2,v,8,4,0.5,2183.520908807739,7001.394849682989,target_min_cov_det,3603
external_dual_three_phase_flt2zv_load_20nm,20.0,2,v,8,3,0.375,1706.0028645153939,5578.055291696514,target_min_cov_det,3603
external_dual_three_phase_flt2zv_load_25nm,25.0,2,v,8,3,0.375,1411.4590137455502,4688.459496447496,target_min_cov_det,3603
external_dual_three_phase_flt2zv_load_30nm,30.0,2,v,8,3,0.375,1208.822725255492,4017.5963382248997,target_min_cov_det,3603
external_dual_three_phase_flt2zv_load_35nm,35.0,2,v,8,2,0.25,1067.1953096080756,3504.129956068739,target_min_cov_det,3603
external_dual_three_phase_flt2zv_load_5nm,5.0,2,v,8,5,0.625,5199.135845194424,16409.359648342397,target_min_cov_det,3603
external_dual_three_phase_flt3zu_load_0nm,0.0,3,u,8,8,1.0,43092.760223836114,74181.53548812483,target_min_cov_det,3603
external_dual_three_phase_flt3zu_load_10nm,10.0,3,u,8,8,1.0,11311.574147590625,23621.116984928303,target_min_cov_det,3603
external_dual_three_phase_flt3zu_load_15nm,15.0,3,u,8,8,1.0,8407.971181251973,18448.821650906928,target_min_cov_det,3603
external_dual_three_phase_flt3zu_load_20nm,20.0,3,u,8,8,1.0,6909.208009888783,15760.144126949821,target_min_cov_det,3603
external_dual_three_phase_flt3zu_load_25nm,25.0,3,u,8,8,1.0,6004.136410413073,14554.34470360317,target_min_cov_det,3603
external_dual_three_phase_flt3zu_load_30nm,30.0,3,u,8,8,1.0,5457.832725730175,13540.944496752061,target_min_cov_det,3603
external_dual_three_phase_flt3zu_load_35nm,35.0,3,u,8,7,0.875,5005.488962336878,12928.724584578284,target_min_cov_det,3603
external_dual_three_phase_flt3zu_load_5nm,5.0,3,u,8,8,1.0,17863.81689845368,31545.46596810397,target_min_cov_det,3603
external_dual_three_phase_flt4zv_load_0nm,0.0,4,v,8,7,0.875,14786.444573750388,28345.696123762056,target_min_cov_det,3603
external_dual_three_phase_flt4zv_load_10nm,10.0,4,v,8,6,0.75,4576.822791151175,12790.684647420649,target_min_cov_det,3603
external_dual_three_phase_flt4zv_load_15nm,15.0,4,v,8,5,0.625,3415.0384450167517,9903.368895555397,target_min_cov_det,3603
external_dual_three_phase_flt4zv_load_20nm,20.0,4,v,8,5,0.625,2823.3131743035274,8277.634927539715,target_min_cov_det,3603
external_dual_three_phase_flt4zv_load_25nm,25.0,4,v,8,4,0.5,2385.770957783764,7358.533105648063,target_min_cov_det,3603
external_dual_three_phase_flt4zv_load_30nm,30.0,4,v,8,4,0.5,2121.4230931088496,6655.716697692387,target_min_cov_det,3603
external_dual_three_phase_flt4zv_load_35nm,35.0,4,v,8,4,0.5,1915.8369706366502,5999.298310701948,target_min_cov_det,3603
external_dual_three_phase_flt4zv_load_5nm,5.0,4,v,8,6,0.75,7382.6501432586665,20689.318874989953,target_min_cov_det,3603
external_dual_three_phase_flt5zu_load_0nm,0.0,5,u,8,8,1.0,22809.58485480622,116150.68034594442,target_min_cov_det,3603
external_dual_three_phase_flt5zu_load_10nm,10.0,5,u,8,8,1.0,2579.4716224889503,5011.0360109985,target_min_cov_det,3603
external_dual_three_phase_flt5zu_load_15nm,15.0,5,u,8,8,1.0,2222.9939310169207,3602.598852397917,target_min_cov_det,3603
external_dual_three_phase_flt5zu_load_20nm,20.0,5,u,8,8,1.0,2171.871571390837,3713.1662226155017,target_min_cov_det,3603
external_dual_three_phase_flt5zu_load_25nm,25.0,5,u,8,8,1.0,2283.9323279946216,4178.299387793711,target_min_cov_det,3603
external_dual_three_phase_flt5zu_load_30nm,30.0,5,u,8,8,1.0,2402.2143657630545,4842.246046756821,target_min_cov_det,3603
external_dual_three_phase_flt5zu_load_35nm,35.0,5,u,8,8,1.0,2441.1883330914225,5054.356876842939,target_min_cov_det,3603
external_dual_three_phase_flt5zu_load_5nm,5.0,5,u,8,8,1.0,4583.958487758722,13182.26607861767,target_min_cov_det,3603
external_dual_three_phase_flt6zu_load_0nm,0.0,6,u,8,8,1.0,16827.62712584112,67170.58796899438,target_min_cov_det,3603
external_dual_three_phase_flt6zu_load_10nm,10.0,6,u,8,8,1.0,2605.9985995915636,5526.847339897241,target_min_cov_det,3603
external_dual_three_phase_flt6zu_load_15nm,15.0,6,u,8,8,1.0,2202.4930849651437,3727.7961522252476,target_min_cov_det,3603
external_dual_three_phase_flt6zu_load_20nm,20.0,6,u,8,8,1.0,2141.030120180645,3680.646808980461,target_min_cov_det,3603
external_dual_three_phase_flt6zu_load_25nm,25.0,6,u,8,8,1.0,2249.8888915196158,4119.34891479286,target_min_cov_det,3603
external_dual_three_phase_flt6zu_load_30nm,30.0,6,u,8,8,1.0,2397.028114424938,4843.5683344907875,target_min_cov_det,3603
external_dual_three_phase_flt6zu_load_35nm,35.0,6,u,8,8,1.0,2430.1180924703513,4912.628429297635,target_min_cov_det,3603
external_dual_three_phase_flt6zu_load_5nm,5.0,6,u,8,8,1.0,4824.052542684721,14819.690003377102,target_min_cov_det,3603
external_dual_three_phase_flt1zu_load_0nm,0.0,1,u,8,8,1.0,5873.779887921523,9349.309278227185,target_min_cov_det,4804
external_dual_three_phase_flt1zu_load_10nm,10.0,1,u,8,3,0.375,1397.102922351588,3041.2436010987844,target_min_cov_det,4804
external_dual_three_phase_flt1zu_load_15nm,15.0,1,u,8,2,0.25,1088.141548334731,2373.3724293144,target_min_cov_det,4804
external_dual_three_phase_flt1zu_load_20nm,20.0,1,u,8,1,0.125,942.3957613461762,2023.1609491292115,target_min_cov_det,4804
external_dual_three_phase_flt1zu_load_25nm,25.0,1,u,8,1,0.125,868.5940722163382,1860.499793777224,target_min_cov_det,4804
external_dual_three_phase_flt1zu_load_30nm,30.0,1,u,8,1,0.125,805.7626263684454,1792.5240220210999,target_min_cov_det,4804
external_dual_three_phase_flt1zu_load_35nm,35.0,1,u,8,1,0.125,761.7369384810877,1710.8091641431492,target_min_cov_det,4804
external_dual_three_phase_flt1zu_load_5nm,5.0,1,u,8,4,0.5,2454.427944170312,5255.289781185848,target_min_cov_det,4804
external_dual_three_phase_flt2zv_load_0nm,0.0,2,v,8,6,0.75,11821.148879279499,28942.422149209604,target_min_cov_det,4804
external_dual_three_phase_flt2zv_load_10nm,10.0,2,v,8,4,0.5,2436.8409142882633,7664.642089432749,target_min_cov_det,4804
external_dual_three_phase_flt2zv_load_15nm,15.0,2,v,8,4,0.5,1711.524326847611,5269.699194042722,target_min_cov_det,4804
external_dual_three_phase_flt2zv_load_20nm,20.0,2,v,8,2,0.25,1308.2279175787758,3978.520899644326,target_min_cov_det,4804
external_dual_three_phase_flt2zv_load_25nm,25.0,2,v,8,2,0.25,1081.3657504793155,3230.703993295013,target_min_cov_det,4804
external_dual_three_phase_flt2zv_load_30nm,30.0,2,v,8,2,0.25,936.108326914376,2710.2242438756066,target_min_cov_det,4804
external_dual_three_phase_flt2zv_load_35nm,35.0,2,v,8,1,0.125,828.555930358821,2317.4766203823615,target_min_cov_det,4804
external_dual_three_phase_flt2zv_load_5nm,5.0,2,v,8,5,0.625,4267.990579785848,14161.298439111764,target_min_cov_det,4804
external_dual_three_phase_flt3zu_load_0nm,0.0,3,u,8,8,1.0,37284.80449075766,64417.891604024684,target_min_cov_det,4804
external_dual_three_phase_flt3zu_load_10nm,10.0,3,u,8,8,1.0,9722.303580166568,21065.840974077604,target_min_cov_det,4804
external_dual_three_phase_flt3zu_load_15nm,15.0,3,u,8,7,0.875,7248.695134965759,16448.736563730967,target_min_cov_det,4804
external_dual_three_phase_flt3zu_load_20nm,20.0,3,u,8,7,0.875,6007.553572316083,14082.426609471242,target_min_cov_det,4804
external_dual_three_phase_flt3zu_load_25nm,25.0,3,u,8,6,0.75,5206.650419977649,12913.92568361424,target_min_cov_det,4804
external_dual_three_phase_flt3zu_load_30nm,30.0,3,u,8,6,0.75,4734.186418769223,11991.20970717836,target_min_cov_det,4804
external_dual_three_phase_flt3zu_load_35nm,35.0,3,u,8,6,0.75,4359.508027545406,11385.069427326733,target_min_cov_det,4804
external_dual_three_phase_flt3zu_load_5nm,5.0,3,u,8,8,1.0,15502.597295962381,28874.408943731356,target_min_cov_det,4804
external_dual_three_phase_flt4zv_load_0nm,0.0,4,v,8,6,0.75,14415.25985606365,29609.938065971535,target_min_cov_det,4804
external_dual_three_phase_flt4zv_load_10nm,10.0,4,v,8,6,0.75,4001.9430427358084,11693.7282360657,target_min_cov_det,4804
external_dual_three_phase_flt4zv_load_15nm,15.0,4,v,8,5,0.625,2844.2753998576027,8340.56425283588,target_min_cov_det,4804
external_dual_three_phase_flt4zv_load_20nm,20.0,4,v,8,5,0.625,2265.914058950789,6526.834878499939,target_min_cov_det,4804
external_dual_three_phase_flt4zv_load_25nm,25.0,4,v,8,3,0.375,1866.1305987266055,5504.653776424803,target_min_cov_det,4804
external_dual_three_phase_flt4zv_load_30nm,30.0,4,v,8,3,0.375,1637.0141845604765,4808.173351667045,target_min_cov_det,4804
external_dual_three_phase_flt4zv_load_35nm,35.0,4,v,8,3,0.375,1449.259511263751,4188.351161784133,target_min_cov_det,4804
external_dual_three_phase_flt4zv_load_5nm,5.0,4,v,8,7,0.875,7101.704252748939,22019.50496674526,target_min_cov_det,4804
external_dual_three_phase_flt5zu_load_0nm,0.0,5,u,8,8,1.0,28688.61604617205,173064.0025430014,target_min_cov_det,4804
external_dual_three_phase_flt5zu_load_10nm,10.0,5,u,8,8,1.0,2320.5361734963562,4420.195557429643,target_min_cov_det,4804
external_dual_three_phase_flt5zu_load_15nm,15.0,5,u,8,8,1.0,2072.207355861156,3531.4711463614476,target_min_cov_det,4804
external_dual_three_phase_flt5zu_load_20nm,20.0,5,u,8,6,0.75,1993.4747391990174,3653.607757020564,target_min_cov_det,4804
external_dual_three_phase_flt5zu_load_25nm,25.0,5,u,8,6,0.75,2072.1759903876236,4023.145367282468,target_min_cov_det,4804
external_dual_three_phase_flt5zu_load_30nm,30.0,5,u,8,6,0.75,2180.95144538943,4561.028505982639,target_min_cov_det,4804
external_dual_three_phase_flt5zu_load_35nm,35.0,5,u,8,6,0.75,2208.9445389747293,4760.837165442584,target_min_cov_det,4804
external_dual_three_phase_flt5zu_load_5nm,5.0,5,u,8,8,1.0,3840.9315365921825,10278.635016381886,target_min_cov_det,4804
external_dual_three_phase_flt6zu_load_0nm,0.0,6,u,8,8,1.0,19538.333555611367,99044.39631979608,target_min_cov_det,4804
external_dual_three_phase_flt6zu_load_10nm,10.0,6,u,8,8,1.0,2330.7445903244484,4684.227543798634,target_min_cov_det,4804
external_dual_three_phase_flt6zu_load_15nm,15.0,6,u,8,8,1.0,2050.7174829399332,3591.159413209778,target_min_cov_det,4804
external_dual_three_phase_flt6zu_load_20nm,20.0,6,u,8,7,0.875,1997.4601122448785,3638.8127872653777,target_min_cov_det,4804
external_dual_three_phase_flt6zu_load_25nm,25.0,6,u,8,5,0.625,2058.306484952132,3993.5487727268255,target_min_cov_det,4804
external_dual_three_phase_flt6zu_load_30nm,30.0,6,u,8,5,0.625,2159.5925925354354,4566.290397999856,target_min_cov_det,4804
external_dual_three_phase_flt6zu_load_35nm,35.0,6,u,8,5,0.625,2207.6599569894397,4667.739836677275,target_min_cov_det,4804
external_dual_three_phase_flt6zu_load_5nm,5.0,6,u,8,8,1.0,4024.064280162995,11421.984254266028,target_min_cov_det,4804
external_dual_three_phase_flt1zu_load_0nm,0.0,1,u,8,3,0.375,11431.409131282498,40693.54551259243,source_target_min_cov_det,20260820
external_dual_three_phase_flt1zu_load_10nm,10.0,1,u,8,1,0.125,5127.934267683211,18292.124318334834,source_target_min_cov_det,20260820
external_dual_three_phase_flt1zu_load_15nm,15.0,1,u,8,1,0.125,4408.1777319332805,14918.953047164732,source_target_min_cov_det,20260820
external_dual_three_phase_flt1zu_load_20nm,20.0,1,u,8,1,0.125,4010.5602954590836,12990.879465679263,source_target_min_cov_det,20260820
external_dual_three_phase_flt1zu_load_25nm,25.0,1,u,8,1,0.125,3836.773476311923,12064.019769136105,source_target_min_cov_det,20260820
external_dual_three_phase_flt1zu_load_30nm,30.0,1,u,8,1,0.125,3696.7186482167263,11462.577266322469,source_target_min_cov_det,20260820
external_dual_three_phase_flt1zu_load_35nm,35.0,1,u,8,1,0.125,3623.4962612638683,10984.049724530303,source_target_min_cov_det,20260820
external_dual_three_phase_flt1zu_load_5nm,5.0,1,u,8,2,0.25,8110.918317273917,30966.504057508017,source_target_min_cov_det,20260820
external_dual_three_phase_flt2zv_load_0nm,0.0,2,v,8,6,0.75,20834.005120524358,36303.36060139817,source_target_min_cov_det,20260820
external_dual_three_phase_flt2zv_load_10nm,10.0,2,v,8,1,0.125,5099.685251754559,13309.021097959729,source_target_min_cov_det,20260820
external_dual_three_phase_flt2zv_load_15nm,15.0,2,v,8,1,0.125,4686.225956379169,12542.986349746065,source_target_min_cov_det,20260820
external_dual_three_phase_flt2zv_load_20nm,20.0,2,v,8,1,0.125,4496.994412008105,12304.026435379887,source_target_min_cov_det,20260820
external_dual_three_phase_flt2zv_load_25nm,25.0,2,v,8,1,0.125,4397.2939253086615,12252.490961227215,source_target_min_cov_det,20260820
external_dual_three_phase_flt2zv_load_30nm,30.0,2,v,8,1,0.125,4355.013152457244,12128.566387755733,source_target_min_cov_det,20260820
external_dual_three_phase_flt2zv_load_35nm,35.0,2,v,8,1,0.125,4356.1302236503625,12386.99983671787,source_target_min_cov_det,20260820
external_dual_three_phase_flt2zv_load_5nm,5.0,2,v,8,2,0.25,6619.56235314235,15931.376804052596,source_target_min_cov_det,20260820
external_dual_three_phase_flt3zu_load_0nm,0.0,3,u,8,5,0.625,39538.909767711346,91293.31233412505,source_target_min_cov_det,20260820
external_dual_three_phase_flt3zu_load_10nm,10.0,3,u,8,3,0.375,13468.579352643814,47743.36372521141,source_target_min_cov_det,20260820
external_dual_three_phase_flt3zu_load_15nm,15.0,3,u,8,3,0.375,10160.227461253804,36760.9518881871,source_target_min_cov_det,20260820
external_dual_three_phase_flt3zu_load_20nm,20.0,3,u,8,2,0.25,8371.406585847004,30273.285423731857,source_target_min_cov_det,20260820
external_dual_three_phase_flt3zu_load_25nm,25.0,3,u,8,2,0.25,7009.362903877827,25622.519634641852,source_target_min_cov_det,20260820
external_dual_three_phase_flt3zu_load_30nm,30.0,3,u,8,2,0.25,6288.557921865451,22806.058639082006,source_target_min_cov_det,20260820
external_dual_three_phase_flt3zu_load_35nm,35.0,3,u,8,2,0.25,5490.689509926195,19915.599006613287,source_target_min_cov_det,20260820
external_dual_three_phase_flt3zu_load_5nm,5.0,3,u,8,4,0.5,21670.554782559022,70713.14739611956,source_target_min_cov_det,20260820
external_dual_three_phase_flt4zv_load_0nm,0.0,4,v,8,5,0.625,15921.322296863078,27375.018601594365,source_target_min_cov_det,20260820
external_dual_three_phase_flt4zv_load_10nm,10.0,4,v,8,1,0.125,5081.883523615747,13221.667314623013,source_target_min_cov_det,20260820
external_dual_three_phase_flt4zv_load_15nm,15.0,4,v,8,1,0.125,4779.861396603319,12602.93343977952,source_target_min_cov_det,20260820
external_dual_three_phase_flt4zv_load_20nm,20.0,4,v,8,1,0.125,4678.856309459001,12582.443229139813,source_target_min_cov_det,20260820
external_dual_three_phase_flt4zv_load_25nm,25.0,4,v,8,1,0.125,4634.934097458771,12800.033148053155,source_target_min_cov_det,20260820
external_dual_three_phase_flt4zv_load_30nm,30.0,4,v,8,1,0.125,4711.107395963787,13142.1070541959,source_target_min_cov_det,20260820
external_dual_three_phase_flt4zv_load_35nm,35.0,4,v,8,1,0.125,4773.643831062307,13424.835145663277,source_target_min_cov_det,20260820
external_dual_three_phase_flt4zv_load_5nm,5.0,4,v,8,2,0.25,6896.222885921787,19195.865998330282,source_target_min_cov_det,20260820
external_dual_three_phase_flt5zu_load_0nm,0.0,5,u,8,6,0.75,41956.00995502169,84076.16115404516,source_target_min_cov_det,20260820
external_dual_three_phase_flt5zu_load_10nm,10.0,5,u,8,4,0.5,13988.152021193051,40967.77810454732,source_target_min_cov_det,20260820
external_dual_three_phase_flt5zu_load_15nm,15.0,5,u,8,3,0.375,11068.284267257284,34147.62651742616,source_target_min_cov_det,20260820
external_dual_three_phase_flt5zu_load_20nm,20.0,5,u,8,3,0.375,9359.374655901593,29772.947087825905,source_target_min_cov_det,20260820
external_dual_three_phase_flt5zu_load_25nm,25.0,5,u,8,2,0.25,8391.190314457193,26964.187000011356,source_target_min_cov_det,20260820
external_dual_three_phase_flt5zu_load_30nm,30.0,5,u,8,2,0.25,7660.796481287858,25244.318826913455,source_target_min_cov_det,20260820
external_dual_three_phase_flt5zu_load_35nm,35.0,5,u,8,2,0.25,6826.828662738262,21564.03573409543,source_target_min_cov_det,20260820
external_dual_three_phase_flt5zu_load_5nm,5.0,5,u,8,5,0.625,22797.318041233404,67471.74150440234,source_target_min_cov_det,20260820
external_dual_three_phase_flt6zu_load_0nm,0.0,6,u,8,6,0.75,41832.64184587848,78937.66373050066,source_target_min_cov_det,20260820
external_dual_three_phase_flt6zu_load_10nm,10.0,6,u,8,4,0.5,14660.133048079928,42194.0385881114,source_target_min_cov_det,20260820
external_dual_three_phase_flt6zu_load_15nm,15.0,6,u,8,3,0.375,11656.561644737976,35266.420659506584,source_target_min_cov_det,20260820
external_dual_three_phase_flt6zu_load_20nm,20.0,6,u,8,3,0.375,9820.714704744185,30824.701375235625,source_target_min_cov_det,20260820
external_dual_three_phase_flt6zu_load_25nm,25.0,6,u,8,3,0.375,8715.261117454387,28169.056667882356,source_target_min_cov_det,20260820
external_dual_three_phase_flt6zu_load_30nm,30.0,6,u,8,2,0.25,8065.70262698925,26091.601230583958,source_target_min_cov_det,20260820
external_dual_three_phase_flt6zu_load_35nm,35.0,6,u,8,2,0.25,7117.841725841121,22444.35576494242,source_target_min_cov_det,20260820
external_dual_three_phase_flt6zu_load_5nm,5.0,6,u,8,5,0.625,24133.184422158713,71000.22560901215,source_target_min_cov_det,20260820
external_dual_three_phase_flt1zu_load_0nm,0.0,1,u,8,3,0.375,11942.51184805722,42635.43448578235,source_target_min_cov_det,1201
external_dual_three_phase_flt1zu_load_10nm,10.0,1,u,8,2,0.25,4928.809927901473,18200.33898454838,source_target_min_cov_det,1201
external_dual_three_phase_flt1zu_load_15nm,15.0,1,u,8,1,0.125,4138.80914793444,14593.500205349055,source_target_min_cov_det,1201
external_dual_three_phase_flt1zu_load_20nm,20.0,1,u,8,1,0.125,3714.881186694928,12522.720953526486,source_target_min_cov_det,1201
external_dual_three_phase_flt1zu_load_25nm,25.0,1,u,8,1,0.125,3517.616236459333,11526.97114315222,source_target_min_cov_det,1201
external_dual_three_phase_flt1zu_load_30nm,30.0,1,u,8,1,0.125,3379.101533804844,10887.70824961669,source_target_min_cov_det,1201
external_dual_three_phase_flt1zu_load_35nm,35.0,1,u,8,1,0.125,3310.5675018172146,10372.677619157048,source_target_min_cov_det,1201
external_dual_three_phase_flt1zu_load_5nm,5.0,1,u,8,2,0.25,8206.534700581085,31892.80130098834,source_target_min_cov_det,1201
external_dual_three_phase_flt2zv_load_0nm,0.0,2,v,8,6,0.75,22194.57799324169,38326.983219970425,source_target_min_cov_det,1201
external_dual_three_phase_flt2zv_load_10nm,10.0,2,v,8,1,0.125,5155.639173313089,13438.886406107062,source_target_min_cov_det,1201
external_dual_three_phase_flt2zv_load_15nm,15.0,2,v,8,1,0.125,4664.728732999622,12555.452139360666,source_target_min_cov_det,1201
external_dual_three_phase_flt2zv_load_20nm,20.0,2,v,8,1,0.125,4419.066219094473,12236.859251300759,source_target_min_cov_det,1201
external_dual_three_phase_flt2zv_load_25nm,25.0,2,v,8,1,0.125,4290.863548064108,12129.008285328066,source_target_min_cov_det,1201
external_dual_three_phase_flt2zv_load_30nm,30.0,2,v,8,1,0.125,4219.102990176782,11968.263758282501,source_target_min_cov_det,1201
external_dual_three_phase_flt2zv_load_35nm,35.0,2,v,8,1,0.125,4206.132406819934,12188.556665660122,source_target_min_cov_det,1201
external_dual_three_phase_flt2zv_load_5nm,5.0,2,v,8,2,0.25,6875.259399534592,16173.782240065815,source_target_min_cov_det,1201
external_dual_three_phase_flt3zu_load_0nm,0.0,3,u,8,5,0.625,42362.9789002256,95346.1288269227,source_target_min_cov_det,1201
external_dual_three_phase_flt3zu_load_10nm,10.0,3,u,8,4,0.5,14227.657343835077,50287.88245952059,source_target_min_cov_det,1201
external_dual_three_phase_flt3zu_load_15nm,15.0,3,u,8,3,0.375,10579.10366046843,38533.63930085415,source_target_min_cov_det,1201
external_dual_three_phase_flt3zu_load_20nm,20.0,3,u,8,3,0.375,8600.332940143668,31538.613216252597,source_target_min_cov_det,1201
external_dual_three_phase_flt3zu_load_25nm,25.0,3,u,8,2,0.25,7110.404953140408,26549.840518758225,source_target_min_cov_det,1201
external_dual_three_phase_flt3zu_load_30nm,30.0,3,u,8,2,0.25,6323.111759421643,23499.699866662017,source_target_min_cov_det,1201
external_dual_three_phase_flt3zu_load_35nm,35.0,3,u,8,2,0.25,5433.216827692474,20382.973787345178,source_target_min_cov_det,1201
external_dual_three_phase_flt3zu_load_5nm,5.0,3,u,8,4,0.5,23158.6149174895,74818.85145960217,source_target_min_cov_det,1201
external_dual_three_phase_flt4zv_load_0nm,0.0,4,v,8,6,0.75,16763.799416365608,28288.153472853934,source_target_min_cov_det,1201
external_dual_three_phase_flt4zv_load_10nm,10.0,4,v,8,1,0.125,5166.975707686196,13260.79945183303,source_target_min_cov_det,1201
external_dual_three_phase_flt4zv_load_15nm,15.0,4,v,8,1,0.125,4818.61432407939,12641.93713590521,source_target_min_cov_det,1201
external_dual_three_phase_flt4zv_load_20nm,20.0,4,v,8,1,0.125,4686.608481063804,12616.141931477028,source_target_min_cov_det,1201
external_dual_three_phase_flt4zv_load_25nm,25.0,4,v,8,1,0.125,4623.094425534367,12841.419112337875,source_target_min_cov_det,1201
external_dual_three_phase_flt4zv_load_30nm,30.0,4,v,8,1,0.125,4686.025741800788,13192.319242247308,source_target_min_cov_det,1201
external_dual_three_phase_flt4zv_load_35nm,35.0,4,v,8,1,0.125,4740.856085239377,13493.477706194515,source_target_min_cov_det,1201
external_dual_three_phase_flt4zv_load_5nm,5.0,4,v,8,2,0.25,7125.035646289995,19463.50088325859,source_target_min_cov_det,1201
external_dual_three_phase_flt5zu_load_0nm,0.0,5,u,8,6,0.75,44178.27306650064,87396.59586891001,source_target_min_cov_det,1201
external_dual_three_phase_flt5zu_load_10nm,10.0,5,u,8,4,0.5,14520.209108300827,42379.42258081059,source_target_min_cov_det,1201
external_dual_three_phase_flt5zu_load_15nm,15.0,5,u,8,3,0.375,11375.92041741942,35035.848701696064,source_target_min_cov_det,1201
external_dual_three_phase_flt5zu_load_20nm,20.0,5,u,8,3,0.375,9501.41384921064,30386.783284414192,source_target_min_cov_det,1201
external_dual_three_phase_flt5zu_load_25nm,25.0,5,u,8,3,0.375,8477.910359897294,27426.82850361841,source_target_min_cov_det,1201
external_dual_three_phase_flt5zu_load_30nm,30.0,5,u,8,2,0.25,7695.727593138323,25643.07630704535,source_target_min_cov_det,1201
external_dual_three_phase_flt5zu_load_35nm,35.0,5,u,8,2,0.25,6815.0540800721155,21832.98747059245,source_target_min_cov_det,1201
external_dual_three_phase_flt5zu_load_5nm,5.0,5,u,8,5,0.625,24150.84207256943,71359.26219982206,source_target_min_cov_det,1201
external_dual_three_phase_flt6zu_load_0nm,0.0,6,u,8,6,0.75,44159.11199719036,82810.84704928577,source_target_min_cov_det,1201
external_dual_three_phase_flt6zu_load_10nm,10.0,6,u,8,4,0.5,15267.03596333021,43935.00151914402,source_target_min_cov_det,1201
external_dual_three_phase_flt6zu_load_15nm,15.0,6,u,8,4,0.5,12000.38194021416,36240.86193385682,source_target_min_cov_det,1201
external_dual_three_phase_flt6zu_load_20nm,20.0,6,u,8,3,0.375,10026.521856691239,31492.92154054637,source_target_min_cov_det,1201
external_dual_three_phase_flt6zu_load_25nm,25.0,6,u,8,3,0.375,8820.955341213044,28708.42626600034,source_target_min_cov_det,1201
external_dual_three_phase_flt6zu_load_30nm,30.0,6,u,8,3,0.375,8134.907515419831,26572.50616571057,source_target_min_cov_det,1201
external_dual_three_phase_flt6zu_load_35nm,35.0,6,u,8,2,0.25,7134.103139780541,22768.027093057506,source_target_min_cov_det,1201
external_dual_three_phase_flt6zu_load_5nm,5.0,6,u,8,5,0.625,25600.234980459496,75101.92751716613,source_target_min_cov_det,1201
external_dual_three_phase_flt1zu_load_0nm,0.0,1,u,8,3,0.375,11906.339537096512,42800.276322869104,source_target_min_cov_det,2402
external_dual_three_phase_flt1zu_load_10nm,10.0,1,u,8,2,0.25,5146.82082882225,18741.091160015603,source_target_min_cov_det,2402
external_dual_three_phase_flt1zu_load_15nm,15.0,1,u,8,1,0.125,4361.038045069983,15071.055385189222,source_target_min_cov_det,2402
external_dual_three_phase_flt1zu_load_20nm,20.0,1,u,8,1,0.125,3918.025844165153,12939.938229901058,source_target_min_cov_det,2402
external_dual_three_phase_flt1zu_load_25nm,25.0,1,u,8,1,0.125,3729.245875973026,11896.647727922722,source_target_min_cov_det,2402
external_dual_three_phase_flt1zu_load_30nm,30.0,1,u,8,1,0.125,3570.670479413002,11218.155695079227,source_target_min_cov_det,2402
external_dual_three_phase_flt1zu_load_35nm,35.0,1,u,8,1,0.125,3492.78541243589,10669.98438862421,source_target_min_cov_det,2402
external_dual_three_phase_flt1zu_load_5nm,5.0,1,u,8,2,0.25,8365.213627908746,32327.747270099386,source_target_min_cov_det,2402
external_dual_three_phase_flt2zv_load_0nm,0.0,2,v,8,6,0.75,22505.330034768904,41472.902219736236,source_target_min_cov_det,2402
external_dual_three_phase_flt2zv_load_10nm,10.0,2,v,8,2,0.25,5331.781678411463,14165.482338878634,source_target_min_cov_det,2402
external_dual_three_phase_flt2zv_load_15nm,15.0,2,v,8,1,0.125,4816.677618179801,13153.922723019801,source_target_min_cov_det,2402
external_dual_three_phase_flt2zv_load_20nm,20.0,2,v,8,1,0.125,4580.742164131216,12776.918259309918,source_target_min_cov_det,2402
external_dual_three_phase_flt2zv_load_25nm,25.0,2,v,8,1,0.125,4436.684717522441,12633.209357835172,source_target_min_cov_det,2402
external_dual_three_phase_flt2zv_load_30nm,30.0,2,v,8,1,0.125,4363.564629765626,12449.87218247601,source_target_min_cov_det,2402
external_dual_three_phase_flt2zv_load_35nm,35.0,2,v,8,1,0.125,4350.440816937159,12665.560694967413,source_target_min_cov_det,2402
external_dual_three_phase_flt2zv_load_5nm,5.0,2,v,8,2,0.25,7058.216267235959,17281.87510451632,source_target_min_cov_det,2402
external_dual_three_phase_flt3zu_load_0nm,0.0,3,u,8,5,0.625,42328.073194379904,99643.1945376697,source_target_min_cov_det,2402
external_dual_three_phase_flt3zu_load_10nm,10.0,3,u,8,3,0.375,14053.625840736595,50158.56675799122,source_target_min_cov_det,2402
external_dual_three_phase_flt3zu_load_15nm,15.0,3,u,8,3,0.375,10550.167997052817,38440.32629550487,source_target_min_cov_det,2402
external_dual_three_phase_flt3zu_load_20nm,20.0,3,u,8,3,0.375,8645.710183438852,31560.855585581063,source_target_min_cov_det,2402
external_dual_three_phase_flt3zu_load_25nm,25.0,3,u,8,2,0.25,7202.7007081397305,26627.398299603865,source_target_min_cov_det,2402
external_dual_three_phase_flt3zu_load_30nm,30.0,3,u,8,2,0.25,6444.129697416756,23641.279094519712,source_target_min_cov_det,2402
external_dual_three_phase_flt3zu_load_35nm,35.0,3,u,8,2,0.25,5594.381346741598,20578.17279401671,source_target_min_cov_det,2402
external_dual_three_phase_flt3zu_load_5nm,5.0,3,u,8,4,0.5,22726.535542808153,74860.57046886178,source_target_min_cov_det,2402
external_dual_three_phase_flt4zv_load_0nm,0.0,4,v,8,6,0.75,17311.59029478371,30562.335835232432,source_target_min_cov_det,2402
external_dual_three_phase_flt4zv_load_10nm,10.0,4,v,8,1,0.125,5385.790126933624,14114.956975070052,source_target_min_cov_det,2402
external_dual_three_phase_flt4zv_load_15nm,15.0,4,v,8,1,0.125,5003.422030093389,13376.244776298146,source_target_min_cov_det,2402
external_dual_three_phase_flt4zv_load_20nm,20.0,4,v,8,1,0.125,4853.973961645473,13269.883147592096,source_target_min_cov_det,2402
external_dual_three_phase_flt4zv_load_25nm,25.0,4,v,8,1,0.125,4774.494574185217,13438.35047275307,source_target_min_cov_det,2402
external_dual_three_phase_flt4zv_load_30nm,30.0,4,v,8,1,0.125,4832.790879993487,13754.358040966317,source_target_min_cov_det,2402
external_dual_three_phase_flt4zv_load_35nm,35.0,4,v,8,1,0.125,4882.120048245976,14021.630070582742,source_target_min_cov_det,2402
external_dual_three_phase_flt4zv_load_5nm,5.0,4,v,8,2,0.25,7345.337311068472,20207.89592602558,source_target_min_cov_det,2402
external_dual_three_phase_flt5zu_load_0nm,0.0,5,u,8,6,0.75,45479.15052645399,92778.14304600822,source_target_min_cov_det,2402
external_dual_three_phase_flt5zu_load_10nm,10.0,5,u,8,4,0.5,14641.886384366046,43222.72245915955,source_target_min_cov_det,2402
external_dual_three_phase_flt5zu_load_15nm,15.0,5,u,8,3,0.375,11508.491546639241,35793.06791699954,source_target_min_cov_det,2402
external_dual_three_phase_flt5zu_load_20nm,20.0,5,u,8,3,0.375,9675.890948246471,31050.1614011022,source_target_min_cov_det,2402
external_dual_three_phase_flt5zu_load_25nm,25.0,5,u,8,3,0.375,8627.570579403302,28015.662547787848,source_target_min_cov_det,2402
external_dual_three_phase_flt5zu_load_30nm,30.0,5,u,8,2,0.25,7841.273217623395,26168.159166892092,source_target_min_cov_det,2402
external_dual_three_phase_flt5zu_load_35nm,35.0,5,u,8,2,0.25,6962.340963110355,22259.19545436108,source_target_min_cov_det,2402
external_dual_three_phase_flt5zu_load_5nm,5.0,5,u,8,5,0.625,24022.005257762325,71666.61569027415,source_target_min_cov_det,2402
external_dual_three_phase_flt6zu_load_0nm,0.0,6,u,8,6,0.75,45312.85200339391,85953.68599054129,source_target_min_cov_det,2402
external_dual_three_phase_flt6zu_load_10nm,10.0,6,u,8,4,0.5,15352.899866414262,44498.59688146966,source_target_min_cov_det,2402
external_dual_three_phase_flt6zu_load_15nm,15.0,6,u,8,4,0.5,12132.840280131248,36989.266065891316,source_target_min_cov_det,2402
external_dual_three_phase_flt6zu_load_20nm,20.0,6,u,8,3,0.375,10162.180513607696,32190.904681596894,source_target_min_cov_det,2402
external_dual_three_phase_flt6zu_load_25nm,25.0,6,u,8,3,0.375,8982.273627377217,29311.65720143129,source_target_min_cov_det,2402
external_dual_three_phase_flt6zu_load_30nm,30.0,6,u,8,3,0.375,8282.734213196938,27098.393823548242,source_target_min_cov_det,2402
external_dual_three_phase_flt6zu_load_35nm,35.0,6,u,8,2,0.25,7277.733814007124,23200.23273823547,source_target_min_cov_det,2402
external_dual_three_phase_flt6zu_load_5nm,5.0,6,u,8,5,0.625,25453.68568577951,75499.5404306286,source_target_min_cov_det,2402
external_dual_three_phase_flt1zu_load_0nm,0.0,1,u,8,3,0.375,13156.149968372181,47091.36150365139,source_target_min_cov_det,3603
external_dual_three_phase_flt1zu_load_10nm,10.0,1,u,8,2,0.25,5165.084515098128,19308.690120189287,source_target_min_cov_det,3603
external_dual_three_phase_flt1zu_load_15nm,15.0,1,u,8,1,0.125,4277.177528574979,15242.002256201533,source_target_min_cov_det,3603
external_dual_three_phase_flt1zu_load_20nm,20.0,1,u,8,1,0.125,3783.9521133862722,12894.479839077765,source_target_min_cov_det,3603
external_dual_three_phase_flt1zu_load_25nm,25.0,1,u,8,1,0.125,3571.367654034197,11757.806393663592,source_target_min_cov_det,3603
external_dual_three_phase_flt1zu_load_30nm,30.0,1,u,8,1,0.125,3398.1603834162274,11031.208812707519,source_target_min_cov_det,3603
external_dual_three_phase_flt1zu_load_35nm,35.0,1,u,8,1,0.125,3309.3084592869795,10446.6971706685,source_target_min_cov_det,3603
external_dual_three_phase_flt1zu_load_5nm,5.0,1,u,8,2,0.25,8864.282345663492,34750.57275342795,source_target_min_cov_det,3603
external_dual_three_phase_flt2zv_load_0nm,0.0,2,v,8,6,0.75,24761.13097686583,43707.329522028704,source_target_min_cov_det,3603
external_dual_three_phase_flt2zv_load_10nm,10.0,2,v,8,2,0.25,5455.55914270615,14152.312543657941,source_target_min_cov_det,3603
external_dual_three_phase_flt2zv_load_15nm,15.0,2,v,8,1,0.125,4863.644623610974,13127.72362041956,source_target_min_cov_det,3603
external_dual_three_phase_flt2zv_load_20nm,20.0,2,v,8,1,0.125,4568.047006718185,12724.863685498527,source_target_min_cov_det,3603
external_dual_three_phase_flt2zv_load_25nm,25.0,2,v,8,1,0.125,4399.5691428837745,12572.445608168307,source_target_min_cov_det,3603
external_dual_three_phase_flt2zv_load_30nm,30.0,2,v,8,1,0.125,4316.886066853236,12388.41933652887,source_target_min_cov_det,3603
external_dual_three_phase_flt2zv_load_35nm,35.0,2,v,8,1,0.125,4294.2363802673935,12607.438256950427,source_target_min_cov_det,3603
external_dual_three_phase_flt2zv_load_5nm,5.0,2,v,8,3,0.375,7442.914612913146,17055.22001276561,source_target_min_cov_det,3603
external_dual_three_phase_flt3zu_load_0nm,0.0,3,u,8,5,0.625,47862.798023302224,107467.71207768927,source_target_min_cov_det,3603
external_dual_three_phase_flt3zu_load_10nm,10.0,3,u,8,4,0.5,15675.272784386401,55555.0167748539,source_target_min_cov_det,3603
external_dual_three_phase_flt3zu_load_15nm,15.0,3,u,8,3,0.375,11547.235981755133,42260.74667285329,source_target_min_cov_det,3603
external_dual_three_phase_flt3zu_load_20nm,20.0,3,u,8,3,0.375,9325.236459849624,34371.860301381785,source_target_min_cov_det,3603
external_dual_three_phase_flt3zu_load_25nm,25.0,3,u,8,2,0.25,7637.791744363474,28751.769088973033,source_target_min_cov_det,3603
external_dual_three_phase_flt3zu_load_30nm,30.0,3,u,8,2,0.25,6749.308688679303,25321.934098031266,source_target_min_cov_det,3603
external_dual_three_phase_flt3zu_load_35nm,35.0,3,u,8,2,0.25,5761.286265103831,21821.123257433163,source_target_min_cov_det,3603
external_dual_three_phase_flt3zu_load_5nm,5.0,3,u,8,5,0.625,25804.45602822283,83421.11986915355,source_target_min_cov_det,3603
external_dual_three_phase_flt4zv_load_0nm,0.0,4,v,8,6,0.75,18084.6086777602,28865.432713795482,source_target_min_cov_det,3603
external_dual_three_phase_flt4zv_load_10nm,10.0,4,v,8,1,0.125,5481.740350705197,13805.308016988864,source_target_min_cov_det,3603
external_dual_three_phase_flt4zv_load_15nm,15.0,4,v,8,1,0.125,5078.0675510369165,13217.80714277731,source_target_min_cov_det,3603
external_dual_three_phase_flt4zv_load_20nm,20.0,4,v,8,1,0.125,4908.35092106922,13206.095172038786,source_target_min_cov_det,3603
external_dual_three_phase_flt4zv_load_25nm,25.0,4,v,8,1,0.125,4825.6906000551,13458.05339905951,source_target_min_cov_det,3603
external_dual_three_phase_flt4zv_load_30nm,30.0,4,v,8,1,0.125,4879.331712544227,13837.58772393978,source_target_min_cov_det,3603
external_dual_three_phase_flt4zv_load_35nm,35.0,4,v,8,1,0.125,4930.8275707956345,14182.345759988324,source_target_min_cov_det,3603
external_dual_three_phase_flt4zv_load_5nm,5.0,4,v,8,2,0.25,7572.023658041574,19861.090258881522,source_target_min_cov_det,3603
external_dual_three_phase_flt5zu_load_0nm,0.0,5,u,8,6,0.75,49709.5410194975,98321.47233553552,source_target_min_cov_det,3603
external_dual_three_phase_flt5zu_load_10nm,10.0,5,u,8,4,0.5,15936.870006722382,46573.836868167746,source_target_min_cov_det,3603
external_dual_three_phase_flt5zu_load_15nm,15.0,5,u,8,4,0.5,12375.548693093226,38229.14077796251,source_target_min_cov_det,3603
external_dual_three_phase_flt5zu_load_20nm,20.0,5,u,8,3,0.375,10271.620350062645,32976.52315672949,source_target_min_cov_det,3603
external_dual_three_phase_flt5zu_load_25nm,25.0,5,u,8,3,0.375,9095.82181514218,29635.085388254403,source_target_min_cov_det,3603
external_dual_three_phase_flt5zu_load_30nm,30.0,5,u,8,3,0.375,8229.980380368324,27638.96876048143,source_target_min_cov_det,3603
external_dual_three_phase_flt5zu_load_35nm,35.0,5,u,8,2,0.25,7250.129665129138,23389.406770941354,source_target_min_cov_det,3603
external_dual_three_phase_flt5zu_load_5nm,5.0,5,u,8,5,0.625,26859.706071238288,79455.61877776578,source_target_min_cov_det,3603
external_dual_three_phase_flt6zu_load_0nm,0.0,6,u,8,6,0.75,49803.087367619955,93142.21829067505,source_target_min_cov_det,3603
external_dual_three_phase_flt6zu_load_10nm,10.0,6,u,8,4,0.5,16788.145226782923,48391.62814169485,source_target_min_cov_det,3603
external_dual_three_phase_flt6zu_load_15nm,15.0,6,u,8,4,0.5,13075.921989840745,39584.61347103441,source_target_min_cov_det,3603
external_dual_three_phase_flt6zu_load_20nm,20.0,6,u,8,3,0.375,10840.936320063323,34222.20424537575,source_target_min_cov_det,3603
external_dual_three_phase_flt6zu_load_25nm,25.0,6,u,8,3,0.375,9497.8923713314,31084.223651578402,source_target_min_cov_det,3603
external_dual_three_phase_flt6zu_load_30nm,30.0,6,u,8,3,0.375,8729.25446387984,28717.933152368558,source_target_min_cov_det,3603
external_dual_three_phase_flt6zu_load_35nm,35.0,6,u,8,3,0.375,7605.059053465626,24442.567452203315,source_target_min_cov_det,3603
external_dual_three_phase_flt6zu_load_5nm,5.0,6,u,8,6,0.75,28498.938071571905,83597.71489214289,source_target_min_cov_det,3603
external_dual_three_phase_flt1zu_load_0nm,0.0,1,u,8,3,0.375,10529.427057164774,37781.99162004741,source_target_min_cov_det,4804
external_dual_three_phase_flt1zu_load_10nm,10.0,1,u,8,1,0.125,4584.482847716039,16775.192218420023,source_target_min_cov_det,4804
external_dual_three_phase_flt1zu_load_15nm,15.0,1,u,8,1,0.125,3919.295898546873,13648.25382706714,source_target_min_cov_det,4804
external_dual_three_phase_flt1zu_load_20nm,20.0,1,u,8,1,0.125,3576.1843683433517,11878.02430227575,source_target_min_cov_det,4804
external_dual_three_phase_flt1zu_load_25nm,25.0,1,u,8,1,0.125,3415.788920191414,11037.013142375636,source_target_min_cov_det,4804
external_dual_three_phase_flt1zu_load_30nm,30.0,1,u,8,1,0.125,3304.7765614234654,10493.545053140791,source_target_min_cov_det,4804
external_dual_three_phase_flt1zu_load_35nm,35.0,1,u,8,1,0.125,3253.2214494257273,10063.889223473025,source_target_min_cov_det,4804
external_dual_three_phase_flt1zu_load_5nm,5.0,1,u,8,2,0.25,7369.531535488819,28599.66327506096,source_target_min_cov_det,4804
external_dual_three_phase_flt2zv_load_0nm,0.0,2,v,8,6,0.75,20210.40995780564,35613.80730153168,source_target_min_cov_det,4804
external_dual_three_phase_flt2zv_load_10nm,10.0,2,v,8,1,0.125,4708.636031370625,12571.520607055521,source_target_min_cov_det,4804
external_dual_three_phase_flt2zv_load_15nm,15.0,2,v,8,1,0.125,4265.678481867162,11681.82044394108,source_target_min_cov_det,4804
external_dual_three_phase_flt2zv_load_20nm,20.0,2,v,8,1,0.125,4055.729456558838,11365.151792214032,source_target_min_cov_det,4804
external_dual_three_phase_flt2zv_load_25nm,25.0,2,v,8,1,0.125,3955.0404762864073,11263.414918061337,source_target_min_cov_det,4804
external_dual_three_phase_flt2zv_load_30nm,30.0,2,v,8,1,0.125,3903.043925194536,11112.627570642768,source_target_min_cov_det,4804
external_dual_three_phase_flt2zv_load_35nm,35.0,2,v,8,1,0.125,3903.080910270567,11324.515322232293,source_target_min_cov_det,4804
external_dual_three_phase_flt2zv_load_5nm,5.0,2,v,8,2,0.25,6276.998203427122,15243.964387499396,source_target_min_cov_det,4804
external_dual_three_phase_flt3zu_load_0nm,0.0,3,u,8,5,0.625,37059.43534029509,84256.10504490475,source_target_min_cov_det,4804
external_dual_three_phase_flt3zu_load_10nm,10.0,3,u,8,3,0.375,12522.105621018716,44585.27356147999,source_target_min_cov_det,4804
external_dual_three_phase_flt3zu_load_15nm,15.0,3,u,8,3,0.375,9355.35708223384,34255.10273092951,source_target_min_cov_det,4804
external_dual_three_phase_flt3zu_load_20nm,20.0,3,u,8,2,0.25,7650.1227840118,28132.952164992617,source_target_min_cov_det,4804
external_dual_three_phase_flt3zu_load_25nm,25.0,3,u,8,2,0.25,6366.567709912207,23765.436341847,source_target_min_cov_det,4804
external_dual_three_phase_flt3zu_load_30nm,30.0,3,u,8,2,0.25,5693.456182213497,21120.273745764745,source_target_min_cov_det,4804
external_dual_three_phase_flt3zu_load_35nm,35.0,3,u,8,1,0.125,4933.878933151085,18411.749607851616,source_target_min_cov_det,4804
external_dual_three_phase_flt3zu_load_5nm,5.0,3,u,8,4,0.5,20296.9538403729,66088.47600978149,source_target_min_cov_det,4804
external_dual_three_phase_flt4zv_load_0nm,0.0,4,v,8,6,0.75,15504.840043558524,25922.528291518855,source_target_min_cov_det,4804
external_dual_three_phase_flt4zv_load_10nm,10.0,4,v,8,1,0.125,4769.7629604163685,12606.93793001632,source_target_min_cov_det,4804
external_dual_three_phase_flt4zv_load_15nm,15.0,4,v,8,1,0.125,4416.002936861405,11904.042605671964,source_target_min_cov_det,4804
external_dual_three_phase_flt4zv_load_20nm,20.0,4,v,8,1,0.125,4281.336351499693,11784.029014033928,source_target_min_cov_det,4804
external_dual_three_phase_flt4zv_load_25nm,25.0,4,v,8,1,0.125,4219.167419628826,11928.706179523399,source_target_min_cov_det,4804
external_dual_three_phase_flt4zv_load_30nm,30.0,4,v,8,1,0.125,4274.912686636461,12211.185423325329,source_target_min_cov_det,4804
external_dual_three_phase_flt4zv_load_35nm,35.0,4,v,8,1,0.125,4322.954661045914,12440.292274604128,source_target_min_cov_det,4804
external_dual_three_phase_flt4zv_load_5nm,5.0,4,v,8,2,0.25,6630.55440466779,18409.67112029954,source_target_min_cov_det,4804
external_dual_three_phase_flt5zu_load_0nm,0.0,5,u,8,6,0.75,39225.78580846451,77967.17600191686,source_target_min_cov_det,4804
external_dual_three_phase_flt5zu_load_10nm,10.0,5,u,8,4,0.5,12909.468972060822,38014.87627936683,source_target_min_cov_det,4804
external_dual_three_phase_flt5zu_load_15nm,15.0,5,u,8,3,0.375,10162.304168008926,31551.52912187239,source_target_min_cov_det,4804
external_dual_three_phase_flt5zu_load_20nm,20.0,5,u,8,3,0.375,8528.05722475621,27456.49050942858,source_target_min_cov_det,4804
external_dual_three_phase_flt5zu_load_25nm,25.0,5,u,8,2,0.25,7631.466853632835,24833.492312731003,source_target_min_cov_det,4804
external_dual_three_phase_flt5zu_load_30nm,30.0,5,u,8,2,0.25,6948.715990152684,23237.642964461236,source_target_min_cov_det,4804
external_dual_three_phase_flt5zu_load_35nm,35.0,5,u,8,2,0.25,6174.007956359189,19835.406262454308,source_target_min_cov_det,4804
external_dual_three_phase_flt5zu_load_5nm,5.0,5,u,8,5,0.625,21361.24811932571,63694.42340194169,source_target_min_cov_det,4804
external_dual_three_phase_flt6zu_load_0nm,0.0,6,u,8,6,0.75,39248.87225823765,74041.04833519908,source_target_min_cov_det,4804
external_dual_three_phase_flt6zu_load_10nm,10.0,6,u,8,4,0.5,13553.556303410976,39274.78485851897,source_target_min_cov_det,4804
external_dual_three_phase_flt6zu_load_15nm,15.0,6,u,8,3,0.375,10708.593267913377,32621.667960500563,source_target_min_cov_det,4804
external_dual_three_phase_flt6zu_load_20nm,20.0,6,u,8,3,0.375,8985.359930066912,28429.093619445703,source_target_min_cov_det,4804
external_dual_three_phase_flt6zu_load_25nm,25.0,6,u,8,3,0.375,7933.484573136893,25960.87868134343,source_target_min_cov_det,4804
external_dual_three_phase_flt6zu_load_30nm,30.0,6,u,8,2,0.25,7324.404939457741,24028.624183473956,source_target_min_cov_det,4804
external_dual_three_phase_flt6zu_load_35nm,35.0,6,u,8,2,0.25,6450.521273590716,20652.387531354725,source_target_min_cov_det,4804
external_dual_three_phase_flt6zu_load_5nm,5.0,6,u,8,5,0.625,22651.12191509417,67115.50660948656,source_target_min_cov_det,4804
