feature,feature_family,population,block_id,independent_motors,record_subsystem_units,speed_proxy_hz_mean,raw_mean,raw_std,raw_q25,raw_median,raw_q75,robust_z_mean,robust_z_median
clarke_radius_cv,current_shape,fault,0,1,96,36.99305555564178,0.06602070125238622,0.06681543972105908,0.02671544129382217,0.03947341472182119,0.07152184664860901,-3.2130901533290186,-3.143977035020394
clarke_radius_cv,current_shape,fault,1,1,96,54.66666666679408,0.06859458407293992,0.06167256822297268,0.02926470261447593,0.0458090661741338,0.07583400240211292,-3.195256916921602,-3.140115060223646
clarke_radius_cv,current_shape,fault,2,1,96,78.67361111129448,0.07920121451721493,0.06964784394763446,0.03211334279344444,0.054511643656467365,0.08895205087237637,-3.1286011445156223,-3.1194312168343075
clarke_radius_cv,current_shape,fault,3,1,96,109.69444444470012,0.09622958709634351,0.08992853958461107,0.03524712169337147,0.06743239532795019,0.10921991639020227,-3.0227151105949974,-3.097642236669184
clarke_radius_cv,current_shape,fault,4,1,96,152.6319444448002,0.12036267604701305,0.1183828292183311,0.04112875346192471,0.08564469911473693,0.1378955391684111,-2.8749411208325477,-3.051334745263037
clarke_radius_cv,current_shape,fault,5,1,96,207.43750000048348,0.1436124937831286,0.1416578771405891,0.046253421805175325,0.10340694218198448,0.16535045486905386,-2.733001080738909,-2.9980523457936514
clarke_radius_cv,current_shape,fault,6,1,96,279.88888888954125,0.16307011122515472,0.15304281275427223,0.05366242085665877,0.12273278232055265,0.19674210883679527,-2.615026494425182,-2.9415859280719587
clarke_radius_cv,current_shape,fault,7,1,96,376.93055555643406,0.18132539723306787,0.15117796059654484,0.06299948822636631,0.15001393176359237,0.23278564707787083,-2.505543054334439,-2.825955591139718
clarke_radius_cv,current_shape,healthy_adaptation,0,1,2,37.00000000008624,0.6087768335207715,0.012849370559207783,0.6042338949925743,0.6087768335207715,0.6133197720489688,0.00013509327222578638,0.00013509327222578638
clarke_radius_cv,current_shape,healthy_adaptation,1,1,2,54.66666666679408,0.605600033832892,0.01666688016494228,0.5997074018399647,0.605600033832892,0.6114926658258191,-0.017480186117392143,-0.017480186117392143
clarke_radius_cv,current_shape,healthy_adaptation,2,1,2,78.66666666685002,0.5567234825881201,0.01966198536291264,0.549771920997267,0.5567234825881201,0.5636750441789732,-0.30572431697589775,-0.30572431697589775
clarke_radius_cv,current_shape,healthy_adaptation,3,1,2,109.66666666692228,0.5742237448463019,0.0066207149732039425,0.571882968619374,0.5742237448463019,0.5765645210732298,-0.20621711821703118,-0.20621711821703118
clarke_radius_cv,current_shape,healthy_all,0,1,16,37.00000000008624,0.11417743232350869,0.19464634820284235,0.026036085531088615,0.03692617695784499,0.06845832041769889,-2.929578714516317,-3.13049732090792
clarke_radius_cv,current_shape,healthy_all,1,1,16,54.66666666679408,0.11205204506119447,0.1941458394530267,0.02529884747778897,0.03598511541397055,0.06531317245639012,-2.9418601070757755,-3.1440543536814993
clarke_radius_cv,current_shape,healthy_all,2,1,16,78.66666666685002,0.10535582969860673,0.17792649220331208,0.023769598448401402,0.0346458902952074,0.06555731567981278,-2.9813539927346886,-3.1468664332884195
clarke_radius_cv,current_shape,healthy_all,3,1,16,109.66666666692228,0.10996386835009189,0.1831812815760684,0.025492171187060403,0.036090823408863514,0.06985248032666036,-2.9547991404684053,-3.1369592470058585
clarke_radius_cv,current_shape,healthy_all,4,1,16,152.58333333368898,0.11809753856982744,0.18764481425968335,0.029859574133416,0.04354811929411995,0.07839320049321954,-2.906872844788802,-3.1166700040402544
clarke_radius_cv,current_shape,healthy_all,5,1,16,207.20833333381628,0.13254910400650072,0.21397441975436604,0.032603987904548104,0.047255939918156756,0.08672464284832193,-2.821952355758364,-3.1044560247658537
clarke_radius_cv,current_shape,healthy_all,6,1,16,279.85416666731896,0.13628647630484952,0.20923703570126503,0.036828230490920134,0.049861562372620044,0.09683940892607608,-2.7996346544220985,-3.0656946433796115
clarke_radius_cv,current_shape,healthy_all,7,1,16,376.50000000087755,0.13928501337554403,0.19998214952032553,0.04064871133585295,0.057373265580331435,0.10630320689900466,-2.7819867880786733,-3.0337241565011626
clarke_radius_cv,current_shape,healthy_calibration,0,1,6,37.00000000008624,0.038343497325389324,0.016312367901444875,0.02590269804932279,0.03265489609397979,0.052187680238577804,-3.378662037172509,-3.3550619001483266
clarke_radius_cv,current_shape,healthy_calibration,1,1,6,54.66666666679408,0.036524970199729855,0.015548007564515146,0.024763509965782513,0.03137545627509744,0.04992872300525562,-3.3892787910245357,-3.368447739123453
clarke_radius_cv,current_shape,healthy_calibration,2,1,6,78.66666666685002,0.03576560653095976,0.015896958887926423,0.023642357040505966,0.030612979314651425,0.04923419098337807,-3.3936993296465374,-3.3712421522722575
clarke_radius_cv,current_shape,healthy_calibration,3,1,6,109.66666666692227,0.037717894636353694,0.016276221625825534,0.02543374952033449,0.03187773785372244,0.05107492954979069,-3.3824540359680157,-3.3602340309640706
clarke_radius_cv,current_shape,healthy_calibration,4,1,6,152.6666666670225,0.04363341276416046,0.01746402480768826,0.03001618199467742,0.038617029710241585,0.05798965550133366,-3.3476183069965626,-3.3265114097951245
clarke_radius_cv,current_shape,healthy_calibration,5,1,6,207.33333333381657,0.04696361051564683,0.019343863343061783,0.03202424032619561,0.04084249484362629,0.06245577539444413,-3.328061563553408,-3.304688656461516
clarke_radius_cv,current_shape,healthy_calibration,6,1,6,279.88888888954125,0.05348976902117831,0.02165416106002324,0.037048385857179233,0.04584977831280501,0.07075944158448083,-3.289565108360231,-3.2610878950082247
clarke_radius_cv,current_shape,healthy_calibration,7,1,6,376.44444444532184,0.05921364650784652,0.024035642366371304,0.04103828398550785,0.05051851232331876,0.07831131321166282,-3.2557814939822283,-3.2237612536362814
clarke_radius_cv,current_shape,healthy_health_test,0,1,8,37.00000000008624,0.0474030332727825,0.03246982667942494,0.02586142404814168,0.03408406985280395,0.05527231710632525,-3.325194674471309,-3.2352572887955384
clarke_radius_cv,current_shape,healthy_health_test,1,1,8,54.66666666679408,0.04531035401436856,0.03130888009351716,0.024563763800511833,0.03356265655567211,0.054447354593016674,-3.3373910743538016,-3.2557973895166734
clarke_radius_cv,current_shape,healthy_health_test,2,1,8,78.66666666685002,0.04470658385196359,0.032223394233624476,0.02347678432527292,0.03157707795906109,0.05290022964401829,-3.3410024089905,-3.2523727110452096
clarke_radius_cv,current_shape,healthy_health_test,3,1,8,109.66666666692228,0.04808337951134305,0.035731955749784466,0.025032616679283085,0.03336719089213803,0.05583410616370695,-3.321203474406541,-3.2217280525919803
clarke_radius_cv,current_shape,healthy_health_test,4,1,8,152.6666666670225,0.05525654994852666,0.039560040766616116,0.029026604126122877,0.03977103964609872,0.0658090451657192,-3.2789462410677435,-3.1734067951527978
clarke_radius_cv,current_shape,healthy_health_test,5,1,8,207.1666666671495,0.06135906682488998,0.04452223756072052,0.03183382337515033,0.04384109245743783,0.07324041697689485,-3.2428927317783733,-3.1224759975922556
clarke_radius_cv,current_shape,healthy_health_test,6,1,8,280.0000000006526,0.06633320108681967,0.04792861208650316,0.03581635685367373,0.04598164925413001,0.07676763563973428,-3.213606773555229,-3.076783360505899
clarke_radius_cv,current_shape,healthy_health_test,7,1,8,376.6666666675446,0.07361220495517423,0.05099677005067194,0.03950397756136716,0.0530573665735169,0.0875320188123874,-3.1706354382630826,-3.0462688345547613
clarke_radius_cv,current_shape,healthy_unused,4,1,2,152.00000000035428,0.5928538704720314,0.005495618795887758,0.5909108758133372,0.5928538704720314,0.5947968651307256,-0.09634287304975178,-0.09634287304975178
clarke_radius_cv,current_shape,healthy_unused,5,1,2,207.00000000048246,0.6740657332055053,0.00743647801726939,0.6714365411884273,0.6740657332055053,0.6766949252225832,0.3801367717068047,0.3801367717068047
clarke_radius_cv,current_shape,healthy_unused,6,1,2,279.1666666673174,0.6644896990279825,0.0008585230339926833,0.664186165298412,0.6644896990279825,0.664793232757553,0.32604518392482196,0.32604518392482196
clarke_radius_cv,current_shape,healthy_unused,7,1,2,376.0000000008764,0.6421903476601158,0.0004605538493323286,0.6420275172851335,0.6421903476601158,0.6423531780350981,0.19399193036962953,0.19399193036962953
crest_a,current_shape,fault,0,1,96,36.99305555564178,1.664915362857883,0.3854486789087,1.4765202501154855,1.5065999273033492,1.6329330125056813,-1.8035201343162113,-1.7303092809303058
crest_a,current_shape,fault,1,1,96,54.66666666679408,1.6496301058342973,0.3080477808153496,1.488654629853898,1.5195859840735704,1.630149720374241,-1.8142983406694186,-1.726578839744796
crest_a,current_shape,fault,2,1,96,78.67361111129448,1.6692464833183027,0.31754005450904677,1.4992964299759766,1.5396218735143172,1.6461477404124625,-1.8021425703562668,-1.720304658111643
crest_a,current_shape,fault,3,1,96,109.69444444470012,1.6865052611849924,0.3368324204726768,1.5077678128590732,1.5451490330276072,1.6798794302003826,-1.7919085141698534,-1.7145074129940014
crest_a,current_shape,fault,4,1,96,152.6319444448002,1.707452757685141,0.35872179533900783,1.5149669008199742,1.5560555781109406,1.7106683890573107,-1.7819234934810935,-1.7121077709058712
crest_a,current_shape,fault,5,1,96,207.43750000048348,1.739425736685593,0.4205389577513304,1.520109146771793,1.5684316336659618,1.725921896497195,-1.7610678895163092,-1.7114637970798463
crest_a,current_shape,fault,6,1,96,279.88888888954125,1.76176553860755,0.46991114243069937,1.5251391335245286,1.5848730321359847,1.736596105799126,-1.7477049526264707,-1.7126299128117948
crest_a,current_shape,fault,7,1,96,376.93055555643406,1.766717655854113,0.4665089894210043,1.5350980249318065,1.589915323994347,1.7312897254609432,-1.7410972021595494,-1.713792707541801
crest_a,current_shape,healthy_adaptation,0,1,2,37.00000000008624,4.744526904593695,0.5916317105954493,4.535353507330176,4.744526904593695,4.953700301857214,-0.030849958508665905,-0.030849958508665905
crest_a,current_shape,healthy_adaptation,1,1,2,54.66666666679408,4.695216434920747,1.0224859584630002,4.333713057472139,4.695216434920747,5.056719812369353,-0.11004053776487395,-0.11004053776487395
crest_a,current_shape,healthy_adaptation,2,1,2,78.66666666685002,5.496997773912392,1.1180498987522125,5.101707441356081,5.496997773912392,5.892288106468703,0.35865244317045764,0.35865244317045764
crest_a,current_shape,healthy_adaptation,3,1,2,109.66666666692228,5.4724012073738395,1.5300968605222176,4.9314302744000855,5.4724012073738395,6.0133721403475935,0.296417360749633,0.296417360749633
crest_a,current_shape,healthy_all,0,1,16,37.00000000008624,1.974400827600733,1.0997578865185456,1.4919062313959333,1.5433611431473042,1.7030712571319249,-1.6341038221962132,-1.7186028047753672
crest_a,current_shape,healthy_all,1,1,16,54.66666666679408,1.9705654663093408,1.1012135629874769,1.5109823618987623,1.553642229955278,1.682599923780479,-1.6416897917350373,-1.7127330869627624
crest_a,current_shape,healthy_all,2,1,16,78.66666666685002,2.073227088146273,1.3718302253301586,1.5186166010007371,1.5466999014112865,1.7131915901574533,-1.5832767213412928,-1.7046517805049124
crest_a,current_shape,healthy_all,3,1,16,109.66666666692228,2.089890826125807,1.3870554271574627,1.5162659098221438,1.5535228990312704,1.7427137258558218,-1.5798248028614252,-1.7040199574786907
crest_a,current_shape,healthy_all,4,1,16,152.58333333368898,2.0782069349487875,1.2809038984929648,1.536831825487147,1.5780480917575541,1.7331075289401783,-1.5783650944759442,-1.6990271134265158
crest_a,current_shape,healthy_all,5,1,16,207.20833333381628,2.0849046077063123,1.19216952983216,1.5519847841602878,1.5969913328087342,1.8513059091078647,-1.5572467763876512,-1.6971480199953233
crest_a,current_shape,healthy_all,6,1,16,279.85416666731896,2.090008835233009,1.1861239583707837,1.563832420189669,1.6095252699632119,1.8153438315183839,-1.561920840267338,-1.6917353851041654
crest_a,current_shape,healthy_all,7,1,16,376.50000000087755,2.0880791571567108,1.1168407878681768,1.5789300974303082,1.634656628711896,1.847333342406497,-1.5653534546838843,-1.6894155244813573
crest_a,current_shape,healthy_calibration,0,1,6,37.00000000008624,1.547839733742058,0.08157596044042684,1.4891150204659582,1.5246713845097488,1.5744335693188432,-1.8802203460462152,-1.875855022976388
crest_a,current_shape,healthy_calibration,1,1,6,54.66666666679408,1.5567922941745447,0.06506224241585616,1.5154708505404046,1.5432552201184144,1.5826049606525636,-1.8741205290018808,-1.8674143321179604
crest_a,current_shape,healthy_calibration,2,1,6,78.66666666685002,1.5619260712039225,0.0826715737189548,1.5191758963386612,1.54630518342422,1.5647271102866638,-1.8735906570454655,-1.8707583606316263
crest_a,current_shape,healthy_calibration,3,1,6,109.66666666692227,1.5671120991726657,0.08252319719854573,1.5184831698650596,1.5497430896523259,1.5747148203033003,-1.8702374455535233,-1.8661687952884844
crest_a,current_shape,healthy_calibration,4,1,6,152.6666666670225,1.5894151050394607,0.07602433945202625,1.5415392665921335,1.5651161386414163,1.6300391040029387,-1.854367227959428,-1.8379368413160537
crest_a,current_shape,healthy_calibration,5,1,6,207.33333333381657,1.615138042863219,0.10444449749173601,1.5561968454147408,1.5748570973609848,1.6381383392129354,-1.8409365415720655,-1.8332591203996569
crest_a,current_shape,healthy_calibration,6,1,6,279.88888888954125,1.6359869653283983,0.09127824070645431,1.5720810383111312,1.6055256116586056,1.6910299168004994,-1.8261566195106174,-1.808256954840858
crest_a,current_shape,healthy_calibration,7,1,6,376.44444444532184,1.6504325064604732,0.10482918620776097,1.5719014773154747,1.6051478237739094,1.7264382262474456,-1.8154135812897145,-1.7898300967048502
crest_a,current_shape,healthy_health_test,0,1,8,37.00000000008624,1.6017901287464988,0.17282395583105997,1.494193786066996,1.5285882068816732,1.6257744371491893,-1.8503298952305984,-1.8136636138786546
crest_a,current_shape,healthy_health_test,1,1,8,54.66666666679408,1.5997326032575865,0.14569798973234865,1.5000241813816562,1.539103409490218,1.6434993716999609,-1.8502790522774455,-1.8154331343107832
crest_a,current_shape,healthy_health_test,2,1,8,78.66666666685002,1.6007601794115067,0.14431134474741503,1.5117764870330441,1.5329713506578568,1.6531043312460563,-1.8510235606911007,-1.8189168199316392
crest_a,current_shape,healthy_health_test,3,1,8,109.66666666692228,1.6363472760286544,0.21228081800077356,1.5126584646446557,1.5361306776744628,1.6525653057157497,-1.8310758617451164,-1.7841163448174617
crest_a,current_shape,healthy_health_test,4,1,8,152.6666666670225,1.6479275363034926,0.19084656445059836,1.5288687052712358,1.5605264067541715,1.6861633937718916,-1.823127177733794,-1.7844941768182876
crest_a,current_shape,healthy_health_test,5,1,8,207.1666666671495,1.6805304286571705,0.2099240480652009,1.538454382969149,1.5879326977696124,1.7309153207362487,-1.7988611872124638,-1.7146053393314817
crest_a,current_shape,healthy_health_test,6,1,8,280.0000000006526,1.681256671334717,0.20106266933917133,1.5476447397550808,1.5881715972266917,1.7296442055356553,-1.800672947614215,-1.732778004721387
crest_a,current_shape,healthy_health_test,7,1,8,376.6666666675446,1.7197043469277682,0.2248476321790326,1.5772144442610687,1.6219087112766386,1.7612057329760602,-1.7767909324094284,-1.7067673091514495
crest_a,current_shape,healthy_unused,4,1,2,152.00000000035428,5.265700019257945,1.044995047065235,4.896238477214854,5.265700019257945,5.635161561301037,0.22868963900590628,0.22868963900590628
crest_a,current_shape,healthy_unused,5,1,2,207.00000000048246,5.11170101843216,0.027896609892063808,5.101838077418763,5.11170101843216,5.121563959445557,0.26028016246484303,0.26028016246484303
crest_a,current_shape,healthy_unused,6,1,2,279.1666666673174,5.087083100540012,0.49026380510841655,4.91374866995877,5.087083100540012,5.260417531121252,0.18579492685000934,0.18579492685000934
crest_a,current_shape,healthy_unused,7,1,2,376.0000000008764,4.874518350161193,0.7333927202414812,4.615224867283393,4.874518350161193,5.133811833038992,0.03057683603578209,0.03057683603578209
crest_b,current_shape,fault,0,1,96,36.99305555564178,1.6426767432090277,0.36299846587462636,1.465938953794876,1.492579744073592,1.5770394049745695,-1.7778231114435197,-1.4820572745873402
crest_b,current_shape,fault,1,1,96,54.66666666679408,1.6356201212882182,0.31940267296464653,1.4743781028859,1.5013289923356627,1.596235048809681,-1.7832629952595827,-1.481746910762816
crest_b,current_shape,fault,2,1,96,78.67361111129448,1.6437502873208203,0.3314638522934462,1.4738650041010788,1.5070924031584831,1.6044600043760655,-1.7773261083802996,-1.4818396297880407
crest_b,current_shape,fault,3,1,96,109.69444444470012,1.6539063825881255,0.34506121510359605,1.4784828272840413,1.509784232323704,1.6218441675096138,-1.771985521810974,-1.4869538845541683
crest_b,current_shape,fault,4,1,96,152.6319444448002,1.7095505941587208,0.45917070716481484,1.4865953319636096,1.5295167291911564,1.658122901215774,-1.7325350577237935,-1.4864748754255508
crest_b,current_shape,fault,5,1,96,207.43750000048348,1.7634095574585358,0.5597714512689408,1.500615758610607,1.5639104554906367,1.7352292577382344,-1.6980720018680495,-1.490167053708548
crest_b,current_shape,fault,6,1,96,279.88888888954125,1.795834843958206,0.591081596777479,1.5167470782157022,1.576888252176252,1.7384918492392976,-1.6681545674146527,-1.4836576872787708
crest_b,current_shape,fault,7,1,96,376.93055555643406,1.8082913608489075,0.564235243781272,1.5225371542199424,1.5982309025895372,1.7700025992025403,-1.6563167796107114,-1.4716653282760215
crest_b,current_shape,healthy_adaptation,0,1,2,37.00000000008624,4.455470197391156,0.1951523402286183,4.386473425821116,4.455470197391156,4.524466968961196,0.1256095234047904,0.1256095234047904
crest_b,current_shape,healthy_adaptation,1,1,2,54.66666666679408,4.7727484071617905,0.036723399966812176,4.75976472458941,4.7727484071617905,4.78573208973417,0.30764645724479545,0.30764645724479545
crest_b,current_shape,healthy_adaptation,2,1,2,78.66666666685002,4.94420778282576,0.580282449877831,4.739046955169682,4.94420778282576,5.149368610481838,0.3521033945271868,0.3521033945271868
crest_b,current_shape,healthy_adaptation,3,1,2,109.66666666692228,4.99963294247963,0.596847412937785,4.788615515968653,4.99963294247963,5.210650368990608,0.38698961480906857,0.38698961480906857
crest_b,current_shape,healthy_all,0,1,16,37.00000000008624,1.9451036735735405,0.9899014546803204,1.498421185511954,1.5401745892969605,1.7307544222016586,-1.5774701954350134,-1.4583052862495562
crest_b,current_shape,healthy_all,1,1,16,54.66666666679408,1.9786557663797628,1.0973554270854484,1.510106620534566,1.5357557322733895,1.685816115442512,-1.5596700513159376,-1.4574580207373504
crest_b,current_shape,healthy_all,2,1,16,78.66666666685002,2.004823204284353,1.163769662600825,1.5098592535503104,1.5451763596315606,1.7135794586700699,-1.5510675352852452,-1.455732184598825
crest_b,current_shape,healthy_all,3,1,16,109.66666666692228,2.0377813258435697,1.1741767063291428,1.5233685804649701,1.5748477607687486,1.7609649394990878,-1.527126563501583,-1.4482984915425126
crest_b,current_shape,healthy_all,4,1,16,152.58333333368898,2.0135415340280653,1.054206194693852,1.5389656497031443,1.585643221958551,1.7628608359405007,-1.5349495991510078,-1.4457131538022299
crest_b,current_shape,healthy_all,5,1,16,207.20833333381628,2.112491243333129,1.2774528401209038,1.5523686697548074,1.6038900816289385,1.8009141300610445,-1.4571104956412715,-1.4422929555802733
crest_b,current_shape,healthy_all,6,1,16,279.85416666731896,2.1908416944113958,1.4360576452728973,1.5616986946669504,1.6259732368382949,1.8199224287045939,-1.4234273671233693,-1.4347186891261436
crest_b,current_shape,healthy_all,7,1,16,376.50000000087755,2.0892125350980244,1.109008829739997,1.5782755720110888,1.636875293785619,1.8597863208813452,-1.4889124837607575,-1.426892395606822
crest_b,current_shape,healthy_calibration,0,1,6,37.00000000008624,1.5537910272603508,0.08580277758959658,1.4972190289126803,1.5155932693713068,1.5922447660762145,-1.8420074413560033,-1.824732143431047
crest_b,current_shape,healthy_calibration,1,1,6,54.66666666679408,1.5577734543303883,0.0732194887586085,1.51497567191086,1.53205465944861,1.6018027421033345,-1.8388227263466288,-1.8192868321635873
crest_b,current_shape,healthy_calibration,2,1,6,78.66666666685002,1.5600837969599866,0.0719484591054848,1.515183656318139,1.5396428473059633,1.5782060051126412,-1.8385222263480552,-1.8343982751438714
crest_b,current_shape,healthy_calibration,3,1,6,109.66666666692227,1.590880439776791,0.08578321281869507,1.5330921657263255,1.5694199232627937,1.6451154400763375,-1.8162057694270066,-1.7968944726764815
crest_b,current_shape,healthy_calibration,4,1,6,152.6666666670225,1.5898409729298333,0.06975876946703312,1.5441477222835693,1.5656700212033332,1.62620103557477,-1.8168116427578198,-1.8031533185543047
crest_b,current_shape,healthy_calibration,5,1,6,207.33333333381657,1.6154096602756172,0.08951163196739938,1.5474454556478687,1.588351359654523,1.6782746434468698,-1.798949652740891,-1.7777337391083676
crest_b,current_shape,healthy_calibration,6,1,6,279.88888888954125,1.636519665780561,0.0908873913114238,1.5711574111930824,1.6096882229703597,1.7038035251636814,-1.7844263340918187,-1.7600026039623144
crest_b,current_shape,healthy_calibration,7,1,6,376.44444444532184,1.6522060304023132,0.10267405212149971,1.579623956896493,1.6167066093858697,1.7256121640143134,-1.7745893902440564,-1.7466858478855207
crest_b,current_shape,healthy_health_test,0,1,8,37.00000000008624,1.610996527354029,0.17238824890777876,1.4951887574914506,1.5401745892969605,1.6461029195717656,-1.804837190704222,-1.7369154365194435
crest_b,current_shape,healthy_health_test,1,1,8,54.66666666679408,1.595794340221287,0.16268201116256334,1.4944188329736923,1.5224245917470751,1.6263827445548487,-1.8171346721831023,-1.7778920005936034
crest_b,current_shape,healthy_health_test,2,1,8,78.66666666685002,1.6035316151422758,0.16809224871618167,1.4962846519032262,1.5277760506534608,1.6397757351986624,-1.8112692494412455,-1.7534945893455227
crest_b,current_shape,healthy_health_test,3,1,8,109.66666666692228,1.6324940862346384,0.18119801736922606,1.513611293132209,1.550491344368032,1.6774629008071635,-1.7888462036351778,-1.7051788796329468
crest_b,current_shape,healthy_health_test,4,1,8,152.6666666670225,1.6634834019175258,0.21116217448181457,1.5285657514306743,1.5738931378440042,1.7060044960700533,-1.7686006224704423,-1.6830944849155811
crest_b,current_shape,healthy_health_test,5,1,8,207.1666666671495,1.6792405708880143,0.20055105356954553,1.5503063135567934,1.5871516800502603,1.7437170694609467,-1.7571753772981085,-1.6676141822496386
crest_b,current_shape,healthy_health_test,6,1,8,280.0000000006526,1.6969879352077473,0.2132677847053682,1.5560981804790228,1.6094457156640383,1.7418105668371353,-1.7452856898753193,-1.6559968293498812
crest_b,current_shape,healthy_health_test,7,1,8,376.6666666675446,1.7175272960216321,0.2191467284640775,1.575644074328784,1.6174842017740256,1.7863391466011656,-1.7314197751498084,-1.629692657600709
crest_b,current_shape,healthy_unused,4,1,2,152.00000000035428,4.684875745764921,0.06550828617313399,4.661715069076455,4.684875745764921,4.708036422453387,0.2452406249471646,0.2452406249471646
crest_b,current_shape,healthy_unused,5,1,2,207.00000000048246,5.336738682286123,0.6172088675799433,5.118522394448999,5.336738682286123,5.554954970123247,0.7686665022849362,0.7686665022849362
crest_b,current_shape,healthy_unused,6,1,2,279.1666666673174,5.829222817118492,0.551211975759265,5.6343399541531864,5.829222817118492,6.024105680083798,0.9470028247897793,0.9470028247897793
crest_b,current_shape,healthy_unused,7,1,2,376.0000000008764,4.886973005490725,0.39197856536806985,4.748387654664958,4.886973005490725,5.025558356316494,0.3381474012453429,0.3381474012453429
crest_c,current_shape,fault,0,1,96,36.99305555564178,1.6927150152531656,0.5012814777735097,1.4628177684964478,1.4913331921641277,1.6087383590459636,-1.2823782865210933,-1.3727518840213313
crest_c,current_shape,fault,1,1,96,54.66666666679408,1.6613205288359598,0.3977654327571852,1.4629500584645243,1.4870599340600976,1.6375841278688044,-1.2961953985961017,-1.3749970032850638
crest_c,current_shape,fault,2,1,96,78.67361111129448,1.6882988127079672,0.4189818178578661,1.4748579460462403,1.512174886355825,1.6582059666528732,-1.2839232228072013,-1.3685107933878164
crest_c,current_shape,fault,3,1,96,109.69444444470012,1.7032552168697725,0.4035870057035179,1.4962205336434558,1.5367237323410334,1.6497325208369131,-1.27629719266902,-1.357351624251601
crest_c,current_shape,fault,4,1,96,152.6319444448002,1.757021976024703,0.44226242129156523,1.5252179348358283,1.577042435242137,1.7261080688314703,-1.2514012375071288,-1.3338671967367655
crest_c,current_shape,fault,5,1,96,207.43750000048348,1.808503384250459,0.5042158739666175,1.5534775541046857,1.6059540094160034,1.7636246920934229,-1.227210026954659,-1.3213639992025625
crest_c,current_shape,fault,6,1,96,279.88888888954125,1.8344587073499528,0.5329300180146186,1.5690381337273196,1.6159798383868829,1.8027618295016299,-1.2161437881415613,-1.3105483338161283
crest_c,current_shape,fault,7,1,96,376.93055555643406,1.8556013373789897,0.5690219624416777,1.5712587419676627,1.6295494014439988,1.8031055859105405,-1.207250440233014,-1.3064486261307504
crest_c,current_shape,healthy_adaptation,0,1,2,37.00000000008624,5.030210713151275,0.009943352834609575,5.026695207042733,5.030210713151275,5.033726219259817,0.2748474685269326,0.2748474685269326
crest_c,current_shape,healthy_adaptation,1,1,2,54.66666666679408,5.245200028458344,0.008723882223163603,5.242115670319207,5.245200028458344,5.248284386597479,0.3745812089241603,0.3745812089241603
crest_c,current_shape,healthy_adaptation,2,1,2,78.66666666685002,5.850677791451383,0.38129668628012425,5.715869055195065,5.850677791451383,5.9854865277077005,0.6676364046887947,0.6676364046887947
crest_c,current_shape,healthy_adaptation,3,1,2,109.66666666692228,5.790963075226885,0.7913215651714802,5.511188652810931,5.790963075226885,6.070737497642838,0.60753928173762,0.60753928173762
crest_c,current_shape,healthy_all,0,1,16,37.00000000008624,2.036575437228418,1.1797804690805145,1.505411904808998,1.5387975781914682,1.7477826044165652,-1.1223769144584281,-1.3502252742176761
crest_c,current_shape,healthy_all,1,1,16,54.66666666679408,2.0600111132573637,1.2530271281754863,1.5090666045019512,1.5418674964243395,1.7775687619902212,-1.1114734781427456,-1.3460148174914068
crest_c,current_shape,healthy_all,2,1,16,78.66666666685002,2.141097466028944,1.4590323740171922,1.5101005014113984,1.5843771323673561,1.7413405078436361,-1.0720784475528855,-1.3397094673081469
crest_c,current_shape,healthy_all,3,1,16,109.66666666692228,2.149750485249962,1.4459436413326927,1.5216925173287663,1.5666550131387895,1.7769304592133588,-1.0721404699011954,-1.3373073689191672
crest_c,current_shape,healthy_all,4,1,16,152.58333333368898,2.0982642281331194,1.230110007232685,1.550718255826909,1.616533692892248,1.7981857194939221,-1.0916446399090152,-1.3283232113719645
crest_c,current_shape,healthy_all,5,1,16,207.20833333381628,2.1303001900040948,1.2503338443739287,1.5689493222011712,1.6215890271280782,1.838826159810598,-1.0783048398643416,-1.3175291794128117
crest_c,current_shape,healthy_all,6,1,16,279.85416666731896,2.150295867486349,1.2775585136030545,1.581438674295577,1.6347688670845935,1.8622514923661448,-1.0719194366330462,-1.314354504000474
crest_c,current_shape,healthy_all,7,1,16,376.50000000087755,2.0461941136788404,0.8974419207452026,1.6069000295575524,1.6587388148660893,1.9154854988697814,-1.1171647747924547,-1.293636523027327
crest_c,current_shape,healthy_calibration,0,1,6,37.00000000008624,1.572599742402363,0.09901673181526627,1.5023024526304547,1.5323524714444772,1.652414865170361,-1.3383456134667775,-1.3641823357772107
crest_c,current_shape,healthy_calibration,1,1,6,54.66666666679408,1.574942067344091,0.0981319207024806,1.5159955434401688,1.5381265516061315,1.6138019386311178,-1.337493869501758,-1.3538825858293482
crest_c,current_shape,healthy_calibration,2,1,6,78.66666666685002,1.58749053282136,0.0755801235208936,1.5306459446808947,1.5843771323673561,1.6309157240985155,-1.3311788149470334,-1.3322677797966787
crest_c,current_shape,healthy_calibration,3,1,6,109.66666666692227,1.5974269262403789,0.08756693167882117,1.53258387795933,1.5666550131387895,1.6497327055886297,-1.3264960972954234,-1.3368189248370785
crest_c,current_shape,healthy_calibration,4,1,6,152.6666666670225,1.607506396254606,0.08175498455537844,1.550454509912929,1.5794393570142073,1.6500463337372597,-1.3220742964304788,-1.331968316771623
crest_c,current_shape,healthy_calibration,5,1,6,207.33333333381657,1.636891226150273,0.0844032842123415,1.5736023014888518,1.597867891488653,1.6975209551584853,-1.3081306830430643,-1.3201138845012665
crest_c,current_shape,healthy_calibration,6,1,6,279.88888888954125,1.654731190091242,0.09737355226757022,1.5855745970516844,1.6101335299978285,1.7194846368981653,-1.2999030730331051,-1.314354504000474
crest_c,current_shape,healthy_calibration,7,1,6,376.44444444532184,1.6754380059263554,0.10580919736312833,1.6049020886213266,1.6329975319079608,1.7456589422918345,-1.2903585502988468,-1.3085632574738675
crest_c,current_shape,healthy_health_test,0,1,8,37.00000000008624,1.636148389367245,0.21746241845734923,1.5028262023950452,1.5295537498250318,1.6829667934731276,-1.3097064859485061,-1.352837800704373
crest_c,current_shape,healthy_health_test,1,1,8,54.66666666679408,1.627515668892074,0.20836166418008323,1.5014889464386114,1.528768182107176,1.670513932010782,-1.3134718563902126,-1.3527180967120733
crest_c,current_shape,healthy_health_test,2,1,8,78.66666666685002,1.628907584579023,0.2063696718980922,1.4891375975350716,1.542656509621889,1.6620580341896,-1.312681885067695,-1.355633345894176
crest_c,current_shape,healthy_health_test,3,1,8,109.66666666692228,1.6536900070129188,0.2332783233907344,1.5117637614095933,1.5421239629768109,1.6728032589502253,-1.3012936872652283,-1.3497460540737776
crest_c,current_shape,healthy_health_test,4,1,8,152.6666666670225,1.6889786521064003,0.21584425741493318,1.5466157493474137,1.6089030036444578,1.7192686481461623,-1.284260165057501,-1.3294389608950588
crest_c,current_shape,healthy_health_test,5,1,8,207.1666666671495,1.7077071127328554,0.24241357239487157,1.5494953060044163,1.599279586286042,1.7600396096184958,-1.275085068551515,-1.3247110649231537
crest_c,current_shape,healthy_health_test,6,1,8,280.0000000006526,1.7243463503716807,0.2420424988545772,1.5705032857000907,1.6198516498727156,1.7530399421431846,-1.2678390614881863,-1.3193697335420072
crest_c,current_shape,healthy_health_test,7,1,8,376.6666666675446,1.7630516213898564,0.2612023664607131,1.6016869006943961,1.6448963375316636,1.8292694659333608,-1.2493969892014107,-1.2970590017520858
crest_c,current_shape,healthy_unused,4,1,2,152.00000000035428,5.207680027875536,0.4646597314964388,5.0433980043328095,5.207680027875536,5.371962051418262,0.3701064302493192,0.3701064302493192
crest_c,current_shape,healthy_unused,5,1,2,207.00000000048246,5.300899390650517,0.09087681606206122,5.268769584205454,5.300899390650517,5.33302919709558,0.3982936044205193,0.3982936044205193
crest_c,current_shape,healthy_unused,6,1,2,279.1666666673174,5.340787968130343,0.861038081939928,5.036365034830553,5.340787968130343,5.645210901430134,0.3957099719876901,0.3957099719876901
crest_c,current_shape,healthy_unused,7,1,2,376.0000000008764,4.291032406092232,0.052435840931300055,4.2724935367423615,4.291032406092232,4.309571275442103,-0.06865459063745305,-0.06865459063745305
fundamental_amplitude_cv,current_shape,fault,0,1,96,36.99305555564178,0.016016838866587436,0.014235569023266588,0.006504930273889624,0.010460141566434326,0.02192702354885178,-0.2776845971577235,-0.6349973465697307
fundamental_amplitude_cv,current_shape,fault,1,1,96,54.66666666679408,0.02343850109939657,0.0218937748179742,0.007716556623272612,0.012635304065649474,0.03290725537962724,0.16486885520127395,-0.537483313648323
fundamental_amplitude_cv,current_shape,fault,2,1,96,78.67361111129448,0.03374886851466407,0.03432677557097408,0.008146115115896305,0.019127674316667544,0.04695675484363848,0.7774269821262458,-0.24858305762689825
fundamental_amplitude_cv,current_shape,fault,3,1,96,109.69444444470012,0.04683765439773652,0.05122933508759403,0.009472685870569389,0.026391581875093283,0.0651273802948987,1.5550462908616154,0.09073749225025537
fundamental_amplitude_cv,current_shape,fault,4,1,96,152.6319444448002,0.06264147437386798,0.07036417858263606,0.01177941306617018,0.03328894877881154,0.08541924168286198,2.48521117783474,0.34609001323588484
fundamental_amplitude_cv,current_shape,fault,5,1,96,207.43750000048348,0.07992641224989024,0.08686803309973298,0.013921450917740212,0.043327686146909995,0.11419400862239464,3.4924346253755285,0.7802728800804035
fundamental_amplitude_cv,current_shape,fault,6,1,96,279.88888888954125,0.09628344931809563,0.09523874031339331,0.018111021769629955,0.055102381946533274,0.14629610464679788,4.425932092670865,1.4173680262178925
fundamental_amplitude_cv,current_shape,fault,7,1,96,376.93055555643406,0.11383099941539508,0.0997737564205687,0.024199173489675763,0.07097947031145038,0.1798442070402671,5.403667011723541,2.524304906358877
fundamental_amplitude_cv,current_shape,healthy_adaptation,0,1,2,37.00000000008624,0.03606710330760675,0.007203189061918826,0.03352039139168096,0.03606710330760675,0.03861381522353253,0.6828492605133402,0.6828492605133402
fundamental_amplitude_cv,current_shape,healthy_adaptation,1,1,2,54.66666666679408,0.034283740864431166,0.002104599665870794,0.03353965251672107,0.034283740864431166,0.03502782921214126,0.5505949480380667,0.5505949480380667
fundamental_amplitude_cv,current_shape,healthy_adaptation,2,1,2,78.66666666685002,0.02393527066299124,0.0035977424264100853,0.02266327662965268,0.02393527066299124,0.025207264696329796,-0.009425071004045365,-0.009425071004045365
fundamental_amplitude_cv,current_shape,healthy_adaptation,3,1,2,109.66666666692228,0.03207731799507318,0.011776492257758698,0.027913699228047154,0.03207731799507318,0.036240936762099205,0.3211970883752936,0.3211970883752936
fundamental_amplitude_cv,current_shape,healthy_all,0,1,16,37.00000000008624,0.009233721736237382,0.010778607071079195,0.004082184986084067,0.00525822051300981,0.007951681224037884,-0.7104770909673573,-0.8277211016251753
fundamental_amplitude_cv,current_shape,healthy_all,1,1,16,54.66666666679408,0.009559177442405788,0.009785655737517987,0.005240883592553095,0.005982150883962523,0.0074804202918817885,-0.696301145202088,-0.8157080482102219
fundamental_amplitude_cv,current_shape,healthy_all,2,1,16,78.66666666685002,0.008709726359469086,0.0062464038037053846,0.005662729147914736,0.006544561302505296,0.008312342548904197,-0.7441386142762869,-0.8030270504225985
fundamental_amplitude_cv,current_shape,healthy_all,3,1,16,109.66666666692228,0.010752735082943422,0.009214734988567525,0.0062165275285898935,0.007726634141535363,0.010453032338204103,-0.6590401057826769,-0.7698938586052728
fundamental_amplitude_cv,current_shape,healthy_all,4,1,16,152.58333333368898,0.015116326763517478,0.01770080330090233,0.007316756145101733,0.00908814642622093,0.01234356273183738,-0.46717175132519717,-0.6955626150355504
fundamental_amplitude_cv,current_shape,healthy_all,5,1,16,207.20833333381628,0.020475389566720847,0.028692377445776563,0.008598058729136503,0.010955073084889255,0.015206718459891654,-0.23750112200235168,-0.6146446226748419
fundamental_amplitude_cv,current_shape,healthy_all,6,1,16,279.85416666731896,0.025655764501265922,0.03440387240192615,0.010335507353898446,0.013425477513025395,0.019022342424662393,0.017911251586022758,-0.5216806138716965
fundamental_amplitude_cv,current_shape,healthy_all,7,1,16,376.50000000087755,0.03167387678446991,0.04611784464059438,0.012808340916139246,0.015959463803441563,0.023678326483673254,0.2536401496601419,-0.3847964247369627
fundamental_amplitude_cv,current_shape,healthy_calibration,0,1,6,37.00000000008624,0.0053274301661992264,0.0019272964047079484,0.004063759343999382,0.0048270438258222,0.005977844877570693,-0.9127865096414819,-0.9237786287720176
fundamental_amplitude_cv,current_shape,healthy_calibration,1,1,6,54.66666666679408,0.005850291729739806,0.0013509080865121174,0.004964851786064829,0.005707067575217507,0.006430770789094814,-0.8822093068711035,-0.8783237153253545
fundamental_amplitude_cv,current_shape,healthy_calibration,2,1,6,78.66666666685002,0.0064521999342994005,0.0015551710241767196,0.005758281906680125,0.006370479842596734,0.0067956680037075815,-0.8515766755184847,-0.8413572013591675
fundamental_amplitude_cv,current_shape,healthy_calibration,3,1,6,109.66666666692227,0.007449426974622266,0.002323995540818711,0.006054367740177156,0.007358286500524456,0.00812755569546169,-0.8094886914881719,-0.7929179950499413
fundamental_amplitude_cv,current_shape,healthy_calibration,4,1,6,152.6666666670225,0.008966689908676863,0.0029832000741039193,0.0070976959171667195,0.008631371558464457,0.010021293304608474,-0.7416756399114628,-0.7330009729042756
fundamental_amplitude_cv,current_shape,healthy_calibration,5,1,6,207.33333333381657,0.011029477635313499,0.0037211002909403965,0.008718820864812874,0.010070894848123388,0.012127619797898118,-0.646093510488528,-0.6659776245433153
fundamental_amplitude_cv,current_shape,healthy_calibration,6,1,6,279.88888888954125,0.013429563683180474,0.00474157513758562,0.010259995056660982,0.012141446043047156,0.015126244606441666,-0.5379504601331436,-0.5686391512446451
fundamental_amplitude_cv,current_shape,healthy_calibration,7,1,6,376.44444444532184,0.016683665956926445,0.006064765944289976,0.012636717503520783,0.015159805278241845,0.018747108092034587,-0.3876278862899241,-0.41691834249557835
fundamental_amplitude_cv,current_shape,healthy_health_test,0,1,8,37.00000000008624,0.005455095020923656,0.0019411959182513865,0.004082184986084067,0.0052477808565944,0.006019557223026049,-0.9070766148319382,-0.9024916103970755
fundamental_amplitude_cv,current_shape,healthy_health_test,1,1,8,54.66666666679408,0.00615970087139893,0.0018987653997067017,0.005240883592553095,0.005982150883962523,0.006674722543453202,-0.8685940472603649,-0.8704312299399788
fundamental_amplitude_cv,current_shape,healthy_health_test,2,1,8,78.66666666685002,0.00659648510246581,0.002080096533601818,0.005393221323274263,0.006098833739114356,0.007608740423068434,-0.847238454162699,-0.8226384544170247
fundamental_amplitude_cv,current_shape,healthy_health_test,3,1,8,109.66666666692228,0.007899070436151852,0.003114152316276731,0.0060445289919337985,0.00718741753058141,0.008760031537129915,-0.7912629650430482,-0.7825203207656679
fundamental_amplitude_cv,current_shape,healthy_health_test,4,1,8,152.6666666670225,0.009587035809766711,0.004127513716211269,0.007248798345310745,0.008731101590650827,0.010346960969155296,-0.7146908434450124,-0.7083989406626541
fundamental_amplitude_cv,current_shape,healthy_health_test,5,1,8,207.1666666671495,0.011688109872732826,0.005447723229892901,0.008401516778053404,0.010435420584727843,0.012325047047429778,-0.6201162244032734,-0.6338970065781167
fundamental_amplitude_cv,current_shape,healthy_health_test,6,1,8,280.0000000006526,0.014414935374799659,0.006847973023330179,0.01018415001495368,0.01266959257019806,0.01517575760461621,-0.4953435710243104,-0.5496850728158883
fundamental_amplitude_cv,current_shape,healthy_health_test,7,1,8,376.6666666675446,0.01794422656365953,0.00931568480802633,0.012683763579800774,0.014932174910030089,0.01864766694100429,-0.3369935797188422,-0.4338186482212043
fundamental_amplitude_cv,current_shape,healthy_unused,4,1,2,152.00000000035428,0.05568240114304239,0.02780861581033206,0.04585057073559377,0.05568240114304239,0.065514231550491,1.346416282912861,1.346416282912861
fundamental_amplitude_cv,current_shape,healthy_unused,5,1,2,207.00000000048246,0.08396224413689499,0.0534562241621453,0.06506261483605444,0.08396224413689499,0.10286187343773555,2.518736453059864,2.518736453059864
fundamental_amplitude_cv,current_shape,healthy_unused,6,1,2,279.1666666673174,0.10729768346138732,0.04555419882782814,0.09119184201004855,0.10729768346138732,0.1234035249127261,3.738515677184855,3.738515677184855
fundamental_amplitude_cv,current_shape,healthy_unused,7,1,2,376.0000000008764,0.13156311015034183,0.09110142880472624,0.09935389110853915,0.13156311015034183,0.16377232919214454,4.539979175026277,4.539979175026277
fundamental_hz,speed_proxy,fault,0,1,96,36.99305555564178,36.99305555564178,0.04785862872137676,37.00000000008624,37.00000000008624,37.00000000008624,-0.8395744546200953,-0.8393662784597631
fundamental_hz,speed_proxy,fault,1,1,96,54.66666666679408,54.66666666679408,0.0,54.66666666679408,54.66666666679408,54.66666666679408,-0.30976612657443636,-0.30976612657443636
fundamental_hz,speed_proxy,fault,2,1,96,78.67361111129448,78.67361111129448,0.047858628721375626,78.66666666685002,78.66666666685002,78.66666666685002,0.4098988596942641,0.40969068353393184
fundamental_hz,speed_proxy,fault,3,1,96,109.69444444470012,109.69444444470012,0.13391685180351404,109.66666666692228,109.66666666692228,109.66666666692228,1.3398217678985702,1.338989063257241
fundamental_hz,speed_proxy,fault,4,1,96,152.6319444448002,152.6319444448002,0.1565652278298607,152.6666666670225,152.6666666670225,152.6666666670225,2.6269749672330724,2.628015848034734
fundamental_hz,speed_proxy,fault,5,1,96,207.43750000048348,207.43750000048348,0.34305984679073037,207.33333333381657,207.33333333381657,207.33333333381657,4.269901224575446,4.266778582170462
fundamental_hz,speed_proxy,fault,6,1,96,279.88888888954125,279.88888888954125,0.5156422592965123,279.6666666673185,279.6666666673185,280.0000000006526,6.44180310532215,6.4351414681915164
fundamental_hz,speed_proxy,fault,7,1,96,376.93055555643406,376.93055555643406,0.5340273262545072,376.6666666675446,376.6666666675446,377.0000000008787,9.350856769805466,9.342946075712838
fundamental_hz,speed_proxy,healthy_adaptation,0,1,2,37.00000000008624,37.00000000008624,0.0,37.00000000008624,37.00000000008624,37.00000000008624,-0.8393662784597631,-0.8393662784597631
fundamental_hz,speed_proxy,healthy_adaptation,1,1,2,54.66666666679408,54.66666666679408,0.0,54.66666666679408,54.66666666679408,54.66666666679408,-0.30976612657443636,-0.30976612657443636
fundamental_hz,speed_proxy,healthy_adaptation,2,1,2,78.66666666685002,78.66666666685002,0.0,78.66666666685002,78.66666666685002,78.66666666685002,0.40969068353393184,0.40969068353393184
fundamental_hz,speed_proxy,healthy_adaptation,3,1,2,109.66666666692228,109.66666666692228,0.0,109.66666666692228,109.66666666692228,109.66666666692228,1.338989063257241,1.338989063257241
fundamental_hz,speed_proxy,healthy_all,0,1,16,37.00000000008624,37.00000000008624,0.0,37.00000000008624,37.00000000008624,37.00000000008624,-0.8393662784597631,-0.8393662784597631
fundamental_hz,speed_proxy,healthy_all,1,1,16,54.66666666679408,54.66666666679408,0.0,54.66666666679408,54.66666666679408,54.66666666679408,-0.30976612657443636,-0.30976612657443636
fundamental_hz,speed_proxy,healthy_all,2,1,16,78.66666666685002,78.66666666685002,0.0,78.66666666685002,78.66666666685002,78.66666666685002,0.40969068353393184,0.40969068353393184
fundamental_hz,speed_proxy,healthy_all,3,1,16,109.66666666692228,109.66666666692228,0.0,109.66666666692228,109.66666666692228,109.66666666692228,1.338989063257241,1.338989063257241
fundamental_hz,speed_proxy,healthy_all,4,1,16,152.58333333368898,152.58333333368898,0.2277100170218547,152.6666666670225,152.6666666670225,152.6666666670225,2.6255177341107467,2.628015848034734
fundamental_hz,speed_proxy,healthy_all,5,1,16,207.20833333381628,207.20833333381628,0.23959842947663618,207.25000000048306,207.33333333381657,207.33333333381657,4.26303141128448,4.266778582170462
fundamental_hz,speed_proxy,healthy_all,6,1,16,279.85416666731896,279.85416666731896,0.42108765692624867,279.58333333398497,280.0000000006526,280.08333333398616,6.440762224520489,6.445133923887466
fundamental_hz,speed_proxy,healthy_all,7,1,16,376.50000000087755,376.50000000087755,0.24343224778059866,376.33333333421047,376.6666666675446,376.6666666675446,9.337949847864863,9.342946075712838
fundamental_hz,speed_proxy,healthy_calibration,0,1,6,37.00000000008624,37.00000000008624,0.0,37.00000000008624,37.00000000008624,37.00000000008624,-0.8393662784597632,-0.8393662784597631
fundamental_hz,speed_proxy,healthy_calibration,1,1,6,54.66666666679408,54.66666666679408,0.0,54.66666666679408,54.66666666679408,54.66666666679408,-0.30976612657443636,-0.30976612657443636
fundamental_hz,speed_proxy,healthy_calibration,2,1,6,78.66666666685002,78.66666666685002,0.0,78.66666666685002,78.66666666685002,78.66666666685002,0.40969068353393184,0.40969068353393184
fundamental_hz,speed_proxy,healthy_calibration,3,1,6,109.66666666692227,109.66666666692227,0.0,109.66666666692228,109.66666666692228,109.66666666692228,1.338989063257241,1.338989063257241
fundamental_hz,speed_proxy,healthy_calibration,4,1,6,152.6666666670225,152.6666666670225,0.0,152.6666666670225,152.6666666670225,152.6666666670225,2.628015848034734,2.628015848034734
fundamental_hz,speed_proxy,healthy_calibration,5,1,6,207.33333333381657,207.33333333381657,0.0,207.33333333381657,207.33333333381657,207.33333333381657,4.266778582170462,4.266778582170462
fundamental_hz,speed_proxy,healthy_calibration,6,1,6,279.88888888954125,279.88888888954125,0.17213259316516388,279.75000000065205,280.0000000006526,280.0000000006526,6.44180310532215,6.445133923887466
fundamental_hz,speed_proxy,healthy_calibration,7,1,6,376.44444444532184,376.44444444532184,0.17213259316517157,376.33333333421047,376.33333333421047,376.58333333421103,9.336284438582206,9.33295362001689
fundamental_hz,speed_proxy,healthy_health_test,0,1,8,37.00000000008624,37.00000000008624,0.0,37.00000000008624,37.00000000008624,37.00000000008624,-0.8393662784597631,-0.8393662784597631
fundamental_hz,speed_proxy,healthy_health_test,1,1,8,54.66666666679408,54.66666666679408,0.0,54.66666666679408,54.66666666679408,54.66666666679408,-0.30976612657443636,-0.30976612657443636
fundamental_hz,speed_proxy,healthy_health_test,2,1,8,78.66666666685002,78.66666666685002,0.0,78.66666666685002,78.66666666685002,78.66666666685002,0.40969068353393184,0.40969068353393184
fundamental_hz,speed_proxy,healthy_health_test,3,1,8,109.66666666692228,109.66666666692228,0.0,109.66666666692228,109.66666666692228,109.66666666692228,1.338989063257241,1.338989063257241
fundamental_hz,speed_proxy,healthy_health_test,4,1,8,152.6666666670225,152.6666666670225,0.0,152.6666666670225,152.6666666670225,152.6666666670225,2.628015848034734,2.628015848034734
fundamental_hz,speed_proxy,healthy_health_test,5,1,8,207.1666666671495,207.1666666671495,0.3086066999248898,207.1666666671495,207.33333333381657,207.33333333381657,4.261782354322487,4.266778582170462
fundamental_hz,speed_proxy,healthy_health_test,6,1,8,280.0000000006526,280.0000000006526,0.43643578047298703,279.8333333339856,280.16666666731965,280.33333333398673,6.445133923887466,6.450130151735442
fundamental_hz,speed_proxy,healthy_health_test,7,1,8,376.6666666675446,376.6666666675446,0.0,376.6666666675446,376.6666666675446,376.6666666675446,9.342946075712838,9.342946075712838
fundamental_hz,speed_proxy,healthy_unused,4,1,2,152.00000000035428,152.00000000035428,0.0,152.00000000035428,152.00000000035428,152.00000000035428,2.6080309366428347,2.6080309366428347
fundamental_hz,speed_proxy,healthy_unused,5,1,2,207.00000000048246,207.00000000048246,0.0,207.00000000048246,207.00000000048246,207.00000000048246,4.256786126474512,4.256786126474512
fundamental_hz,speed_proxy,healthy_unused,6,1,2,279.1666666673174,279.1666666673174,0.23570226039608527,279.08333333398383,279.1666666673174,279.25000000065086,6.420152784647592,6.420152784647592
fundamental_hz,speed_proxy,healthy_unused,7,1,2,376.0000000008764,376.0000000008764,0.0,376.0000000008764,376.0000000008764,376.0000000008764,9.322961164320938,9.322961164320938
harmonic_2_ratio_max,harmonic_sideband,fault,0,1,96,36.99305555564178,0.012527780960728915,0.013973001485071754,0.004306594961258056,0.006138542189263647,0.01385108441210714,-1.6255162343040457,-1.6104416652638118
harmonic_2_ratio_max,harmonic_sideband,fault,1,1,96,54.66666666679408,0.010597166558946181,0.012192370115566065,0.003980409177214245,0.0056095395444794765,0.010233013938691554,-1.6611090019644346,-1.609527785868202
harmonic_2_ratio_max,harmonic_sideband,fault,2,1,96,78.67361111129448,0.0098011792590303,0.010767469398410986,0.004218493593257617,0.005726936961431336,0.00872946409498576,-1.6755079462777553,-1.6119322494862416
harmonic_2_ratio_max,harmonic_sideband,fault,3,1,96,109.69444444470012,0.008628573579347933,0.009090012266201314,0.00358247070484491,0.0049768387301949695,0.007969840703986415,-1.696489089007873,-1.616650245235181
harmonic_2_ratio_max,harmonic_sideband,fault,4,1,96,152.6319444448002,0.008199282131485833,0.008825182000939872,0.003400018229256528,0.004223327125125147,0.007454266875526729,-1.7050909247601087,-1.6149220414301007
harmonic_2_ratio_max,harmonic_sideband,fault,5,1,96,207.43750000048348,0.008417782008207246,0.009123432652396287,0.0037480395382641953,0.0045971052456100035,0.007714565150872834,-1.7014937811516457,-1.6133073649717304
harmonic_2_ratio_max,harmonic_sideband,fault,6,1,96,279.88888888954125,0.00989611379787476,0.011186238279586976,0.004554196785563349,0.005568193352434833,0.008674961835924044,-1.6738329533981753,-1.6053914281798547
harmonic_2_ratio_max,harmonic_sideband,fault,7,1,96,376.93055555643406,0.014632976312667521,0.02797626583615539,0.0059709340131857405,0.006974704099838131,0.010303000788056205,-1.58023302436395,-1.5974510427578656
harmonic_2_ratio_max,harmonic_sideband,healthy_adaptation,0,1,2,37.00000000008624,0.11338965798358941,0.0026606273333137196,0.11244898416879119,0.11338965798358941,0.11433033179838761,0.22901382407590157,0.22901382407590157
harmonic_2_ratio_max,harmonic_sideband,healthy_adaptation,1,1,2,54.66666666679408,0.11420784984391266,0.005162270795331214,0.11238271150106269,0.11420784984391266,0.11603298818676265,0.24073018606588042,0.24073018606588042
harmonic_2_ratio_max,harmonic_sideband,healthy_adaptation,2,1,2,78.66666666685002,0.09127184327029195,0.006913344697989453,0.08882760681197774,0.09127184327029195,0.09371607972860614,-0.18396608305977308,-0.18396608305977308
harmonic_2_ratio_max,harmonic_sideband,healthy_adaptation,3,1,2,109.66666666692228,0.0911413725369229,0.008239989581122572,0.08822809628206377,0.0911413725369229,0.09405464879178203,-0.16607589997923475,-0.16607589997923475
harmonic_2_ratio_max,harmonic_sideband,healthy_all,0,1,16,37.00000000008624,0.02165646709874232,0.03617328442728422,0.004985577189991068,0.007152679698963917,0.013212136080032907,-1.4574206916625712,-1.5872745360487852
harmonic_2_ratio_max,harmonic_sideband,healthy_all,1,1,16,54.66666666679408,0.02120911043651236,0.03657923497983333,0.004436730352617823,0.007344480087759869,0.012847851107448249,-1.4662846585580762,-1.5965372041109749
harmonic_2_ratio_max,harmonic_sideband,healthy_all,2,1,16,78.66666666685002,0.017296427407347548,0.029242300767809377,0.0038156357981748734,0.004787695388719506,0.011792202065676102,-1.5391580902688282,-1.6019101753034732
harmonic_2_ratio_max,harmonic_sideband,healthy_all,3,1,16,109.66666666692228,0.016942573321272605,0.02920627114536516,0.0042159933308431536,0.0050033516351075365,0.010236007504431524,-1.5429439441374178,-1.597385580028435
harmonic_2_ratio_max,harmonic_sideband,healthy_all,4,1,16,152.58333333368898,0.015780798511173463,0.026801182560620904,0.00454999439632324,0.004820120599086463,0.008421764919289684,-1.5662077980668214,-1.591790344243601
harmonic_2_ratio_max,harmonic_sideband,healthy_all,5,1,16,207.20833333381628,0.01535234294031477,0.026428591853878594,0.004591648277723936,0.0054242648140979165,0.009423956368331314,-1.5774783778043855,-1.598152377322549
harmonic_2_ratio_max,harmonic_sideband,healthy_all,6,1,16,279.85416666731896,0.023712240696724025,0.04590323917307198,0.005599390977195412,0.006173251384317574,0.009767797463441294,-1.422214509172818,-1.5850781346236573
harmonic_2_ratio_max,harmonic_sideband,healthy_all,7,1,16,376.50000000087755,0.02581948598586524,0.05115638979443578,0.005552879430196153,0.006634236891278176,0.010216483312381862,-1.3869633424647394,-1.5739414271367043
harmonic_2_ratio_max,harmonic_sideband,healthy_calibration,0,1,6,37.00000000008624,0.006939551823425199,0.0029633793718287027,0.005077359352596923,0.005249806363171246,0.008912833808542825,-1.7278828960982795,-1.7140457975788674
harmonic_2_ratio_max,harmonic_sideband,healthy_calibration,1,1,6,54.66666666679408,0.0071182227244310885,0.0029121545439092034,0.00509185602533462,0.00626135666956781,0.00860384042634189,-1.7250958450145408,-1.7255809569970606
harmonic_2_ratio_max,harmonic_sideband,healthy_calibration,2,1,6,78.66666666685002,0.005756901332290668,0.0029268523376862724,0.00379081348899654,0.00427358781506589,0.006896934824840075,-1.7506974859692386,-1.7474684980317234
harmonic_2_ratio_max,harmonic_sideband,healthy_calibration,3,1,6,109.66666666692227,0.005538313236277824,0.002331603395737538,0.003980531929927439,0.004421527319840027,0.006356811828954165,-1.7546493509535088,-1.752604144526649
harmonic_2_ratio_max,harmonic_sideband,healthy_calibration,4,1,6,152.6666666670225,0.005353716758432975,0.001218454608392396,0.004516929553340933,0.004730171666823643,0.006330659838946004,-1.756840429724135,-1.749098535428976
harmonic_2_ratio_max,harmonic_sideband,healthy_calibration,5,1,6,207.33333333381657,0.005655304081389845,0.0015978913081703926,0.004664003421580311,0.005348300349394998,0.0061657163828798675,-1.7500624396304392,-1.7373680192155105
harmonic_2_ratio_max,harmonic_sideband,healthy_calibration,6,1,6,279.88888888954125,0.0064743093922626435,0.0014196859422168754,0.0056717428039684496,0.006135858275159186,0.0069952658533262236,-1.7347145530751202,-1.7247864124883143
harmonic_2_ratio_max,harmonic_sideband,healthy_calibration,7,1,6,376.44444444532184,0.006726265675914187,0.0014378701138136193,0.005683821804104366,0.006342944996872596,0.007599150845567581,-1.7309090703634735,-1.721270761235226
harmonic_2_ratio_max,harmonic_sideband,healthy_health_test,0,1,8,37.00000000008624,0.009760855834018384,0.006709096591262157,0.004830982435126958,0.007111595905049756,0.011970738001616276,-1.6761826672704079,-1.626935893145978
harmonic_2_ratio_max,harmonic_sideband,healthy_health_test,1,1,8,54.66666666679408,0.008527591368723235,0.005683774483989527,0.004402256737541839,0.006341500857078526,0.010513046086602407,-1.698929979871717,-1.66351098271106
harmonic_2_ratio_max,harmonic_sideband,healthy_health_test,2,1,8,78.66666666685002,0.00745721799790411,0.005579132602108554,0.003986369005124317,0.0045733050237736095,0.00861487798082433,-1.7193015452957843,-1.6783218216700415
harmonic_2_ratio_max,harmonic_sideband,healthy_health_test,3,1,8,109.66666666692228,0.006946068581106116,0.003951626395899454,0.004390025183223661,0.004903705041010214,0.00824482389486011,-1.7283819000648952,-1.7030840329818324
harmonic_2_ratio_max,harmonic_sideband,healthy_health_test,4,1,8,152.6666666670225,0.006575148867404902,0.0038918943777197547,0.004457822693184748,0.004708687196480993,0.007047907794602234,-1.7346282874854784,-1.6932504343892907
harmonic_2_ratio_max,harmonic_sideband,healthy_health_test,5,1,8,207.1666666671495,0.006705162339433338,0.003885550300172946,0.004367483064576599,0.004957886528451397,0.00736598025298546,-1.7313538926515668,-1.6878148714358001
harmonic_2_ratio_max,harmonic_sideband,healthy_health_test,6,1,8,280.0000000006526,0.007676426798445457,0.003890773116731367,0.005323182050709344,0.005748149570457063,0.008810088232908103,-1.7125598044097885,-1.6659016180470023
harmonic_2_ratio_max,harmonic_sideband,healthy_health_test,7,1,8,376.6666666675446,0.008177154155539398,0.004150881341074816,0.00547518774610032,0.00632204525333956,0.008888573990790431,-1.705288153398608,-1.6676898653943204
harmonic_2_ratio_max,harmonic_sideband,healthy_unused,4,1,2,152.00000000035428,0.08388464234446918,0.007384888130547795,0.08127369010676198,0.08388464234446918,0.08649559458217637,-0.3206279454202532,-0.3206279454202532
harmonic_2_ratio_max,harmonic_sideband,healthy_unused,5,1,2,207.00000000048246,0.07903218192061529,0.03295419851728363,0.06738111330054582,0.07903218192061529,0.09068325054068474,-0.44422413293750024,-0.44422413293750024
harmonic_2_ratio_max,harmonic_sideband,healthy_unused,6,1,2,279.1666666673174,0.13956929020322245,0.028368962547504536,0.1295393473069386,0.13956929020322245,0.14959923309950626,0.6766668034819705,0.6766668034819705
harmonic_2_ratio_max,harmonic_sideband,healthy_unused,7,1,2,376.0000000008764,0.15366847423702176,0.041900456376079094,0.13885442581785346,0.15366847423702176,0.1684825226561901,0.9181730849669382,0.9181730849669382
harmonic_2_ratio_mean,harmonic_sideband,fault,0,1,96,36.99305555564178,0.009744597098280128,0.010952998715133224,0.0032823165180817264,0.004831909361749136,0.010839619036323925,-1.8559404187920558,-1.4684032142163086
harmonic_2_ratio_mean,harmonic_sideband,fault,1,1,96,54.66666666679408,0.007765445768122151,0.008996915405681743,0.0026521246108069086,0.00412069533523874,0.00738831717415399,-1.9138735176822497,-1.4765655603918173
harmonic_2_ratio_mean,harmonic_sideband,fault,2,1,96,78.67361111129448,0.007019095178317889,0.007501163548026578,0.003026389383218337,0.004249299236834144,0.0060959108227876466,-1.9351497314596948,-1.5938239076574847
harmonic_2_ratio_mean,harmonic_sideband,fault,3,1,96,109.69444444470012,0.006094340737501845,0.006332850552774203,0.0026026462021894567,0.00345829090214925,0.005680543121544218,-1.9605005136858382,-1.6909167132184804
harmonic_2_ratio_mean,harmonic_sideband,fault,4,1,96,152.6319444448002,0.00551974419070321,0.005578734777290405,0.0023155230642172616,0.0030154732095917,0.0053176160227453835,-1.9787045140978006,-1.7462317389630506
harmonic_2_ratio_mean,harmonic_sideband,fault,5,1,96,207.43750000048348,0.005613376263871434,0.005787528831405183,0.0025468022275007586,0.00309959578147391,0.005321376404121555,-1.9760580514312867,-1.6683661779817482
harmonic_2_ratio_mean,harmonic_sideband,fault,6,1,96,279.88888888954125,0.0069470659411428465,0.007804872473594517,0.0032740590493125997,0.003908107090357523,0.00593105496221513,-1.9344452826372793,-1.4614284144208147
harmonic_2_ratio_mean,harmonic_sideband,fault,7,1,96,376.93055555643406,0.010005981338685627,0.016629193627960934,0.004114940899040287,0.005352821776779653,0.007719796524232879,-1.830202747921944,-1.453533811340564
harmonic_2_ratio_mean,harmonic_sideband,healthy_adaptation,0,1,2,37.00000000008624,0.07785459646415463,0.0018013861641055075,0.07721771027806733,0.07785459646415463,0.07849148265024194,0.14440014951057842,0.14440014951057842
harmonic_2_ratio_mean,harmonic_sideband,healthy_adaptation,1,1,2,54.66666666679408,0.08227508615181545,0.0005111167697811926,0.08209437908487022,0.08227508615181545,0.08245579321876068,0.2810557445278266,0.2810557445278266
harmonic_2_ratio_mean,harmonic_sideband,healthy_adaptation,2,1,2,78.66666666685002,0.06731666180108448,0.002436947040935523,0.06645507091206548,0.06731666180108448,0.06817825269010347,-0.14514733257105245,-0.14514733257105245
harmonic_2_ratio_mean,harmonic_sideband,healthy_adaptation,3,1,2,109.66666666692228,0.06305827414472956,0.0027864195910632422,0.06207312605069362,0.06305827414472956,0.06404342223876548,-0.26890516780588497,-0.26890516780588497
harmonic_2_ratio_mean,harmonic_sideband,healthy_all,0,1,16,37.00000000008624,0.015352857145309623,0.024738123896768018,0.0036867484609329187,0.005087263296544963,0.010336677492794377,-1.690144475358299,-1.4363584456486047
harmonic_2_ratio_mean,harmonic_sideband,healthy_all,1,1,16,54.66666666679408,0.015116750080651773,0.02639119891153322,0.0031867098346883035,0.004916520147591884,0.00903674302432037,-1.6974261883367108,-1.4478892898750768
harmonic_2_ratio_mean,harmonic_sideband,healthy_all,2,1,16,78.66666666685002,0.012568253792955411,0.021584117463711694,0.002860336619745615,0.0033080129616055234,0.00801051149257075,-1.7719937767674938,-1.4506139706688708
harmonic_2_ratio_mean,harmonic_sideband,healthy_all,3,1,16,109.66666666692228,0.011761564756309694,0.020149358433868645,0.0029829690633073015,0.003493930909529653,0.0071020688063275945,-1.795053083430602,-1.446423272047712
harmonic_2_ratio_mean,harmonic_sideband,healthy_all,4,1,16,152.58333333368898,0.010799864347500592,0.01825713434698484,0.0031564438110450637,0.003372249907736283,0.005956866206754201,-1.8276467508659282,-1.4478346306619057
harmonic_2_ratio_mean,harmonic_sideband,healthy_all,5,1,16,207.20833333381628,0.011169760631245505,0.020310173263300202,0.0029524706316944316,0.0036899065382585065,0.006495955576916501,-1.8278834238036017,-1.4501050174340353
harmonic_2_ratio_mean,harmonic_sideband,healthy_all,6,1,16,279.85416666731896,0.016713590997444166,0.03315928232056868,0.003536964183628142,0.004430471133983737,0.007487476743580178,-1.6678115272493608,-1.4311630567451248
harmonic_2_ratio_mean,harmonic_sideband,healthy_all,7,1,16,376.50000000087755,0.01999307604024433,0.04030176925092838,0.00441483167621278,0.0051123627815704295,0.008088709425199195,-1.5814535939841008,-1.4095634077900558
harmonic_2_ratio_mean,harmonic_sideband,healthy_calibration,0,1,6,37.00000000008624,0.005261158416640593,0.0023884848490308007,0.0037881048062799348,0.0039509010977096665,0.006968220101294258,-1.9863513422040981,-1.959075040030799
harmonic_2_ratio_mean,harmonic_sideband,healthy_calibration,1,1,6,54.66666666679408,0.004961337373812429,0.0020750915453181026,0.0035647546183883282,0.0042451856422660705,0.006002394571842326,-1.9968375189864773,-1.9884523948244566
harmonic_2_ratio_mean,harmonic_sideband,healthy_calibration,2,1,6,78.66666666685002,0.004014111029389422,0.001871429589434257,0.0028394190783665118,0.003086480922524,0.004611222867583519,-2.0256754758133835,-2.019127460764809
harmonic_2_ratio_mean,harmonic_sideband,healthy_calibration,3,1,6,109.66666666692227,0.003936163793537812,0.001657383234403192,0.0028387293959060665,0.003094248553695663,0.004552549174809085,-2.027637818078665,-2.0185656799369966
harmonic_2_ratio_mean,harmonic_sideband,healthy_calibration,4,1,6,152.6666666670225,0.0037174402765437955,0.0009685787120752158,0.003039972759262363,0.0032205919356460702,0.0045055151442078565,-2.0307506985235926,-2.0167186598468314
harmonic_2_ratio_mean,harmonic_sideband,healthy_calibration,5,1,6,207.33333333381657,0.003913515342230579,0.0011786411796853144,0.0030612067290046053,0.00363786615145458,0.00441330261230992,-2.023265187243394,-2.002269199000122
harmonic_2_ratio_mean,harmonic_sideband,healthy_calibration,6,1,6,279.88888888954125,0.0045699070489526065,0.001340787318946481,0.0036291976027951534,0.00419110331655292,0.0049344261341100915,-2.003613567907698,-1.9738089187783463
harmonic_2_ratio_mean,harmonic_sideband,healthy_calibration,7,1,6,376.44444444532184,0.005148833766976097,0.001442460597584836,0.0043641294967965,0.00467252861969213,0.00638265881065784,-1.9911437749171874,-1.9656898485588499
harmonic_2_ratio_mean,harmonic_sideband,healthy_health_test,0,1,8,37.00000000008624,0.007296196362100139,0.005406146218445859,0.0035374264080213266,0.00493655284412053,0.008831390547077456,-1.9266254814411687,-1.8246459687297967
harmonic_2_ratio_mean,harmonic_sideband,healthy_health_test,1,1,8,54.66666666679408,0.0059437255929903655,0.004021473746918111,0.003125859750216087,0.00429529857255336,0.00731775304399553,-1.9674881735655199,-1.9107560383679312
harmonic_2_ratio_mean,harmonic_sideband,healthy_health_test,2,1,8,78.66666666685002,0.005296758863597636,0.0039251629349408,0.002818881341860397,0.00329837998914458,0.0060406291885278995,-1.9884441135321866,-1.9308821157010838
harmonic_2_ratio_mean,harmonic_sideband,healthy_health_test,3,1,8,109.66666666692228,0.00480643813128364,0.002708042753718082,0.0030490598168125918,0.00338935049651201,0.005577712029577769,-2.002151511350734,-1.966203869046188
harmonic_2_ratio_mean,harmonic_sideband,healthy_health_test,4,1,8,152.6666666670225,0.0045704843482629355,0.0026835975291395727,0.0030962860371043185,0.003372249907736283,0.0048967407144428115,-2.0062319825889263,-1.9496791254753882
harmonic_2_ratio_mean,harmonic_sideband,healthy_health_test,5,1,8,207.1666666671495,0.004580412384659003,0.002702332229384609,0.0028616439557070513,0.0033757752958855866,0.005098775178550782,-2.004168575769289,-1.9396248155651685
harmonic_2_ratio_mean,harmonic_sideband,healthy_health_test,6,1,8,280.0000000006526,0.005424796299687389,0.0029668852866270726,0.0035331288970462437,0.003993400351369651,0.006127859388027458,-1.978877436762883,-1.8993664598716657
harmonic_2_ratio_mean,harmonic_sideband,healthy_health_test,7,1,8,376.6666666675446,0.006442762278365768,0.0034892648574249147,0.0043588987959427405,0.00501554801613643,0.007258011555738769,-1.9538988638554526,-1.879239658143005
harmonic_2_ratio_mean,harmonic_sideband,healthy_unused,4,1,2,152.00000000035428,0.05696465655732161,0.008423767546960134,0.05398640497952426,0.05696465655732161,0.05994290813511895,-0.5039939810009417,-0.5039939810009417
harmonic_2_ratio_mean,harmonic_sideband,healthy_unused,5,1,2,207.00000000048246,0.05929588948463628,0.028878360146834474,0.049085847339949286,0.05929588948463628,0.06950593162932328,-0.5365975256214766,-0.5365975256214766
harmonic_2_ratio_mean,harmonic_sideband,healthy_unused,6,1,2,279.1666666673174,0.09829982163394595,0.03472073076868579,0.08602418954680088,0.09829982163394595,0.11057545372109101,0.5838582327797402,0.5838582327797402
harmonic_2_ratio_mean,harmonic_sideband,healthy_unused,7,1,2,376.0000000008764,0.11872705790756327,0.04449792440790378,0.1029946658587857,0.11872705790756327,0.13445944995634085,1.1373980283005676,1.1373980283005676
harmonic_3_ratio_max,harmonic_sideband,fault,0,1,96,36.99305555564178,0.015933649987993317,0.010769319136214395,0.008481437376189453,0.012199331369500577,0.018808263927779265,-1.0327812290419853,-1.0995804983146127
harmonic_3_ratio_max,harmonic_sideband,fault,1,1,96,54.66666666679408,0.01769291429671679,0.012266578804027988,0.009327213858662961,0.013794170623972271,0.02270146837465122,-0.9889887498650252,-1.075172089341232
harmonic_3_ratio_max,harmonic_sideband,fault,2,1,96,78.67361111129448,0.024483465456171454,0.019888692522503266,0.012078418223031958,0.01768346035277049,0.03060942846303185,-0.8146129013312752,-0.9845646336069217
harmonic_3_ratio_max,harmonic_sideband,fault,3,1,96,109.69444444470012,0.032076608416058396,0.028759024455147022,0.01441612741369445,0.022274868930075083,0.03912141153931726,-0.6184307375887933,-0.8683720174833658
harmonic_3_ratio_max,harmonic_sideband,fault,4,1,96,152.6319444448002,0.03826180898218842,0.03424010898258612,0.017648131585506793,0.026462170596921263,0.045754677610867905,-0.45541672963105895,-0.7282523958303158
harmonic_3_ratio_max,harmonic_sideband,fault,5,1,96,207.43750000048348,0.04089674341611596,0.036288604542987886,0.018730615451524275,0.029522764585157846,0.046410211709287656,-0.385646040244009,-0.6991042080052949
harmonic_3_ratio_max,harmonic_sideband,fault,6,1,96,279.88888888954125,0.051952191410425196,0.04476467704550995,0.023132964430719615,0.0384835522385361,0.056994615697770305,-0.09163489047637181,-0.47529940211978794
harmonic_3_ratio_max,harmonic_sideband,fault,7,1,96,376.93055555643406,0.06026507143614394,0.0559789241468449,0.026619098912891714,0.04278191241512769,0.06395401822600819,0.13569416272064336,-0.3653956134178771
harmonic_3_ratio_max,harmonic_sideband,healthy_adaptation,0,1,2,37.00000000008624,0.06888132471052855,0.01188751686128489,0.06467845281848657,0.06888132471052855,0.07308419660257054,0.3754441570213072,0.3754441570213072
harmonic_3_ratio_max,harmonic_sideband,healthy_adaptation,1,1,2,54.66666666679408,0.07184724723623513,0.016487604392929435,0.06601799880035437,0.07184724723623513,0.07767649567211589,0.4487250553131876,0.4487250553131876
harmonic_3_ratio_max,harmonic_sideband,healthy_adaptation,2,1,2,78.66666666685002,0.049409411010727794,0.00030806568422815466,0.04930049334354349,0.049409411010727794,0.049518328677912095,-0.13044992393025023,-0.13044992393025023
harmonic_3_ratio_max,harmonic_sideband,healthy_adaptation,3,1,2,109.66666666692228,0.05992912777784877,0.008589636430398362,0.056892232693917924,0.05992912777784877,0.06296602286177962,0.14016295434635884,0.14016295434635884
harmonic_3_ratio_max,harmonic_sideband,healthy_all,0,1,16,37.00000000008624,0.016069401605132417,0.021016951101827656,0.006462623345881286,0.008717048305869966,0.011974607837756368,-1.026283835957155,-1.224958688303933
harmonic_3_ratio_max,harmonic_sideband,healthy_all,1,1,16,54.66666666679408,0.01548445495535872,0.02255240786506603,0.00563458771835585,0.0073953030007118704,0.010404621492836644,-1.0429355424910554,-1.2345545156924254
harmonic_3_ratio_max,harmonic_sideband,healthy_all,2,1,16,78.66666666685002,0.01194627339641723,0.014809528988480718,0.005106101909310525,0.00599093662353347,0.009429060101113159,-1.1351758899714002,-1.2729497335887086
harmonic_3_ratio_max,harmonic_sideband,healthy_all,3,1,16,109.66666666692228,0.012736100820354413,0.018695219148036537,0.004178539419945665,0.006072596376430597,0.009083111746682273,-1.1149458032328112,-1.2784071819833382
harmonic_3_ratio_max,harmonic_sideband,healthy_all,4,1,16,152.58333333368898,0.01138479416098953,0.01699000049163115,0.0036410772503728817,0.005333284633771117,0.007674562546593342,-1.1492802218664746,-1.3090680884166157
harmonic_3_ratio_max,harmonic_sideband,healthy_all,5,1,16,207.20833333381628,0.013286516819705144,0.02206996830084008,0.003626909226889112,0.00522912513268339,0.007670982430832866,-1.0980376563989753,-1.295884938243293
harmonic_3_ratio_max,harmonic_sideband,healthy_all,6,1,16,279.85416666731896,0.016283636995728233,0.02817376149056754,0.004298883809264185,0.00634731177362082,0.008946839381332589,-1.019297270929158,-1.2762435544571222
harmonic_3_ratio_max,harmonic_sideband,healthy_all,7,1,16,376.50000000087755,0.016004725689427006,0.02625277730176737,0.004592922797505913,0.00676084507965506,0.009141915053354835,-1.021952639603989,-1.266733288458728
harmonic_3_ratio_max,harmonic_sideband,healthy_calibration,0,1,6,37.00000000008624,0.008114076362432776,0.0024625725165840547,0.006552032111266828,0.007916947525313831,0.009277125835850223,-1.2377517934503555,-1.231382277802187
harmonic_3_ratio_max,harmonic_sideband,healthy_calibration,1,1,6,54.66666666679408,0.007285718613687288,0.0022867812283795066,0.0058559150197118786,0.007021544373418833,0.007832036841511862,-1.260058810427611,-1.2434067621392157
harmonic_3_ratio_max,harmonic_sideband,healthy_calibration,2,1,6,78.66666666685002,0.006352875730313137,0.0020423189138938837,0.004972264981785997,0.005964438484720144,0.007279130537412696,-1.2853304935558278,-1.2729497335887086
harmonic_3_ratio_max,harmonic_sideband,healthy_calibration,3,1,6,109.66666666692227,0.005925998749286099,0.0025476150083645266,0.00432579122813173,0.005620047849041727,0.006746328263549453,-1.2965234282157312,-1.2867521133585207
harmonic_3_ratio_max,harmonic_sideband,healthy_calibration,4,1,6,152.6666666670225,0.005057155287204279,0.0017668692708297073,0.0037640336067227215,0.004810791505193777,0.006222889313143837,-1.3178878487446177,-1.3150175176999048
harmonic_3_ratio_max,harmonic_sideband,healthy_calibration,5,1,6,207.33333333381657,0.004946856673578822,0.0017272195381291332,0.00361203151592694,0.00474371314472939,0.00627276780605629,-1.320422203424326,-1.325869405699232
harmonic_3_ratio_max,harmonic_sideband,healthy_calibration,6,1,6,279.88888888954125,0.005830609086221736,0.0020571389750091715,0.004177363162275523,0.005609553762292896,0.00735598707601991,-1.2964436983160839,-1.3040325391056753
harmonic_3_ratio_max,harmonic_sideband,healthy_calibration,7,1,6,376.44444444532184,0.006255611372311103,0.0021428362177119786,0.004462810537053762,0.0062991941504455,0.008019349425420663,-1.2854430922137803,-1.2890351192281981
harmonic_3_ratio_max,harmonic_sideband,healthy_health_test,0,1,8,37.00000000008624,0.008832914760808112,0.0033207906299712047,0.006218628607946832,0.007814537266009466,0.011223868976503407,-1.2181148660818706,-1.2315366556005802
harmonic_3_ratio_max,harmonic_sideband,healthy_health_test,1,1,8,54.66666666679408,0.007542809141393189,0.0031572204833314422,0.005269881993376337,0.006666946144325029,0.009723691127693812,-1.2530082409896994,-1.255655455593105
harmonic_3_ratio_max,harmonic_sideband,healthy_health_test,2,1,8,78.66666666685002,0.006775537242417656,0.0029350091797101015,0.004871099872294076,0.0056843413866508,0.009256243404494859,-1.273741428793367,-1.2841637188997388
harmonic_3_ratio_max,harmonic_sideband,healthy_health_test,3,1,8,109.66666666692228,0.006045420634282059,0.0025546758470870483,0.004084317924354794,0.005685453613320127,0.008166807563398677,-1.2925397738904136,-1.2993221446935461
harmonic_3_ratio_max,harmonic_sideband,healthy_health_test,4,1,8,152.6666666670225,0.005392722656322656,0.0026264174570611422,0.0034920665969031136,0.005147535609530013,0.0065809685651649075,-1.308280884209179,-1.3207827681073092
harmonic_3_ratio_max,harmonic_sideband,healthy_health_test,5,1,8,207.1666666671495,0.0055343424198761055,0.0031680184401847587,0.0034846219580849033,0.004807432980297463,0.006701352925030336,-1.304245373061432,-1.3095443209407374
harmonic_3_ratio_max,harmonic_sideband,healthy_health_test,6,1,8,280.0000000006526,0.006332062181781951,0.0031620811896690268,0.004171440012504805,0.005870415094128447,0.008063142338950124,-1.2832160075222279,-1.2924665763972492
harmonic_3_ratio_max,harmonic_sideband,healthy_health_test,7,1,8,376.6666666675446,0.006735156965924772,0.003454831797545472,0.004453118442007015,0.0061402189040866625,0.008111174011940914,-1.2720681989982523,-1.2810939936748835
harmonic_3_ratio_max,harmonic_sideband,healthy_unused,4,1,2,152.00000000035428,0.05433599680101277,0.006994359783773296,0.051863117184430485,0.05433599680101277,0.05680887641759505,-0.007454691861226706,-0.007454691861226706
harmonic_3_ratio_max,harmonic_sideband,healthy_unused,5,1,2,207.00000000048246,0.06931419485740026,0.0066941037760010575,0.06694747177041185,0.06931419485740026,0.07168091794438866,0.3939468513269032,0.3939468513269032
harmonic_3_ratio_max,harmonic_sideband,healthy_unused,6,1,2,279.1666666673174,0.08744901998003285,0.01543933891914664,0.08199038935664986,0.08744901998003285,0.09290765060341583,0.8678169576038994,0.8678169576038994
harmonic_3_ratio_max,harmonic_sideband,healthy_unused,7,1,2,376.0000000008764,0.08233034353478366,0.013257797208219428,0.07764300438001964,0.08233034353478366,0.08701768268954767,0.7689809558024366,0.7689809558024366
harmonic_3_ratio_mean,harmonic_sideband,fault,0,1,96,36.99305555564178,0.01128962412893456,0.007822967170816524,0.005941608742444193,0.008492672145001465,0.013112251373714998,-0.8771556508413635,-0.9385606692656622
harmonic_3_ratio_mean,harmonic_sideband,fault,1,1,96,54.66666666679408,0.012879053949611164,0.009509311146788754,0.006581164094482003,0.009129526750432347,0.016701468837152095,-0.8226251404890822,-0.9042547180312788
harmonic_3_ratio_mean,harmonic_sideband,fault,2,1,96,78.67361111129448,0.018254867589974928,0.015679461461159592,0.008751497944705519,0.012236337774763524,0.021529718008899315,-0.6368694094518633,-0.80519258425202
harmonic_3_ratio_mean,harmonic_sideband,fault,3,1,96,109.69444444470012,0.024116833876169422,0.022815768940972956,0.010592365026105109,0.016032032991010706,0.02799541706479536,-0.4339956076889704,-0.7106066767488072
harmonic_3_ratio_mean,harmonic_sideband,fault,4,1,96,152.6319444448002,0.028165993333688747,0.026745990952652822,0.01231563015109266,0.018999845622640232,0.03175809646808768,-0.2933012349847833,-0.594606372305623
harmonic_3_ratio_mean,harmonic_sideband,fault,5,1,96,207.43750000048348,0.02922299974666311,0.02679728851869207,0.01258055423663823,0.02077600711993175,0.033628088063390155,-0.2564615364160249,-0.5487344485909479
harmonic_3_ratio_mean,harmonic_sideband,fault,6,1,96,279.88888888954125,0.03691445553468199,0.03213906742361835,0.016067579341936148,0.027299318789894743,0.04175407588021363,0.011613671793545083,-0.30224361284908297
harmonic_3_ratio_mean,harmonic_sideband,fault,7,1,96,376.93055555643406,0.042916475079013666,0.039438843512286714,0.019116911626555905,0.031116570428834783,0.04496714028341799,0.222363492784078,-0.1792255518673767
harmonic_3_ratio_mean,harmonic_sideband,healthy_adaptation,0,1,2,37.00000000008624,0.05042997099395592,0.006934526203036111,0.0479782457427146,0.05042997099395592,0.05288169624519724,0.4879511932271572,0.4879511932271572
harmonic_3_ratio_mean,harmonic_sideband,healthy_adaptation,1,1,2,54.66666666679408,0.05011986129828808,0.008505367442343835,0.04711275980080578,0.05011986129828808,0.05312696279577039,0.4764525726158205,0.4764525726158205
harmonic_3_ratio_mean,harmonic_sideband,healthy_adaptation,2,1,2,78.66666666685002,0.03406675463644271,9.90606980125482e-05,0.03403173139078583,0.03406675463644271,0.03410177788209958,-0.08051105764512316,-0.08051105764512316
harmonic_3_ratio_mean,harmonic_sideband,healthy_adaptation,3,1,2,109.66666666692228,0.03976789079694991,0.0013894013593900134,0.03927666323544267,0.03976789079694991,0.040259118358457156,0.11801332519488816,0.11801332519488816
harmonic_3_ratio_mean,harmonic_sideband,healthy_all,0,1,16,37.00000000008624,0.011745524490569889,0.015345693578509588,0.004570291282996909,0.006231367201061292,0.008699846001481822,-0.8606313530060191,-1.0393607032586742
harmonic_3_ratio_mean,harmonic_sideband,healthy_all,1,1,16,54.66666666679408,0.010781744660668849,0.015630432267485287,0.003523444605645803,0.00505322367435694,0.007666060456851982,-0.8944323775528251,-1.0680888694772515
harmonic_3_ratio_mean,harmonic_sideband,healthy_all,2,1,16,78.66666666685002,0.008273737596116191,0.010229027234822953,0.003440734168071685,0.004211334010376877,0.0068401084737247705,-0.9816104636187079,-1.093960536173748
harmonic_3_ratio_mean,harmonic_sideband,healthy_all,3,1,16,109.66666666692228,0.008821526628311092,0.01221031230143418,0.003170276143984587,0.004542039864687473,0.006841586313694366,-0.9624606081561279,-1.101754022064505
harmonic_3_ratio_mean,harmonic_sideband,healthy_all,4,1,16,152.58333333368898,0.008367733033825852,0.01214091355546306,0.0028191728486660814,0.004141997638622424,0.005423664494241785,-0.9779457406778866,-1.1148952862493187
harmonic_3_ratio_mean,harmonic_sideband,healthy_all,5,1,16,207.20833333381628,0.009219341633657969,0.014548315542048839,0.0028340643633314334,0.004009972902195484,0.0054512439647579096,-0.9483211057933145,-1.116906562397371
harmonic_3_ratio_mean,harmonic_sideband,healthy_all,6,1,16,279.85416666731896,0.01133465721586725,0.01911757630885535,0.003109136569864195,0.004373289960548724,0.0066424102274197615,-0.8746107318430018,-1.1024602017528071
harmonic_3_ratio_mean,harmonic_sideband,healthy_all,7,1,16,376.50000000087755,0.010583027810329758,0.01655086039765643,0.0032799659401482953,0.0045864454080574435,0.006478114163769834,-0.9002937992656591,-1.097915605836809
harmonic_3_ratio_mean,harmonic_sideband,healthy_calibration,0,1,6,37.00000000008624,0.005891912210938924,0.002009692570007677,0.004594884038086475,0.0053499681969370536,0.006910448982214686,-1.064725529369354,-1.0468207062337487
harmonic_3_ratio_mean,harmonic_sideband,healthy_calibration,1,1,6,54.66666666679408,0.0050073963387855846,0.0018615488802211232,0.003691293343743675,0.0047548363550231135,0.005638748816644442,-1.0957130666574442,-1.0748946001306696
harmonic_3_ratio_mean,harmonic_sideband,healthy_calibration,2,1,6,78.66666666685002,0.004364360288299005,0.0016005724084108828,0.0032483552288266864,0.004133792351956893,0.005154102390526865,-1.1182439856927748,-1.105980146059955
harmonic_3_ratio_mean,harmonic_sideband,healthy_calibration,3,1,6,109.66666666692227,0.0042703380025309,0.0017804823691842993,0.0031622926495033397,0.004104729120369433,0.004934780355671666,-1.1214319667560269,-1.108242279991305
harmonic_3_ratio_mean,harmonic_sideband,healthy_calibration,4,1,6,152.6666666670225,0.0038137654607520804,0.0012873526492791932,0.0029175248996410534,0.003717396534668983,0.004732459365263968,-1.1370273085414118,-1.1361459002208973
harmonic_3_ratio_mean,harmonic_sideband,healthy_calibration,5,1,6,207.33333333381657,0.003698601088970202,0.0012716598001605514,0.0027873533091237516,0.0034689041614082866,0.004827029903206607,-1.140988343207751,-1.1414940088343926
harmonic_3_ratio_mean,harmonic_sideband,healthy_calibration,6,1,6,279.88888888954125,0.004223290313497621,0.0015737322272611927,0.0030384622833639916,0.003919531574864484,0.0052828111140831,-1.1225243556509286,-1.1270930506305277
harmonic_3_ratio_mean,harmonic_sideband,healthy_calibration,7,1,6,376.44444444532184,0.004389033443757011,0.0015146466152703901,0.003123476874075267,0.004265701436522643,0.005599127448473644,-1.1167625892816924,-1.1178559164174728
harmonic_3_ratio_mean,harmonic_sideband,healthy_health_test,0,1,8,37.00000000008624,0.006464622074446603,0.002461352438781122,0.0044474355925571635,0.005811410838708873,0.008156095530991362,-1.044706357291812,-1.0396996900431144
harmonic_3_ratio_mean,harmonic_sideband,healthy_health_test,1,1,8,54.66666666679408,0.00527797674267649,0.0023183421947796734,0.003470218300386335,0.004532532261208304,0.006832043131485504,-1.0861930982665222,-1.0742552816889188
harmonic_3_ratio_mean,harmonic_sideband,healthy_health_test,2,1,8,78.66666666685002,0.004757516316897451,0.002252194516994943,0.0033127539778964816,0.0039422908811077365,0.006403539449469917,-1.1044101735565537,-1.098413075027655
harmonic_3_ratio_mean,harmonic_sideband,healthy_health_test,3,1,8,109.66666666692228,0.004498327055486532,0.0020507705755082504,0.003083055958444497,0.004152778871618576,0.00605733063515049,-1.1133505725439576,-1.1114961482272645
harmonic_3_ratio_mean,harmonic_sideband,healthy_health_test,4,1,8,152.6666666670225,0.0040694198960847475,0.0018960905610451995,0.00272520071069222,0.00391221012998212,0.004908100594937368,-1.127895261923767,-1.146843933645102
harmonic_3_ratio_mean,harmonic_sideband,healthy_health_test,5,1,8,207.1666666671495,0.00413489414294515,0.002259818545642127,0.0027173753803665848,0.0036433695959905035,0.0049073764602369455,-1.1255450117330228,-1.1356574347849357
harmonic_3_ratio_mean,harmonic_sideband,healthy_health_test,6,1,8,280.0000000006526,0.004557603833440108,0.0023784536233319893,0.003015794453966062,0.004017912724136517,0.005496271370507486,-1.110784355025803,-1.1133972328666752
harmonic_3_ratio_mean,harmonic_sideband,healthy_health_test,7,1,8,376.6666666675446,0.004704220428907047,0.0024592059991773675,0.003166887793903007,0.0041550077382707966,0.005553220743125413,-1.105603748141159,-1.1099755349954763
harmonic_3_ratio_mean,harmonic_sideband,healthy_unused,4,1,2,152.00000000035428,0.03922288830401159,0.0011213051394550878,0.038826447070067584,0.03922288830401159,0.039619329537955605,0.09909704789621059,0.09909704789621059
harmonic_3_ratio_mean,harmonic_sideband,healthy_unused,5,1,2,207.00000000048246,0.04611935323057255,0.004250082993546553,0.04461672197790135,0.04611935323057255,0.04762198448324374,0.3385762302088277,0.3385762302088277
harmonic_3_ratio_mean,harmonic_sideband,healthy_unused,6,1,2,279.1666666673174,0.059776971452684693,0.008128402601104505,0.056903147152957016,0.059776971452684693,0.06265079575241238,0.8138246323119842,0.8138246323119842
harmonic_3_ratio_mean,harmonic_sideband,healthy_unused,7,1,2,376.0000000008764,0.05268024043573885,0.0020329876808833154,0.051961470748128194,0.05268024043573885,0.0533990101233495,0.5703523662844403,0.5703523662844403
harmonic_4_ratio_max,harmonic_sideband,fault,0,1,96,36.99305555564178,0.00726926081181159,0.006391905130182179,0.0029287425866930984,0.00448671870309267,0.009423694614767513,-1.274912086222067,-1.3494775760971192
harmonic_4_ratio_max,harmonic_sideband,fault,1,1,96,54.66666666679408,0.005959667064052528,0.00540837497561828,0.002423507137168545,0.003549246642173463,0.0074755467317195136,-1.3109875569335878,-1.3694252646533394
harmonic_4_ratio_max,harmonic_sideband,fault,2,1,96,78.67361111129448,0.005472451714874812,0.00541572179854605,0.00197242981894296,0.0032809988423173867,0.006581694468971284,-1.3245704495972326,-1.381140969188221
harmonic_4_ratio_max,harmonic_sideband,fault,3,1,96,109.69444444470012,0.004767041405365747,0.005235243718669192,0.0016434314171492551,0.00235211597995437,0.005636581999393205,-1.3440768782267603,-1.4025018569134224
harmonic_4_ratio_max,harmonic_sideband,fault,4,1,96,152.6319444448002,0.004158136574138478,0.005336946178814926,0.001188883962380695,0.0017938436084785668,0.004051503240207184,-1.3608741979300454,-1.4181325895908468
harmonic_4_ratio_max,harmonic_sideband,fault,5,1,96,207.43750000048348,0.0041708625714330025,0.0063145466413124735,0.0011222514318146135,0.0015445667370669867,0.003661499380124582,-1.3605806777750091,-1.4241360643919458
harmonic_4_ratio_max,harmonic_sideband,fault,6,1,96,279.88888888954125,0.0054322318697475796,0.009631350185248152,0.00114769845860013,0.0016812826910798234,0.004255751849374743,-1.3257946948520833,-1.4250394973824254
harmonic_4_ratio_max,harmonic_sideband,fault,7,1,96,376.93055555643406,0.008897618187299814,0.026089225412620695,0.0013811224925362633,0.0021023297927657333,0.004460980236274485,-1.2273404139600625,-1.4188118712751496
harmonic_4_ratio_max,harmonic_sideband,healthy_adaptation,0,1,2,37.00000000008624,0.0637533098704332,0.01054958392322701,0.06002346870502801,0.0637533098704332,0.0674831510358384,0.2783280124711224,0.2783280124711224
harmonic_4_ratio_max,harmonic_sideband,healthy_adaptation,1,1,2,54.66666666679408,0.05504681707693991,0.006198565842449956,0.05285529310652608,0.05504681707693991,0.05723834104735375,0.047607655321534256,0.047607655321534256
harmonic_4_ratio_max,harmonic_sideband,healthy_adaptation,2,1,2,78.66666666685002,0.05535185778173172,0.0018406336609436869,0.05470109551006497,0.05535185778173172,0.05600262005339847,0.05142614849433606,0.05142614849433606
harmonic_4_ratio_max,harmonic_sideband,healthy_adaptation,3,1,2,109.66666666692228,0.06997505418923355,0.014027873189660547,0.06501545206021658,0.06997505418923355,0.07493465631825053,0.4641182627816461,0.4641182627816461
harmonic_4_ratio_max,harmonic_sideband,healthy_all,0,1,16,37.00000000008624,0.01261690791726718,0.020430407371592713,0.002812410202376825,0.004555280457349374,0.008403453215394848,-1.127670996399004,-1.345839542253284
harmonic_4_ratio_max,harmonic_sideband,healthy_all,1,1,16,54.66666666679408,0.010749647270521478,0.017596752910816443,0.002362525721231312,0.0038159850190096333,0.007504091940173017,-1.1777193310831096,-1.3687064246497143
harmonic_4_ratio_max,harmonic_sideband,healthy_all,2,1,16,78.66666666685002,0.010403886207678336,0.01775493984706105,0.002067411926675715,0.0030268892353707234,0.006711021174354442,-1.1878448365671288,-1.3878634266984546
harmonic_4_ratio_max,harmonic_sideband,healthy_all,3,1,16,109.66666666692228,0.011900986031154479,0.023122680026214044,0.0018270260351657967,0.002559141508450747,0.006502486552663701,-1.145332383321976,-1.3991677614073017
harmonic_4_ratio_max,harmonic_sideband,healthy_all,4,1,16,152.58333333368898,0.010986679909405255,0.022962868953243464,0.0014571153995706233,0.0018015690825389768,0.004879841060295463,-1.1708631801064409,-1.4189890571632306
harmonic_4_ratio_max,harmonic_sideband,healthy_all,5,1,16,207.20833333381628,0.012323805956673591,0.02796444448215067,0.0012821698929305083,0.0017485185063472902,0.004078322014472773,-1.1334212353005197,-1.4232028355746384
harmonic_4_ratio_max,harmonic_sideband,healthy_all,6,1,16,279.85416666731896,0.02163801255979349,0.05200399641205256,0.0013702442246747298,0.0019311990312592367,0.004506947003956167,-0.8788768211035977,-1.4126332072056875
harmonic_4_ratio_max,harmonic_sideband,healthy_all,7,1,16,376.50000000087755,0.02077017728848892,0.04944673041630816,0.00140575729216779,0.0018003161595140933,0.0048917623329317195,-0.9010348547368392,-1.4179655116835017
harmonic_4_ratio_max,harmonic_sideband,healthy_calibration,0,1,6,37.00000000008624,0.0043236227722728586,0.0019375276749135594,0.0029940267213845817,0.0036302679008745667,0.005507240700141822,-1.355846047058046,-1.3729139628867397
harmonic_4_ratio_max,harmonic_sideband,healthy_calibration,1,1,6,54.66666666679408,0.00389596273049422,0.0020402563290076677,0.00234237446586635,0.0034872720619791965,0.0047891706493314486,-1.3673884137662509,-1.37739856261465
harmonic_4_ratio_max,harmonic_sideband,healthy_calibration,2,1,6,78.66666666685002,0.0034640560808602556,0.0018083158933147965,0.002176160816105895,0.0026909917175060864,0.004286421522519958,-1.379367644653982,-1.3879893443030908
harmonic_4_ratio_max,harmonic_sideband,healthy_calibration,3,1,6,109.66666666692227,0.0031525364618394808,0.001798473759577078,0.00204601029155407,0.002559141508450747,0.0036124936648310735,-1.3879084492515723,-1.4015333288290501
harmonic_4_ratio_max,harmonic_sideband,healthy_calibration,4,1,6,152.6666666670225,0.0022325521454514747,0.0013417882926248903,0.0014225133015817984,0.0017457771429716434,0.002500403474824723,-1.4133259558100735,-1.4240881521344564
harmonic_4_ratio_max,harmonic_sideband,healthy_calibration,5,1,6,207.33333333381657,0.0019297745782060945,0.0010954861116251992,0.001161646446163595,0.0014475405676100533,0.0024117770172715266,-1.4218310445758087,-1.423834808281265
harmonic_4_ratio_max,harmonic_sideband,healthy_calibration,6,1,6,279.88888888954125,0.002239995298300278,0.001199250503772342,0.0014323718491192998,0.0016715282363758232,0.0032377617862508067,-1.4134395925873893,-1.4164089155017066
harmonic_4_ratio_max,harmonic_sideband,healthy_calibration,7,1,6,376.44444444532184,0.0022330485568589345,0.0013802775226732119,0.0014017630507785965,0.0015738528080432132,0.002768316142673505,-1.4138446608375095,-1.418149244940884
harmonic_4_ratio_max,harmonic_sideband,healthy_health_test,0,1,8,37.00000000008624,0.006052771287721416,0.0045311870754736585,0.0027919300229325467,0.004203038002843727,0.007358976848136934,-1.3080394606222538,-1.356159015556425
harmonic_4_ratio_max,harmonic_sideband,healthy_health_test,1,1,8,54.66666666679408,0.00481561822393731,0.0037308020002064612,0.0023594448296751953,0.003293928512638853,0.005696927955360236,-1.3417992656719144,-1.3848874264117828
harmonic_4_ratio_max,harmonic_sideband,healthy_health_test,2,1,8,78.66666666685002,0.0043717659092785514,0.0035482554613734093,0.0019985677744711948,0.0027576968647510403,0.005376250508497667,-1.354020476767355,-1.4038852091492902
harmonic_4_ratio_max,harmonic_sideband,healthy_health_test,3,1,8,109.66666666692228,0.003943806168620959,0.0037029045240256626,0.0017546327969838417,0.0020199323236728835,0.004852328926635977,-1.365762995400684,-1.4171914510916594
harmonic_4_ratio_max,harmonic_sideband,healthy_health_test,4,1,8,152.6666666670225,0.003027116853389511,0.0027161829099180018,0.001469082079110265,0.0015275359932491565,0.0035612603090219783,-1.3912648168976058,-1.421373544745256
harmonic_4_ratio_max,harmonic_sideband,healthy_health_test,5,1,8,207.1666666671495,0.002607696162127033,0.0019892585931747127,0.0013375152817159783,0.0017145613489341735,0.003273885138392548,-1.403155925179512,-1.429439679599428
harmonic_4_ratio_max,harmonic_sideband,healthy_health_test,6,1,8,280.0000000006526,0.00295719537143576,0.002502899150808324,0.0013217864148793515,0.0017759043664852532,0.0036060635383321866,-1.3936734932775654,-1.422701525308637
harmonic_4_ratio_max,harmonic_sideband,healthy_health_test,7,1,8,376.6666666675446,0.0031858977096756854,0.0031500582630290645,0.0013598322922928252,0.0016512924961397933,0.003470751909531275,-1.3878690637995195,-1.418380966937932
harmonic_4_ratio_max,harmonic_sideband,healthy_unused,4,1,2,152.00000000035428,0.06908731542532957,0.011434219153470596,0.06504470847483348,0.06908731542532957,0.07312992237582566,0.43813169416911735,0.43813169416911735
harmonic_4_ratio_max,harmonic_sideband,healthy_unused,5,1,2,207.00000000048246,0.08237033927026231,0.021908457863838517,0.07462452970983233,0.08237033927026231,0.0901161488306923,0.8107469520413152,0.8107469520413152
harmonic_4_ratio_max,harmonic_sideband,healthy_unused,6,1,2,279.1666666673174,0.15455533309770403,0.01147527854941519,0.15049820945855605,0.15455533309770403,0.15861245673685204,2.783998182043648,2.783998182043648
harmonic_4_ratio_max,harmonic_sideband,healthy_unused,7,1,2,376.0000000008764,0.14671868179863184,0.018282335751113425,0.14025490000586105,0.14671868179863184,0.1531824635914026,2.5847313998158925,2.5847313998158925
harmonic_4_ratio_mean,harmonic_sideband,fault,0,1,96,36.99305555564178,0.005364590061981649,0.004657897145625106,0.0021214439888440836,0.0033266656129313805,0.00702232519180954,-1.363734449441788,-1.450925679268073
harmonic_4_ratio_mean,harmonic_sideband,fault,1,1,96,54.66666666679408,0.004495393129543625,0.003993951907063572,0.001776201501458235,0.0027133434843507366,0.005488054657703701,-1.4009079197643055,-1.4748416428542424
harmonic_4_ratio_mean,harmonic_sideband,fault,2,1,96,78.67361111129448,0.004177960450830112,0.004135266797862463,0.0014493741258387169,0.00246115700123309,0.005430758871821446,-1.414430192211381,-1.4876619848997779
harmonic_4_ratio_mean,harmonic_sideband,fault,3,1,96,109.69444444470012,0.00360288226580301,0.00397400757482072,0.0012185931131206067,0.0016702141911268866,0.004122576821350369,-1.4390224977854897,-1.5197410260721238
harmonic_4_ratio_mean,harmonic_sideband,fault,4,1,96,152.6319444448002,0.0029879861631807217,0.0037203379912051087,0.0008633299690874667,0.0012799046125734,0.0029901861936487487,-1.4653209244059495,-1.5408772947861977
harmonic_4_ratio_mean,harmonic_sideband,fault,5,1,96,207.43750000048348,0.00278051800761637,0.003914119529085937,0.00078123435884135,0.00106934047054101,0.0026081668922358636,-1.474222074190432,-1.5464715117797332
harmonic_4_ratio_mean,harmonic_sideband,fault,6,1,96,279.88888888954125,0.003640007176027832,0.006173806344852301,0.000782261899800905,0.0011977981414382467,0.002933666699271013,-1.437522653456475,-1.5423603268886221
harmonic_4_ratio_mean,harmonic_sideband,fault,7,1,96,376.93055555643406,0.005439867041636903,0.013543133854182956,0.0009692429251236034,0.0014444985297228635,0.003189247653124258,-1.3610999394889067,-1.5324030870668999
harmonic_4_ratio_mean,harmonic_sideband,healthy_adaptation,0,1,2,37.00000000008624,0.0446200127038767,0.0008707228018303826,0.044312165705022694,0.0446200127038767,0.04492785970273071,0.3147188968993162,0.3147188968993162
harmonic_4_ratio_mean,harmonic_sideband,healthy_adaptation,1,1,2,54.66666666679408,0.038874986357024334,0.0024522772413963895,0.03800797542365392,0.038874986357024334,0.03974199729039475,0.06834585828234237,0.06834585828234237
harmonic_4_ratio_mean,harmonic_sideband,healthy_adaptation,2,1,2,78.66666666685002,0.03668900755311856,0.0013894173029283291,0.036197774354719284,0.03668900755311856,0.03718024075151783,-0.024875144014302693,-0.024875144014302693
harmonic_4_ratio_mean,harmonic_sideband,healthy_adaptation,3,1,2,109.66666666692228,0.04856593362235,0.005636356217360256,0.0465731807711108,0.04856593362235,0.050558686473589194,0.48195987778002175,0.48195987778002175
harmonic_4_ratio_mean,harmonic_sideband,healthy_all,0,1,16,37.00000000008624,0.009014695822500023,0.014130192622377509,0.0021030383525639518,0.0033815952818474233,0.0063850016299640605,-1.207802821198239,-1.4483669470699527
harmonic_4_ratio_mean,harmonic_sideband,healthy_all,1,1,16,54.66666666679408,0.007790211029895584,0.012363226880694592,0.0018126848074855185,0.0027370252355819764,0.005903143224269077,-1.2603147050607277,-1.4760830148140873
harmonic_4_ratio_mean,harmonic_sideband,healthy_all,2,1,16,78.66666666685002,0.007315504670407327,0.011694246459667455,0.0016058654924169767,0.0023155067699380536,0.005327612821716204,-1.280613640142477,-1.4941613612646734
harmonic_4_ratio_mean,harmonic_sideband,healthy_all,3,1,16,109.66666666692228,0.00850965630498145,0.015866963204480212,0.0014116709598940567,0.001949344665854333,0.004815837814913758,-1.229692767693983,-1.509900018765204
harmonic_4_ratio_mean,harmonic_sideband,healthy_all,4,1,16,152.58333333368898,0.007404467505070626,0.014975465467717625,0.0010259191872045534,0.0013584475174348034,0.0037992696944652736,-1.2769549697939948,-1.532399080695299
harmonic_4_ratio_mean,harmonic_sideband,healthy_all,5,1,16,207.20833333381628,0.00888247219663553,0.019885371201205256,0.0008890716752246984,0.0011442107446239334,0.003136300034223668,-1.213781095132313,-1.5442459861939954
harmonic_4_ratio_mean,harmonic_sideband,healthy_all,6,1,16,279.85416666731896,0.016024705256214286,0.038703227584943815,0.0009656776760473417,0.0013389624512720633,0.0032943205548690985,-0.908122983849326,-1.5358784898629225
harmonic_4_ratio_mean,harmonic_sideband,healthy_all,7,1,16,376.50000000087755,0.014976280219264927,0.035353007160727895,0.0009761951727486635,0.0012804264708269034,0.0035829190501061,-0.9527627149761079,-1.5353805551586337
harmonic_4_ratio_mean,harmonic_sideband,healthy_calibration,0,1,6,37.00000000008624,0.0032047299895333324,0.001554052145670437,0.002156646536079105,0.002596965270669347,0.004020765835879073,-1.4562222299019638,-1.482163069861898
harmonic_4_ratio_mean,harmonic_sideband,healthy_calibration,1,1,6,54.66666666679408,0.003001551137939791,0.0018088197905820637,0.0016901078651052467,0.0024251325309651867,0.0037491388964738664,-1.4649609314895136,-1.4895170716217216
harmonic_4_ratio_mean,harmonic_sideband,healthy_calibration,2,1,6,78.66666666685002,0.002714883526763967,0.0016449439043375658,0.0016210878515891566,0.0020428881876702037,0.00322433564606975,-1.4772345868032275,-1.5059037760976937
harmonic_4_ratio_mean,harmonic_sideband,healthy_calibration,3,1,6,109.66666666692227,0.0024252976908630333,0.0015245311155956353,0.0015433990083083653,0.001949344665854333,0.0025162813698625516,-1.489636892688216,-1.509900018765204
harmonic_4_ratio_mean,harmonic_sideband,healthy_calibration,4,1,6,152.6666666670225,0.0016588083318309999,0.0011283836661582249,0.001009731470663895,0.0012982050235921566,0.0016841590599777384,-1.522386934020023,-1.5393493325635634
harmonic_4_ratio_mean,harmonic_sideband,healthy_calibration,5,1,6,207.33333333381657,0.0013730020708710422,0.0008560700534391757,0.00081061669659962,0.00100228263692092,0.001615051833160685,-1.5345512867786428,-1.5464683902780734
harmonic_4_ratio_mean,harmonic_sideband,healthy_calibration,6,1,6,279.88888888954125,0.00158854361869355,0.0009006198497704586,0.0010166020446655648,0.0011080315188702733,0.0023322678570554113,-1.5252609376733297,-1.5441459621021183
harmonic_4_ratio_mean,harmonic_sideband,healthy_calibration,7,1,6,376.44444444532184,0.0016620802414431032,0.0010699644357194439,0.0009861882626017633,0.0011393633132040634,0.002102500523845938,-1.5220577301973075,-1.543519667009995
harmonic_4_ratio_mean,harmonic_sideband,healthy_health_test,0,1,8,37.00000000008624,0.004470840976880869,0.0033576622699866953,0.0021030383525639518,0.003153863510124547,0.00525377531459606,-1.402118694194834,-1.4602774287772733
harmonic_4_ratio_mean,harmonic_sideband,healthy_health_test,1,1,8,54.66666666679408,0.0036105121170802424,0.002939745252686337,0.001799433063191985,0.002464003478837137,0.004116805925580038,-1.4389951760749058,-1.4876689970354027
harmonic_4_ratio_mean,harmonic_sideband,healthy_health_test,2,1,8,78.66666666685002,0.00342259480746204,0.0029769042154189876,0.0015617269080363983,0.00207943631002489,0.004153727794748013,-1.4470825541789578,-1.507531418828236
harmonic_4_ratio_mean,harmonic_sideband,healthy_health_test,3,1,8,109.66666666692228,0.003058855936228127,0.0030284676030910077,0.0013274357316881349,0.0015603917658082466,0.003687098804439793,-1.4626478353168095,-1.5304791325039475
harmonic_4_ratio_mean,harmonic_sideband,healthy_health_test,4,1,8,152.6666666670225,0.0022669161579926384,0.0021101974096898483,0.0010749343161502733,0.0011331879401237166,0.0026246243737640617,-1.4964193817273181,-1.5447082946250574
harmonic_4_ratio_mean,harmonic_sideband,healthy_health_test,5,1,8,207.1666666671495,0.0019323550876027818,0.0016304430520387065,0.0009520328725971134,0.0010864853091816602,0.0024008517600177734,-1.5106282795912906,-1.5495537491970024
harmonic_4_ratio_mean,harmonic_sideband,healthy_health_test,6,1,8,280.0000000006526,0.00208403902849192,0.0018210835007960147,0.0009072130882168183,0.0012422808945429067,0.0025020267240264083,-1.5040757709734742,-1.5399812793649326
harmonic_4_ratio_mean,harmonic_sideband,healthy_health_test,7,1,8,376.6666666675446,0.0023519066826984784,0.0025167991647958837,0.0009479218686357401,0.0011747126834413834,0.0024543729144045,-1.4924302640254126,-1.5370985602228044
harmonic_4_ratio_mean,harmonic_sideband,healthy_unused,4,1,2,152.00000000035428,0.045191650413101456,0.007839531769544427,0.042419957375315336,0.045191650413101456,0.04796334345088757,0.33719857061738273,0.33719857061738273
harmonic_4_ratio_mean,harmonic_sideband,healthy_unused,5,1,2,207.00000000048246,0.05921135101005999,0.010879759572568785,0.05536477512433867,0.05921135101005999,0.06305792689578131,0.935918217642588,0.935918217642588
harmonic_4_ratio_mean,harmonic_sideband,healthy_unused,6,1,2,279.1666666673174,0.11509585507966597,0.0025471465173387744,0.11419530279212299,0.11509585507966597,0.11599640736720893,3.327102026119278,3.327102026119278
harmonic_4_ratio_mean,harmonic_sideband,healthy_unused,7,1,2,376.0000000008764,0.1054163742989962,0.00018827042593888872,0.10534981065155706,0.1054163742989962,0.10548293794643532,2.91379252688471,2.91379252688471
harmonic_5_ratio_max,harmonic_sideband,fault,0,1,96,36.99305555564178,0.030127746776658134,0.009103425752821031,0.023849287614435027,0.02881127414752003,0.03320662552498049,-0.9202253505577854,-0.9556025617684804
harmonic_5_ratio_max,harmonic_sideband,fault,1,1,96,54.66666666679408,0.02260291303557017,0.00650283706520386,0.017516410990636833,0.021634142201524816,0.025726455391366435,-1.0408515825517084,-1.0587460473609744
harmonic_5_ratio_max,harmonic_sideband,fault,2,1,96,78.67361111129448,0.023043809662652712,0.006488701481950338,0.017617729717561585,0.022426448017051744,0.02755720152406238,-1.03370094587015,-1.0628773527138202
harmonic_5_ratio_max,harmonic_sideband,fault,3,1,96,109.69444444470012,0.021515563013540167,0.007557331484693579,0.01577279783662692,0.0204560479729307,0.025402557359737656,-1.058150123687996,-1.0809916429511015
harmonic_5_ratio_max,harmonic_sideband,fault,4,1,96,152.6319444448002,0.017781887806254768,0.009357773734482086,0.011697777298286468,0.015600738305958813,0.018947578628319084,-1.1180399908233838,-1.1498355643515388
harmonic_5_ratio_max,harmonic_sideband,fault,5,1,96,207.43750000048348,0.014227963292897598,0.011238042355890251,0.008383296479149028,0.010617398154374033,0.014526800702154475,-1.1751341859886584,-1.2152004120438638
harmonic_5_ratio_max,harmonic_sideband,fault,6,1,96,279.88888888954125,0.017393525230698894,0.019044302993818474,0.009454729336089603,0.011317649701106058,0.015240186511764744,-1.1245319102905944,-1.2126663419377297
harmonic_5_ratio_max,harmonic_sideband,fault,7,1,96,376.93055555643406,0.022988081477192546,0.04964115987479362,0.009634942080483256,0.011321340340292346,0.015358410232736593,-1.0354957123414572,-1.2218375841007847
harmonic_5_ratio_max,harmonic_sideband,healthy_adaptation,0,1,2,37.00000000008624,0.10037418259127814,0.0046203180723505335,0.09874065347117925,0.10037418259127814,0.10200771171137706,0.20615947785454605,0.20615947785454605
harmonic_5_ratio_max,harmonic_sideband,healthy_adaptation,1,1,2,54.66666666679408,0.10169853226984396,0.0033549599648167346,0.1005123747989783,0.10169853226984396,0.1028846897407096,0.22729616880898626,0.22729616880898626
harmonic_5_ratio_max,harmonic_sideband,healthy_adaptation,2,1,2,78.66666666685002,0.08740286709460171,0.008321321924294434,0.08446083551404927,0.08740286709460171,0.09034489867515416,-0.0015233717173231548,-0.0015233717173231548
harmonic_5_ratio_max,harmonic_sideband,healthy_adaptation,3,1,2,109.66666666692228,0.0812418627574882,0.0013802370534433638,0.08075387526742082,0.0812418627574882,0.08172985024755557,-0.10103683454310601,-0.10103683454310601
harmonic_5_ratio_max,harmonic_sideband,healthy_all,0,1,16,37.00000000008624,0.03516739762434234,0.025808182487024715,0.022730749841498768,0.02661561107576752,0.02995041154016386,-0.8396811660687072,-0.9826400002034055
harmonic_5_ratio_max,harmonic_sideband,healthy_all,1,1,16,54.66666666679408,0.02913484044574396,0.028549619624443034,0.016201702358120663,0.01955834881375222,0.022714449277159675,-0.9363742948183409,-1.076430848637575
harmonic_5_ratio_max,harmonic_sideband,healthy_all,2,1,16,78.66666666685002,0.027218598111740707,0.023954482113525927,0.01513192552811578,0.019454102231640027,0.02369366628772502,-0.9670539386416492,-1.0667888513796395
harmonic_5_ratio_max,harmonic_sideband,healthy_all,3,1,16,109.66666666692228,0.02500060967080491,0.02236894774635694,0.013472126212344311,0.017512970148410703,0.021934756147405903,-1.0027009683075463,-1.1000166380011833
harmonic_5_ratio_max,harmonic_sideband,healthy_all,4,1,16,152.58333333368898,0.022983111027022055,0.030298117580267264,0.00919623286251986,0.012455854717515808,0.015618185691779645,-1.0350222264392475,-1.2035994069679659
harmonic_5_ratio_max,harmonic_sideband,healthy_all,5,1,16,207.20833333381628,0.02865473130904099,0.05590591625597344,0.006364546373917564,0.00820845412236489,0.011660557950313784,-0.9442290492090459,-1.2604710460588966
harmonic_5_ratio_max,harmonic_sideband,healthy_all,6,1,16,279.85416666731896,0.048072555638059046,0.10751791914729057,0.0069918890902678395,0.00859953094273846,0.011571851900648118,-0.6329377058249381,-1.2523261556123195
harmonic_5_ratio_max,harmonic_sideband,healthy_all,7,1,16,376.50000000087755,0.041651735992284486,0.09369910405111297,0.006973861808768435,0.007311250815858136,0.008989782023861177,-0.7360748270229526,-1.2637312790654347
harmonic_5_ratio_max,harmonic_sideband,healthy_calibration,0,1,6,37.00000000008624,0.026875356035056072,0.004651314069240839,0.02321097573526581,0.02661561107576752,0.028884816272810445,-0.972683994723316,-0.9768000404641914
harmonic_5_ratio_max,harmonic_sideband,healthy_calibration,1,1,6,54.66666666679408,0.01923413847564656,0.00367341172653312,0.016321268368826622,0.018854381150736444,0.020937717360295708,-1.0951527531455099,-1.0993778755358814
harmonic_5_ratio_max,harmonic_sideband,healthy_calibration,2,1,6,78.66666666685002,0.018906515764570368,0.0045830336273953035,0.015127852529093988,0.018992828453213248,0.021427141212170802,-1.100392250794168,-1.0989571370497413
harmonic_5_ratio_max,harmonic_sideband,healthy_calibration,3,1,6,109.66666666692227,0.017121634626569446,0.0045575822269494585,0.013685384624716008,0.01669959200255809,0.019410495345758425,-1.129005994565222,-1.1357137178522605
harmonic_5_ratio_max,harmonic_sideband,healthy_calibration,4,1,6,152.6666666670225,0.0117822690425117,0.0032381821681979716,0.009201364703269462,0.011292664023895914,0.013994012950174084,-1.2145774912366127,-1.2150472197624673
harmonic_5_ratio_max,harmonic_sideband,healthy_calibration,5,1,6,207.33333333381657,0.008219003603804247,0.0025042079239591124,0.006451650341281354,0.007452871451028337,0.009745101793483526,-1.2716939326565122,-1.263216740372528
harmonic_5_ratio_max,harmonic_sideband,healthy_calibration,6,1,6,279.88888888954125,0.008488020709319238,0.002025527695965021,0.007153181160100074,0.007621447411318134,0.009781853369166787,-1.267375598037743,-1.2556828981897608
harmonic_5_ratio_max,harmonic_sideband,healthy_calibration,7,1,6,376.44444444532184,0.007301041289479633,0.0008716437566425588,0.006690003616381715,0.00689420347766348,0.0077651845193989245,-1.2864027056517573,-1.2801605392889235
harmonic_5_ratio_max,harmonic_sideband,healthy_health_test,0,1,8,37.00000000008624,0.02508473257457308,0.004338118214559089,0.022149602797923683,0.02458266751535403,0.028505678627920958,-1.001389205558564,-0.994174465501021
harmonic_5_ratio_max,harmonic_sideband,healthy_health_test,1,1,8,54.66666666679408,0.01841944396729201,0.003960632575082562,0.015712270137079598,0.018259830856595025,0.021274349655075752,-1.108208066979796,-1.0925456493177426
harmonic_5_ratio_max,harmonic_sideband,healthy_health_test,2,1,8,78.66666666685002,0.01840659262640321,0.004674315016633216,0.014976025646838718,0.017858644037453276,0.021808437243091297,-1.108432846258342,-1.0908015877470958
harmonic_5_ratio_max,harmonic_sideband,healthy_health_test,3,1,8,109.66666666692228,0.01684952768231069,0.004922787123105785,0.013171139062421563,0.0164716149146587,0.020294535133327598,-1.1333882320553998,-1.11658177645195
harmonic_5_ratio_max,harmonic_sideband,healthy_health_test,4,1,8,152.6666666670225,0.012101947978419781,0.004110989243484571,0.00906343990763276,0.011545144211980697,0.014181940794474344,-1.2094806430443086,-1.2177579286119418
harmonic_5_ratio_max,harmonic_sideband,healthy_health_test,5,1,8,207.1666666671495,0.00833866457202668,0.0030393772166041715,0.006228141064911912,0.007667667931229499,0.009516228147444745,-1.2697828964766829,-1.2763481659317968
harmonic_5_ratio_max,harmonic_sideband,healthy_health_test,6,1,8,280.0000000006526,0.009009550524422925,0.0025566824033546364,0.006917338237493115,0.008480456035001487,0.010119222917963681,-1.259015065125544,-1.258252872302937
harmonic_5_ratio_max,harmonic_sideband,healthy_health_test,7,1,8,376.6666666675446,0.007841813756911077,0.001248969184045117,0.007028283126227103,0.007311250815858136,0.008107925716966611,-1.2777157260594278,-1.2690408524374857
harmonic_5_ratio_max,harmonic_sideband,healthy_unused,4,1,2,152.00000000035428,0.1001102891749622,0.0013244347854293125,0.09964203076595399,0.1001102891749622,0.10057854758397042,0.20147723437309234,0.20147723437309234
harmonic_5_ratio_max,harmonic_sideband,healthy_unused,5,1,2,207.00000000048246,0.17122618137280848,0.01803222154045995,0.16485082830724979,0.17122618137280848,0.17760153443836715,1.3403809902039006,1.3403809902039006
harmonic_5_ratio_max,harmonic_sideband,healthy_unused,6,1,2,279.1666666673174,0.32307818087882295,0.021682404628968754,0.31541229320603575,0.32307818087882295,0.33074406855161015,3.7746854080159,3.7746854080159
harmonic_5_ratio_max,harmonic_sideband,healthy_unused,7,1,2,376.0000000008764,0.2799435090421927,0.043444987270598034,0.26458338648839114,0.2799435090421927,0.29530363159599426,3.0814724050093627,3.0814724050093627
harmonic_5_ratio_mean,harmonic_sideband,fault,0,1,96,36.99305555564178,0.026389233911682592,0.006658143049727686,0.02178608836401499,0.02529177179741627,0.029014154105342204,-0.8713661602192886,-0.8830404910976697
harmonic_5_ratio_mean,harmonic_sideband,fault,1,1,96,54.66666666679408,0.019198219013912776,0.004539389527592705,0.015554643317754045,0.019023699003905315,0.02151410536132401,-1.0415734592567543,-1.040952509881539
harmonic_5_ratio_mean,harmonic_sideband,fault,2,1,96,78.67361111129448,0.01898480346610579,0.0042848448491822734,0.01520288522259894,0.019430884366902403,0.02236633533110454,-1.0466268454606877,-1.0351924165385589
harmonic_5_ratio_mean,harmonic_sideband,fault,3,1,96,109.69444444470012,0.016828091885552038,0.004269095641082817,0.013404050996843279,0.016350481467962925,0.020070469509092907,-1.0976961429904042,-1.1006173402521946
harmonic_5_ratio_mean,harmonic_sideband,fault,4,1,96,152.6319444448002,0.013030785650962108,0.005188200176811508,0.00956929680850749,0.011875540062919618,0.014505498869031137,-1.1875877907404953,-1.212113206235704
harmonic_5_ratio_mean,harmonic_sideband,fault,5,1,96,207.43750000048348,0.010308699024761432,0.007061192598651358,0.006847927275610158,0.00767954466178912,0.010445426644576554,-1.2520200718333767,-1.280897883974232
harmonic_5_ratio_mean,harmonic_sideband,fault,6,1,96,279.88888888954125,0.013237898013245103,0.01401368185754376,0.007504282219838028,0.008554127203003426,0.011310502298384895,-1.1827100746631938,-1.2531947365114755
harmonic_5_ratio_mean,harmonic_sideband,fault,7,1,96,376.93055555643406,0.016011843621497556,0.027414212699151716,0.007049037297608735,0.00889804067036254,0.011215744896280579,-1.1172637354001285,-1.2463963908644848
harmonic_5_ratio_mean,harmonic_sideband,healthy_adaptation,0,1,2,37.00000000008624,0.07820500745397876,0.0019296497682898008,0.07752277323574239,0.07820500745397876,0.07888724167221514,0.3548774878177665,0.3548774878177665
harmonic_5_ratio_mean,harmonic_sideband,healthy_adaptation,1,1,2,54.66666666679408,0.07839900531519908,0.004930596645474954,0.0766557761535436,0.07839900531519908,0.08014223447685458,0.35985881408711473,0.35985881408711473
harmonic_5_ratio_mean,harmonic_sideband,healthy_adaptation,2,1,2,78.66666666685002,0.06001852127632956,0.006259410496276095,0.057805485472256016,0.06001852127632956,0.0622315570804031,-0.07510776361008062,-0.07510776361008062
harmonic_5_ratio_mean,harmonic_sideband,healthy_adaptation,3,1,2,109.66666666692228,0.05727967460222097,0.0027327617206417383,0.05631349743020458,0.05727967460222097,0.05824585177423737,-0.1401329950331952,-0.1401329950331952
harmonic_5_ratio_mean,harmonic_sideband,healthy_all,0,1,16,37.00000000008624,0.030572664366979765,0.0189543681078362,0.020914195615061484,0.024771679662540912,0.027248625799579533,-0.7725060394126284,-0.9232729887586115
harmonic_5_ratio_mean,harmonic_sideband,healthy_all,1,1,16,54.66666666679408,0.024854423120349366,0.02116330861486082,0.014999157671580048,0.01763926272284709,0.021035821120944626,-0.9077725814132335,-1.0924751955692011
harmonic_5_ratio_mean,harmonic_sideband,healthy_all,2,1,16,78.66666666685002,0.022589234111160643,0.015146666306599107,0.014267549284951445,0.017977983086705035,0.021827381190974552,-0.9613758359943021,-1.083816743306259
harmonic_5_ratio_mean,harmonic_sideband,healthy_all,3,1,16,109.66666666692228,0.020815673629907636,0.014740463874142892,0.01285864880661236,0.01605272436042867,0.02034857467291441,-1.0033801275337444,-1.1209951765765576
harmonic_5_ratio_mean,harmonic_sideband,healthy_all,4,1,16,152.58333333368898,0.019040269570972795,0.022767852883303477,0.008348130659776347,0.01127001252343145,0.013667948725722289,-1.045384651053427,-1.239506591582275
harmonic_5_ratio_mean,harmonic_sideband,healthy_all,5,1,16,207.20833333381628,0.022682630212640376,0.042276766499632426,0.005573124135549086,0.007151546440899046,0.009729864704195929,-0.9591948257885188,-1.3211938449647522
harmonic_5_ratio_mean,harmonic_sideband,healthy_all,6,1,16,279.85416666731896,0.038665888344023555,0.08525500022161088,0.00613320869932,0.0074620911840037624,0.009461372914896043,-0.5807824128025274,-1.2997896892724214
harmonic_5_ratio_mean,harmonic_sideband,healthy_all,7,1,16,376.50000000087755,0.032644140789049404,0.07191935011912859,0.005945857926749178,0.0062999848257585065,0.007018112094845415,-0.7233838528993303,-1.3043073413962927
harmonic_5_ratio_mean,harmonic_sideband,healthy_calibration,0,1,6,37.00000000008624,0.024869001146619166,0.003923141333984079,0.021849957875462598,0.02500700469956913,0.026365256473329206,-0.9074966869284893,-0.9323030072238793
harmonic_5_ratio_mean,harmonic_sideband,healthy_calibration,1,1,6,54.66666666679408,0.017642003484871396,0.003356022317979316,0.015060078266058555,0.01731550519265857,0.01907584063170131,-1.0785268972654543,-1.0937987671834586
harmonic_5_ratio_mean,harmonic_sideband,healthy_calibration,2,1,6,78.66666666685002,0.01759154134020269,0.004166515444036797,0.014175270043017291,0.017713544449399914,0.019852799486397812,-1.0797118901359595,-1.0985494145862917
harmonic_5_ratio_mean,harmonic_sideband,healthy_calibration,3,1,6,109.66666666692227,0.01584260936563654,0.00408940895856742,0.01249580542335518,0.015579757828551482,0.01802798061542168,-1.1211047327924117,-1.1370159557742285
harmonic_5_ratio_mean,harmonic_sideband,healthy_calibration,4,1,6,152.6666666670225,0.010691910711104749,0.00290218236831328,0.008365691153276034,0.010317121630657037,0.01257038289040259,-1.2429857801221618,-1.246846259934062
harmonic_5_ratio_mean,harmonic_sideband,healthy_calibration,5,1,6,207.33333333381657,0.007294283899395588,0.002282769566607864,0.005597183561885415,0.006571447145547773,0.008690185825961311,-1.3233930320388945,-1.3235995979814605
harmonic_5_ratio_mean,harmonic_sideband,healthy_calibration,6,1,6,279.88888888954125,0.007344140067065619,0.001622644430859785,0.006238012801298422,0.0066279850719927775,0.008314245124949287,-1.3222043109818757,-1.3212585644498125
harmonic_5_ratio_mean,harmonic_sideband,healthy_calibration,7,1,6,376.44444444532184,0.006200595544061229,0.000578734126307112,0.005815288600337538,0.006011448424993666,0.0064465351820234456,-1.3492638111174093,-1.3514900864897954
harmonic_5_ratio_mean,harmonic_sideband,healthy_health_test,0,1,8,37.00000000008624,0.02294232601050046,0.003958624390803195,0.019318088678955094,0.02288288272847246,0.025614395325191174,-0.9531089355833314,-0.9609807529139633
harmonic_5_ratio_mean,harmonic_sideband,healthy_health_test,1,1,8,54.66666666679408,0.016877592298245415,0.0034322436247247036,0.014558755125513034,0.016561801146500923,0.019705951971793076,-1.096614693399155,-1.116734567216642
harmonic_5_ratio_mean,harmonic_sideband,healthy_health_test,2,1,8,78.66666666685002,0.01698018189808688,0.003997974865023569,0.014075435070919781,0.016376825155525597,0.02033491088936503,-1.0941908134841145,-1.108289285086577
harmonic_5_ratio_mean,harmonic_sideband,healthy_health_test,3,1,8,109.66666666692228,0.015429471585032625,0.004283031152565573,0.012555676130249112,0.014717098966627717,0.018772199520370774,-1.130898456714881,-1.1476682613396796
harmonic_5_ratio_mean,harmonic_sideband,healthy_health_test,4,1,8,152.6666666670225,0.010847332823046322,0.0035466833788619038,0.008192788683565433,0.01046778160546516,0.012787808753247653,-1.239331766507526,-1.253598622192152
harmonic_5_ratio_mean,harmonic_sideband,healthy_health_test,5,1,8,207.1666666671495,0.0071867153920825095,0.002430049868552656,0.005484031331132835,0.006700256889824674,0.008042193607995334,-1.3259495487374329,-1.3312017062351582
harmonic_5_ratio_mean,harmonic_sideband,healthy_health_test,6,1,8,280.0000000006526,0.007595364324537324,0.0018378744352217078,0.0060287738106009296,0.007248665936482769,0.008517718067149765,-1.3162590379094248,-1.315996850003954
harmonic_5_ratio_mean,harmonic_sideband,healthy_health_test,7,1,8,376.6666666675446,0.0064185819115971324,0.0005120538322859649,0.006118502684007982,0.0062999848257585065,0.006536229549883227,-1.3440982002339912,-1.3440683568741603
harmonic_5_ratio_mean,harmonic_sideband,healthy_unused,4,1,2,152.00000000035428,0.07685709314228281,0.00217402166439327,0.07608846041161335,0.07685709314228281,0.07762572587295229,0.32320719796917263,0.32320719796917263
harmonic_5_ratio_mean,harmonic_sideband,healthy_unused,5,1,2,207.00000000048246,0.1308313284346062,0.0028995736224887462,0.1298061743491005,0.1308313284346062,0.13185648252011195,1.6004186847582644,1.6004186847582644
harmonic_5_ratio_mean,harmonic_sideband,healthy_unused,6,1,2,279.1666666673174,0.2569132292528423,0.010783402474440863,0.2531007207458718,0.2569132292528423,0.2607257377598128,4.585389782163107,4.585389782163107
harmonic_5_ratio_mean,harmonic_sideband,healthy_unused,7,1,2,376.0000000008764,0.21687701203382304,0.0010373288414606127,0.21651026090476444,0.21687701203382304,0.2172437631628816,3.637113411093551,3.637113411093551
kurtosis_a,current_shape,fault,0,1,96,36.99305555564178,1.569184261488819,0.12897906399150563,1.5127881912378278,1.5201379170064326,1.5538170681169376,-1.6843141208560721,-1.4830076986617695
kurtosis_a,current_shape,fault,1,1,96,54.66666666679408,1.5718764546176658,0.10918618255334747,1.5158251438003214,1.5277341863441145,1.5588051345752523,-1.683718188011908,-1.5091526052373752
kurtosis_a,current_shape,fault,2,1,96,78.67361111129448,1.5829160555139055,0.12317414498318381,1.5173491167817763,1.5286598239688096,1.5747828365403258,-1.6780710059326258,-1.5157730420042008
kurtosis_a,current_shape,fault,3,1,96,109.69444444470012,1.5988723553900177,0.16427111941941305,1.5052894338946847,1.5323511968379897,1.600375117828443,-1.6697030198812433,-1.5079500373875343
kurtosis_a,current_shape,fault,4,1,96,152.6319444448002,1.626197451395958,0.252060293050102,1.4837597206086148,1.5293372488077615,1.6193037122517984,-1.653784236237015,-1.497828994204231
kurtosis_a,current_shape,fault,5,1,96,207.43750000048348,1.646765697102517,0.33926728932940897,1.4602867401204436,1.5114098099272382,1.6303475876492257,-1.640625724925303,-1.512677137059781
kurtosis_a,current_shape,fault,6,1,96,279.88888888954125,1.6578279256570505,0.4095407514421362,1.4442651476671626,1.5039479799797433,1.6255180234582411,-1.6315207752484577,-1.5304690340018674
kurtosis_a,current_shape,fault,7,1,96,376.93055555643406,1.6551288106155742,0.43409909565394394,1.4377320910257994,1.5024580591540557,1.6016933549480399,-1.6271536622342015,-1.541050729229899
kurtosis_a,current_shape,healthy_adaptation,0,1,2,37.00000000008624,3.9864605329390175,0.5898399688038677,3.7779206120609796,3.9864605329390175,4.195000453817056,-0.08177990961980418,-0.08177990961980418
kurtosis_a,current_shape,healthy_adaptation,1,1,2,54.66666666679408,4.130999596057167,0.7999723226442378,3.8481666690055203,4.130999596057167,4.413832523108813,-0.011852555282798528,-0.011852555282798528
kurtosis_a,current_shape,healthy_adaptation,2,1,2,78.66666666685002,5.0339301142693476,1.5207270008351945,4.4962719269573235,5.0339301142693476,5.571588301581371,0.5124526840955376,0.5124526840955376
kurtosis_a,current_shape,healthy_adaptation,3,1,2,109.66666666692228,5.151455943430125,1.6254099239568731,4.576786753711216,5.151455943430125,5.726125133149033,0.5790903201295943,0.5790903201295943
kurtosis_a,current_shape,healthy_all,0,1,16,37.00000000008624,1.8302034673328307,0.8555894073419524,1.510762582743873,1.515514624250665,1.5392252269736588,-1.5125567377446725,-1.4766050811352662
kurtosis_a,current_shape,healthy_all,1,1,16,54.66666666679408,1.8492902048360302,0.9144808246744967,1.512556315169375,1.5192200885549436,1.5410909620716604,-1.5034433668188407,-1.4752700821327398
kurtosis_a,current_shape,healthy_all,2,1,16,78.66666666685002,1.9604152632569383,1.262566595500638,1.5070552867303397,1.5153455595274947,1.542764772709178,-1.4396481308516544,-1.4764660884776375
kurtosis_a,current_shape,healthy_all,3,1,16,109.66666666692228,1.9766286550539727,1.3087866119583977,1.5030096591442281,1.5140827041853486,1.5488407721905622,-1.4307411454424164,-1.4766321220249008
kurtosis_a,current_shape,healthy_all,4,1,16,152.58333333368898,1.9691638537660359,1.2461152856620425,1.5028110744994545,1.5163209060892222,1.5604140688258599,-1.428119706084049,-1.477162993415189
kurtosis_a,current_shape,healthy_all,5,1,16,207.20833333381628,2.067311881654603,1.4755914581426002,1.5030832940885588,1.5182885551949241,1.5740097440542051,-1.324170986044649,-1.4774565547277128
kurtosis_a,current_shape,healthy_all,6,1,16,279.85416666731896,2.050317548260111,1.4180164441869096,1.5033530998623472,1.5192938304977088,1.5851800996717613,-1.3640504720553237,-1.4779525849858222
kurtosis_a,current_shape,healthy_all,7,1,16,376.50000000087755,2.0222438112736034,1.324710774917339,1.5058148889328562,1.5191645621795566,1.5967018987426869,-1.383389536669278,-1.478434336220142
kurtosis_a,current_shape,healthy_calibration,0,1,6,37.00000000008624,1.5164760048935715,0.009833150566395669,1.5091223479402383,1.513452395184406,1.5219420382024822,-1.7208918006052862,-1.7177578120825048
kurtosis_a,current_shape,healthy_calibration,1,1,6,54.66666666679408,1.519184690773849,0.010226914668234293,1.5117763746319866,1.5187833279410263,1.522112088235433,-1.7194799275680832,-1.7177559394953599
kurtosis_a,current_shape,healthy_calibration,2,1,6,78.66666666685002,1.5162625312488593,0.013174089790686357,1.507385874377357,1.514256517143095,1.520500380750406,-1.7220596598462,-1.7213356864982505
kurtosis_a,current_shape,healthy_calibration,3,1,6,109.66666666692227,1.5139891037546807,0.01580037785892664,1.5023534882793128,1.512239112136727,1.5176997388008915,-1.7241212272783881,-1.7231031697404153
kurtosis_a,current_shape,healthy_calibration,4,1,6,152.6666666670225,1.5166413662159457,0.019716297872682895,1.502245583339874,1.5142242920622597,1.521671129696267,-1.7226407549295109,-1.7212606702954736
kurtosis_a,current_shape,healthy_calibration,5,1,6,207.33333333381657,1.518714430145625,0.023182765487282278,1.5018509794865056,1.5157864090840598,1.5225843652840279,-1.721402550110237,-1.7197814668587528
kurtosis_a,current_shape,healthy_calibration,6,1,6,279.88888888954125,1.521317508623124,0.02484135921336548,1.503090385870542,1.517226516763666,1.5259145273671435,-1.719415585292217,-1.716926051119784
kurtosis_a,current_shape,healthy_calibration,7,1,6,376.44444444532184,1.5253845057615338,0.027219954805124395,1.5058139254480805,1.5166665677335947,1.5351225446973191,-1.716120123550306,-1.7115910767657225
kurtosis_a,current_shape,healthy_health_test,0,1,8,37.00000000008624,1.5264347977607284,0.025247458978054273,1.5107368200914213,1.5142715737138255,1.5330252645529805,-1.7139996476304291,-1.7014957953573484
kurtosis_a,current_shape,healthy_health_test,1,1,8,54.66666666679408,1.5264419925773822,0.022639645433221566,1.5119371396478936,1.5159310817901557,1.5349795322323907,-1.7143136491409194,-1.7036467387476208
kurtosis_a,current_shape,healthy_health_test,2,1,8,78.66666666685002,1.5251510995098951,0.027727278997910543,1.5068116587186526,1.5132039534882682,1.533900696763801,-1.7158646878425434,-1.7042499930704045
kurtosis_a,current_shape,healthy_health_test,3,1,8,109.66666666692228,1.5299014964344038,0.03935238501122637,1.5030096591442281,1.5136194147655988,1.538253625776119,-1.7131639504584404,-1.6970814261493614
kurtosis_a,current_shape,healthy_health_test,4,1,8,152.6666666670225,1.535235984961774,0.04951009047729937,1.5028110744994545,1.512788244263885,1.546439193520532,-1.7098020466903496,-1.6896150649141506
kurtosis_a,current_shape,healthy_health_test,5,1,8,207.1666666671495,1.5420998635022587,0.061073556719722234,1.5030832940885588,1.512594239485761,1.5551766950321246,-1.7050824787539915,-1.67802396681618
kurtosis_a,current_shape,healthy_health_test,6,1,8,280.0000000006526,1.5489308837582054,0.07370555450348215,1.5033530998623472,1.5111463702688301,1.5609745706293707,-1.700156916173805,-1.6659107761912644
kurtosis_a,current_shape,healthy_health_test,7,1,8,376.6666666675446,1.5575100458343438,0.0836118010039964,1.5054789657700938,1.5146763269430699,1.5710369100933632,-1.6938333022685137,-1.6544866917048562
kurtosis_a,current_shape,healthy_unused,4,1,2,152.00000000035428,5.062442791633353,1.1837192336226035,4.643934843075611,5.062442791633353,5.480950740191096,0.5821728028775393,0.5821728028775393
kurtosis_a,current_shape,healthy_unused,5,1,2,207.00000000048246,5.813952308790913,0.7379633706015845,5.553042856981083,5.813952308790913,6.0748617606007445,1.3911696769894855,1.3911696769894855
kurtosis_a,current_shape,healthy_unused,6,1,2,279.1666666673174,5.642864325178692,0.7858160559203868,5.365036394225405,5.642864325178692,5.920692256131979,1.0464706441292808,1.0464706441292808
kurtosis_a,current_shape,healthy_unused,7,1,2,376.0000000008764,5.371756789566851,0.789131936304263,5.092756517861044,5.371756789566851,5.6507570612726585,0.8565772863707488,0.8565772863707488
kurtosis_b,current_shape,fault,0,1,96,36.99305555564178,1.5575432260779742,0.11760647185531449,1.5080219833852049,1.5132552019108552,1.5394794271105867,-1.5149901660502676,-1.5204482556772416
kurtosis_b,current_shape,fault,1,1,96,54.66666666679408,1.5458436464835144,0.09695494372371861,1.5034326505561746,1.5079235922172884,1.5301033270523607,-1.522872546588817,-1.5219688531210411
kurtosis_b,current_shape,fault,2,1,96,78.67361111129448,1.5425135253903992,0.11156808470787982,1.4928298432891216,1.501194102035691,1.5214274657491051,-1.5250700773534611,-1.5284195807566356
kurtosis_b,current_shape,fault,3,1,96,109.69444444470012,1.55259936301029,0.1673272824212357,1.4810949112123923,1.492806582021653,1.5188052142792237,-1.5182500682621687,-1.5323757519960852
kurtosis_b,current_shape,fault,4,1,96,152.6319444448002,1.5972620481681086,0.3128559804578988,1.4676575206030742,1.4951007435351253,1.5348787677239526,-1.4879876947061812,-1.532856515180391
kurtosis_b,current_shape,fault,5,1,96,207.43750000048348,1.6545831149068624,0.47391099160165495,1.4565014851264662,1.5050695695947478,1.5711625561310194,-1.448874786785346,-1.524383119188256
kurtosis_b,current_shape,fault,6,1,96,279.88888888954125,1.6847824248106775,0.558039983990293,1.444189059617283,1.509815798730627,1.600237589156544,-1.427078679060659,-1.520627182790757
kurtosis_b,current_shape,fault,7,1,96,376.93055555643406,1.69128774846629,0.5966700984689606,1.4357826967386818,1.5168993817800391,1.6290764175881223,-1.4208663945512197,-1.5174876588158943
kurtosis_b,current_shape,healthy_adaptation,0,1,2,37.00000000008624,3.719690557936217,0.2313053835478088,3.6379117553204114,3.719690557936217,3.8014693605520224,-0.04952827345951588,-0.04952827345951588
kurtosis_b,current_shape,healthy_adaptation,1,1,2,54.66666666679408,3.863041461802419,0.061561223830019635,3.841276282388244,3.863041461802419,3.884806641216594,0.041039814554314887,0.041039814554314887
kurtosis_b,current_shape,healthy_adaptation,2,1,2,78.66666666685002,4.575676009660604,0.740846380721655,4.313747259847707,4.575676009660604,4.837604759473501,0.5078922491529124,0.5078922491529124
kurtosis_b,current_shape,healthy_adaptation,3,1,2,109.66666666692228,4.463078677776031,0.19408558749598587,4.394459060251538,4.463078677776031,4.531698295300524,0.44352992923150275,0.44352992923150275
kurtosis_b,current_shape,healthy_all,0,1,16,37.00000000008624,1.7976837302387725,0.7530894673435224,1.5065096903819843,1.513166808196415,1.546136681586735,-1.3522347091762998,-1.519977846145541
kurtosis_b,current_shape,healthy_all,1,1,16,54.66666666679408,1.8123137957124849,0.800987943271912,1.5053333585808715,1.5114254519554626,1.5388593588528507,-1.3431015882331987,-1.5210451646926835
kurtosis_b,current_shape,healthy_all,2,1,16,78.66666666685002,1.90114057424918,1.0616831719817283,1.5028894483804327,1.509623729989285,1.5401412763615516,-1.284847965977758,-1.5206915850038083
kurtosis_b,current_shape,healthy_all,3,1,16,109.66666666692228,1.889074094360447,1.0064898633147215,1.5033595104974347,1.5111909164874602,1.5499585850565023,-1.291455041693123,-1.520282067747646
kurtosis_b,current_shape,healthy_all,4,1,16,152.58333333368898,1.8923759770426545,0.9953437339489615,1.5042575440700383,1.516187364532347,1.565276106109732,-1.288517117374079,-1.5164207878994838
kurtosis_b,current_shape,healthy_all,5,1,16,207.20833333381628,2.180446633857017,1.8183206120600157,1.5035456102316318,1.517491833230869,1.5767068360734835,-1.0896922234825734,-1.5160067915241626
kurtosis_b,current_shape,healthy_all,6,1,16,279.85416666731896,2.2281527290903336,1.9091862615328337,1.5045645608424132,1.5189966770693024,1.586394643672621,-1.0646445928006445,-1.5149230521314447
kurtosis_b,current_shape,healthy_all,7,1,16,376.50000000087755,2.010552845959851,1.2846826441612784,1.507202068439274,1.519684009061867,1.5960192181311734,-1.2101824373818646,-1.515844388463164
kurtosis_b,current_shape,healthy_calibration,0,1,6,37.00000000008624,1.517223912249346,0.013036022396391175,1.5077195008075719,1.5117243898245745,1.5253296419621978,-1.5422850961923407,-1.5396031547562186
kurtosis_b,current_shape,healthy_calibration,1,1,6,54.66666666679408,1.513160031801976,0.012275109753319921,1.504249748385038,1.5088923596300434,1.521948571080451,-1.544997356540991,-1.5429300161519781
kurtosis_b,current_shape,healthy_calibration,2,1,6,78.66666666685002,1.5126279885976264,0.012217507712495586,1.5036965071641817,1.5077342058277963,1.5220854454119865,-1.545275924710696,-1.5432248693238533
kurtosis_b,current_shape,healthy_calibration,3,1,6,109.66666666692227,1.5123909603334142,0.014014978137776727,1.5018224606539132,1.509505121170033,1.518988687497341,-1.5453340452878868,-1.5450619505119119
kurtosis_b,current_shape,healthy_calibration,4,1,6,152.6666666670225,1.5162323194895995,0.017693616979783076,1.503131400220846,1.5144275780480676,1.522012871006887,-1.542646008048557,-1.5434629485673783
kurtosis_b,current_shape,healthy_calibration,5,1,6,207.33333333381657,1.5177845094037747,0.022436526679288957,1.5010200905914406,1.514437749181122,1.5238902271385963,-1.5415337026473717,-1.5429834032748375
kurtosis_b,current_shape,healthy_calibration,6,1,6,279.88888888954125,1.5215331264621854,0.02384920219814823,1.5043665947820106,1.5162398534981243,1.5272455391922348,-1.5390044022971952,-1.5410837997188387
kurtosis_b,current_shape,healthy_calibration,7,1,6,376.44444444532184,1.5256667191739037,0.02562733064129201,1.5081984354958253,1.5154216578989792,1.5362249910684245,-1.5362988261448074,-1.537532549279062
kurtosis_b,current_shape,healthy_health_test,0,1,8,37.00000000008624,1.527526886806481,0.03537514987530345,1.5060382585188052,1.5105042093337389,1.5305582341901474,-1.5353735278434655,-1.5217964634397698
kurtosis_b,current_shape,healthy_health_test,1,1,8,54.66666666679408,1.5239972021228831,0.029867972121633335,1.5053333585808715,1.5104887482037044,1.526088026456797,-1.537715112699233,-1.526376061006201
kurtosis_b,current_shape,healthy_health_test,2,1,8,78.66666666685002,1.5238911546349894,0.03273029427045006,1.5026620160639217,1.5087669811303859,1.5306018944680346,-1.5377120507107223,-1.526949771566064
kurtosis_b,current_shape,healthy_health_test,3,1,8,109.66666666692228,1.5280852990268254,0.04111445086903097,1.502961553840532,1.5077249310858125,1.5382919888649726,-1.5347920317282064,-1.5221744623917686
kurtosis_b,current_shape,healthy_health_test,4,1,8,152.6666666670225,1.5376056307825074,0.05605272607412654,1.5034759124019224,1.508931494285517,1.551541016899491,-1.528270573048934,-1.517667381368276
kurtosis_b,current_shape,healthy_health_test,5,1,8,207.1666666671495,1.5437957401258415,0.06506813492318464,1.5034589532289546,1.5103687569348572,1.5591997988773352,-1.524011462809672,-1.5170352434223329
kurtosis_b,current_shape,healthy_health_test,6,1,8,280.0000000006526,1.5491543479077954,0.07372761802638211,1.5040842525452307,1.5104155971806028,1.5625387998205287,-1.520380934822086,-1.5165189136733972
kurtosis_b,current_shape,healthy_health_test,7,1,8,376.6666666675446,1.556769483488502,0.0810010827371435,1.5048131148847563,1.515633697559629,1.571359976713736,-1.5153196613726627,-1.5172507714074375
kurtosis_b,current_shape,healthy_unused,4,1,2,152.00000000035428,4.439888334742408,0.04049485036133664,4.42557124309559,4.439888334742408,4.454205426389226,0.4328833773487748,0.4328833773487748
kurtosis_b,current_shape,healthy_unused,5,1,2,207.00000000048246,6.715036582141444,1.5999563339440146,6.149366595474354,6.715036582141444,7.280706568808535,2.0031091713202156,2.0031091713202156
kurtosis_b,current_shape,healthy_unused,6,1,2,279.1666666673174,7.064005061704931,1.0857600603876993,6.6801309109841025,7.064005061704931,7.447879212425759,2.1813802037747743,2.1813802037747743
kurtosis_b,current_shape,healthy_unused,7,1,2,376.0000000008764,5.280344676203091,0.5155687466603361,5.098063597737405,5.280344676203091,5.462625754668778,0.9887156248701567,0.9887156248701567
kurtosis_c,current_shape,fault,0,1,96,36.99305555564178,1.55211086793276,0.16487051504201655,1.4882344595522143,1.495990264398841,1.50843787982704,-1.444725917207751,-1.279941399122972
kurtosis_c,current_shape,fault,1,1,96,54.66666666679408,1.539947365960258,0.13329817083123194,1.484342588264036,1.491287163105479,1.5051723905828955,-1.4520243055038982,-1.2809166292598264
kurtosis_c,current_shape,fault,2,1,96,78.67361111129448,1.5569743802335838,0.14862627815719703,1.4907684128834973,1.4974202289221028,1.533918727391956,-1.4404007463452864,-1.2781018811495712
kurtosis_c,current_shape,fault,3,1,96,109.69444444470012,1.5927694201998692,0.1992595858433838,1.5008648964289406,1.514984421723097,1.5677009674506257,-1.4155148841182676,-1.2715205840530017
kurtosis_c,current_shape,fault,4,1,96,152.6319444448002,1.6543555682160764,0.3037867158273191,1.5117124170758003,1.53679362106812,1.6178327018292986,-1.3740848145826021,-1.2658746522211586
kurtosis_c,current_shape,fault,5,1,96,207.43750000048348,1.7053185538013544,0.39664825515423247,1.5107921775689381,1.5524302802026253,1.6682054942791256,-1.340457374737298,-1.2663344195668151
kurtosis_c,current_shape,fault,6,1,96,279.88888888954125,1.7333682987835284,0.453426091303786,1.5100608383799077,1.5657532120980058,1.6909541911686423,-1.324860105173467,-1.2684889897998506
kurtosis_c,current_shape,fault,7,1,96,376.93055555643406,1.7457578400544798,0.4920359987968047,1.517159924184203,1.5769316060501941,1.6686635530821672,-1.322319492398389,-1.2685970640174116
kurtosis_c,current_shape,healthy_adaptation,0,1,2,37.00000000008624,4.012546501497576,0.4370802786500546,3.8580152870193962,4.012546501497576,4.167077715975756,0.2049864905541837,0.2049864905541837
kurtosis_c,current_shape,healthy_adaptation,1,1,2,54.66666666679408,5.077642015562747,1.0605102977135445,4.70269500404704,5.077642015562747,5.452589027078453,0.9588589860677906,0.9588589860677906
kurtosis_c,current_shape,healthy_adaptation,2,1,2,78.66666666685002,5.157264441375995,0.8167996913709767,4.868482141056247,5.157264441375995,5.446046741695744,0.9886185455364348,0.9886185455364348
kurtosis_c,current_shape,healthy_adaptation,3,1,2,109.66666666692228,5.890926144215927,1.0377229898889706,5.524035662644092,5.890926144215927,6.257816625787762,1.2986602388262591,1.2986602388262591
kurtosis_c,current_shape,healthy_all,0,1,16,37.00000000008624,1.8212350692097996,0.8630713001576529,1.4961863810348903,1.500559649230829,1.5244244306561612,-1.2640667679888156,-1.2721373120817927
kurtosis_c,current_shape,healthy_all,1,1,16,54.66666666679408,1.9505829885059551,1.2512098854680858,1.49103251866203,1.495231994271896,1.5206873750820815,-1.1723680883925203,-1.274505337786493
kurtosis_c,current_shape,healthy_all,2,1,16,78.66666666685002,1.9619382259730593,1.265249800986979,1.4920361809066014,1.4964335590968307,1.5234864375496482,-1.167736400580483,-1.2737504263894057
kurtosis_c,current_shape,healthy_all,3,1,16,109.66666666692228,2.0588667465440476,1.5199628464672017,1.4961916132689925,1.4992718493496249,1.5331631528360938,-1.125533055972454,-1.2727320928918238
kurtosis_c,current_shape,healthy_all,4,1,16,152.58333333368898,1.953793977149843,1.187088697921582,1.500132281544812,1.506547459603611,1.5485128061944118,-1.1776335978066257,-1.2711053546478452
kurtosis_c,current_shape,healthy_all,5,1,16,207.20833333381628,2.1658934137370394,1.7495830280521982,1.5018142271520114,1.5101883450953073,1.5601980157226567,-1.0368628823184642,-1.270221015181885
kurtosis_c,current_shape,healthy_all,6,1,16,279.85416666731896,2.1025326339336026,1.555949166843065,1.5049804038018,1.512856081479501,1.569588616678913,-1.0861465541531956,-1.2686419892138048
kurtosis_c,current_shape,healthy_all,7,1,16,376.50000000087755,1.9014735105277871,0.9856580502322736,1.5072238010839913,1.5186809458422101,1.5849770002835823,-1.2156152092443986,-1.267487748292911
kurtosis_c,current_shape,healthy_calibration,0,1,6,37.00000000008624,1.5015470017192898,0.009255676111542491,1.4955557225604108,1.498756623738005,1.5047886424846713,-1.4781466715713931,-1.4772843452007622
kurtosis_c,current_shape,healthy_calibration,1,1,6,54.66666666679408,1.4975813950464978,0.009027601830662294,1.4914898778797705,1.495231994271896,1.4997761906815061,-1.4807843541498118,-1.4796954964912024
kurtosis_c,current_shape,healthy_calibration,2,1,6,78.66666666685002,1.497990894539117,0.009893676665895508,1.4908209798062932,1.4953449077982923,1.501145372938885,-1.4805415676759404,-1.4792785930483712
kurtosis_c,current_shape,healthy_calibration,3,1,6,109.66666666692227,1.5028519092413457,0.010991178491537567,1.4951657822602817,1.4991202585322387,1.5070413939196134,-1.4773399735434687,-1.4759898541711978
kurtosis_c,current_shape,healthy_calibration,4,1,6,152.6666666670225,1.5095555264782332,0.013642927158285583,1.5001632961429145,1.5034987280513539,1.5179227369184678,-1.472784387340705,-1.4701372387333702
kurtosis_c,current_shape,healthy_calibration,5,1,6,207.33333333381657,1.5139533298323535,0.01646354894572306,1.5024873812730717,1.506030073122362,1.526671503093397,-1.4696904328585838,-1.46523245798543
kurtosis_c,current_shape,healthy_calibration,6,1,6,279.88888888954125,1.5176739978839908,0.017876547268957453,1.505111402448758,1.5091543717627491,1.5323799588644629,-1.4672605016393012,-1.462044497803722
kurtosis_c,current_shape,healthy_calibration,7,1,6,376.44444444532184,1.5231486265334357,0.022841359285681664,1.5072288664232394,1.5118762810464794,1.5417975162444892,-1.4637331830126348,-1.45700250657193
kurtosis_c,current_shape,healthy_health_test,0,1,8,37.00000000008624,1.5131732617557379,0.028791274548957253,1.4965767711313356,1.4998594744662186,1.512893401955225,-1.470770154937632,-1.4614061056227672
kurtosis_c,current_shape,healthy_health_test,1,1,8,54.66666666679408,1.5085694268363503,0.03055719183756819,1.49103251866203,1.4935425857056257,1.5101420908175431,-1.4738626576896292,-1.4644137823771994
kurtosis_c,current_shape,healthy_health_test,2,1,8,78.66666666685002,1.5110671706977823,0.03212709541670091,1.4920361809066014,1.4960702276447513,1.5120069472856095,-1.4722212617881194,-1.4611808365444
kurtosis_c,current_shape,healthy_health_test,3,1,8,109.66666666692228,1.5178630251031042,0.03978356186752875,1.4960900433896223,1.4970742855222166,1.5196698597480833,-1.4677261914938713,-1.4534698991973314
kurtosis_c,current_shape,healthy_health_test,4,1,8,152.6666666670225,1.529963537047575,0.05087203604673182,1.4998001395006402,1.5042161753895555,1.5341074710010676,-1.459581627059555,-1.4389267248786113
kurtosis_c,current_shape,healthy_health_test,5,1,8,207.1666666671495,1.5385104854875307,0.060468950053526815,1.501744390802945,1.5081258614256408,1.5448361475826544,-1.4537354071475042,-1.426787698255358
kurtosis_c,current_shape,healthy_health_test,6,1,8,280.0000000006526,1.5454438504082915,0.06900905889810469,1.5049315526495515,1.5103874862445716,1.5504178429775788,-1.4490994778812725,-1.4167379458228995
kurtosis_c,current_shape,healthy_health_test,7,1,8,376.6666666675446,1.5551082414481212,0.0787964110628946,1.5070402276660082,1.5164597258561563,1.5642576417571914,-1.4428766424073012,-1.4064139896728995
kurtosis_c,current_shape,healthy_unused,4,1,2,152.00000000035428,4.9818310895737445,0.39935573729127277,4.840637514601538,4.9818310895737445,5.123024664545951,0.8356108878073291,0.8356108878073291
kurtosis_c,current_shape,healthy_unused,5,1,2,207.00000000048246,6.6312453784491305,0.5575792286872161,6.4341113516223825,6.6312453784491305,6.828379405275879,1.929109868618054,1.929109868618054
kurtosis_c,current_shape,healthy_unused,6,1,2,279.1666666673174,6.085463676183682,0.13081712183785182,6.039212839210257,6.085463676183682,6.1317145131571085,1.5090069832174282,1.5090069832174282
kurtosis_c,current_shape,healthy_unused,7,1,2,376.0000000008764,4.421909238829504,0.05508262410043375,4.402434590316021,4.421909238829504,4.441383887342987,0.43778444471192024,0.43778444471192024
phase_rms_cv,sequence_imbalance,fault,0,1,96,36.99305555564178,0.01632850903527396,0.012128921616560042,0.008202607637991053,0.01083809140550969,0.021635819422617154,-0.888404633477815,-0.9956777743359465
phase_rms_cv,sequence_imbalance,fault,1,1,96,54.66666666679408,0.023014800115184805,0.020513455072287985,0.008371742873544556,0.012733966619086894,0.032412370215318675,-0.6261374121750674,-0.914726297464199
phase_rms_cv,sequence_imbalance,fault,2,1,96,78.67361111129448,0.03292918326763085,0.03274138699123054,0.00817258520774201,0.01879249902916518,0.045491127672268775,-0.24259664031656217,-0.7685600687994705
phase_rms_cv,sequence_imbalance,fault,3,1,96,109.69444444470012,0.04576136773084998,0.04861207313764212,0.009180902637348604,0.025930886265051474,0.06380701044494297,0.2512923079613469,-0.5394781507137525
phase_rms_cv,sequence_imbalance,fault,4,1,96,152.6319444448002,0.06089886070435006,0.06559122776902802,0.011483946361076856,0.03158608330361403,0.08454407108903264,0.8303207422021764,-0.33874245171168765
phase_rms_cv,sequence_imbalance,fault,5,1,96,207.43750000048348,0.07720892659770996,0.07996374642787729,0.013878715316909231,0.042313773588908886,0.11398565851591747,1.4514739008267137,-0.021216712543893963
phase_rms_cv,sequence_imbalance,fault,6,1,96,279.88888888954125,0.09327173924066512,0.08942126453191172,0.018099995646021556,0.05491650683140481,0.13882895848346327,2.058925153633513,0.384659703739874
phase_rms_cv,sequence_imbalance,fault,7,1,96,376.93055555643406,0.11031694475530102,0.095675290739174,0.02177681030609818,0.0702713805061269,0.17184210655639637,2.6989842642816746,0.8310720400626004
phase_rms_cv,sequence_imbalance,healthy_adaptation,0,1,2,37.00000000008624,0.040602081147025224,0.004653286692184382,0.03895689585960088,0.040602081147025224,0.04224726643444957,-0.07700895271851492,-0.07700895271851492
phase_rms_cv,sequence_imbalance,healthy_adaptation,1,1,2,54.66666666679408,0.04180890950155547,0.0012665708333169509,0.04136110908900971,0.04180890950155547,0.04225670991410123,-0.058038782363000155,-0.058038782363000155
phase_rms_cv,sequence_imbalance,healthy_adaptation,2,1,2,78.66666666685002,0.044988835257019896,0.0018155126039092057,0.04434695462024297,0.044988835257019896,0.04563071589379682,0.04851276371406145,0.04851276371406145
phase_rms_cv,sequence_imbalance,healthy_adaptation,3,1,2,109.66666666692228,0.05118913392100214,0.002319338405805888,0.05036912396369627,0.05118913392100214,0.05200914387830801,0.2583989668636585,0.2583989668636585
phase_rms_cv,sequence_imbalance,healthy_all,0,1,16,37.00000000008624,0.01171480740724223,0.011433323502423572,0.006754475798718872,0.0072804836968297865,0.009569109557474908,-1.08365707493083,-1.0437861325386422
phase_rms_cv,sequence_imbalance,healthy_all,1,1,16,54.66666666679408,0.011150158274414632,0.012039804494731831,0.006104614339787285,0.007054016318082166,0.008222486051866857,-1.1051263227149064,-1.0649451547986462
phase_rms_cv,sequence_imbalance,healthy_all,2,1,16,78.66666666685002,0.011485862677297506,0.013183311557672954,0.0057930783108369605,0.006503861899894357,0.008358218143510902,-1.0946668756487854,-1.0737145147961416
phase_rms_cv,sequence_imbalance,healthy_all,3,1,16,109.66666666692228,0.01324110484755201,0.015050408289854754,0.006247327506849296,0.0077847383272800445,0.010506276264161616,-1.0383088849491775,-1.0459587955579592
phase_rms_cv,sequence_imbalance,healthy_all,4,1,16,152.58333333368898,0.014685338958803652,0.015092378411129244,0.0073315014440797355,0.00900275809118296,0.012248036668172596,-0.992094326890526,-1.01185443412088
phase_rms_cv,sequence_imbalance,healthy_all,5,1,16,207.20833333381628,0.016783925887775032,0.015635591335406172,0.008451195385246963,0.010856820060660187,0.015170636386793765,-0.9247215354651525,-0.9636441896037654
phase_rms_cv,sequence_imbalance,healthy_all,6,1,16,279.85416666731896,0.01867050855903723,0.014460589376852993,0.010302665470837075,0.013025457138770716,0.01893109409358997,-0.8659186301976188,-0.9029433405219642
phase_rms_cv,sequence_imbalance,healthy_all,7,1,16,376.50000000087755,0.022159107019512556,0.015516296311979625,0.012771512714416915,0.015979800686698402,0.023555700551604088,-0.7525063405537815,-0.8256641387253125
phase_rms_cv,sequence_imbalance,healthy_calibration,0,1,6,37.00000000008624,0.0074907536502176785,0.0013821871819823927,0.0065406338328132495,0.007259326325419904,0.007686708305091716,-1.2303551288676255,-1.2342069492245988
phase_rms_cv,sequence_imbalance,healthy_calibration,1,1,6,54.66666666679408,0.0065992853194847476,0.0012071232343286047,0.0057077528010657345,0.006321508055399976,0.0070459606661925234,-1.260320204377035,-1.2654983789543726
phase_rms_cv,sequence_imbalance,healthy_calibration,2,1,6,78.66666666685002,0.006656998519996159,0.001583215401651547,0.00611719930024254,0.0063380632174578466,0.0071255358688121885,-1.259341837334763,-1.2648391958722813
phase_rms_cv,sequence_imbalance,healthy_calibration,3,1,6,109.66666666692227,0.007541333862264678,0.0023270801115934515,0.006113237075511725,0.007305768019665426,0.00811988018887689,-1.232001536137539,-1.2319226825573084
phase_rms_cv,sequence_imbalance,healthy_calibration,4,1,6,152.6666666670225,0.008884938065088728,0.002900169224099401,0.006908892740272231,0.008377923744690687,0.010081932698059601,-1.188771757528133,-1.1959581113492335
phase_rms_cv,sequence_imbalance,healthy_calibration,5,1,6,207.33333333381657,0.010954071019180318,0.0037816177351472557,0.008516291087918633,0.009989466818917738,0.012164583933552396,-1.1212146600391675,-1.142480910581893
phase_rms_cv,sequence_imbalance,healthy_calibration,6,1,6,279.88888888954125,0.013352662192380049,0.004675084183992188,0.01020613009508187,0.012011498956008563,0.015055787688408847,-1.042944328622788,-1.074736570615193
phase_rms_cv,sequence_imbalance,healthy_calibration,7,1,6,376.44444444532184,0.01657473351094948,0.00599799745911753,0.012568363494887089,0.015028518347145615,0.018655748036436225,-0.9375374871156398,-0.9712605779473724
phase_rms_cv,sequence_imbalance,healthy_health_test,0,1,8,37.00000000008624,0.007661029290064895,0.0017783670407775535,0.006699557141649678,0.007105816149951723,0.00786885140089598,-1.2252955650313124,-1.2397620446267803
phase_rms_cv,sequence_imbalance,healthy_health_test,1,1,8,54.66666666679408,0.006898625183826835,0.001543579300132716,0.006156591024155931,0.007054016318082166,0.007405799727029982,-1.2505027965562867,-1.247689529790775
phase_rms_cv,sequence_imbalance,healthy_health_test,2,1,8,78.66666666685002,0.006731767650342918,0.001910472622498694,0.005538511235738215,0.006248477375637567,0.00746309661048526,-1.2569555642250139,-1.2538247194080594
phase_rms_cv,sequence_imbalance,healthy_health_test,3,1,8,109.66666666692228,0.008028925818154977,0.003227147497566616,0.006086413372319336,0.007498287513165737,0.008872274306139275,-1.2172163595111154,-1.217150236551117
phase_rms_cv,sequence_imbalance,healthy_health_test,4,1,8,152.6666666670225,0.00963859791780907,0.004226281226879333,0.007283332147680279,0.008703163958444695,0.010309608633002199,-1.164634510582435,-1.1730924744809472
phase_rms_cv,sequence_imbalance,healthy_health_test,5,1,8,207.1666666671495,0.011589934235265255,0.00533569584823788,0.008298992832911384,0.010322423354997595,0.01229754383912875,-1.1017620292422146,-1.1236572376177605
phase_rms_cv,sequence_imbalance,healthy_health_test,6,1,8,280.0000000006526,0.014268174593710386,0.006773401995860119,0.010169118391270807,0.012325193310926139,0.01506546449541623,-1.0146715919741138,-1.054909863058627
phase_rms_cv,sequence_imbalance,healthy_health_test,7,1,8,376.6666666675446,0.017776497871875227,0.008958492910875316,0.01261786871871195,0.015022061888527664,0.018623146792333053,-0.9009562476445556,-0.9613336064853536
phase_rms_cv,sequence_imbalance,healthy_unused,4,1,2,152.00000000035428,0.052273505803926756,0.004271764865799194,0.05076320885180623,0.052273505803926756,0.053783802756047286,0.28809869978993086,0.28809869978993086
phase_rms_cv,sequence_imbalance,healthy_unused,5,1,2,207.00000000048246,0.05504945710359829,0.006931062823761018,0.0525989563418426,0.05504945710359829,0.05749995786535399,0.3729198133651409,0.3729198133651409
phase_rms_cv,sequence_imbalance,healthy_unused,6,1,2,279.1666666673174,0.052233383520316146,0.011337563588457581,0.04822494947255013,0.052233383520316146,0.056241817568082164,0.26017031218386777,0.26017031218386777
phase_rms_cv,sequence_imbalance,healthy_unused,7,1,2,376.0000000008764,0.056442664135751094,0.013348246658969932,0.05172334627099694,0.056442664135751094,0.06116198200050525,0.39638672749488946,0.39638672749488946
rms_ratio_a,current_shape,fault,0,1,96,36.99305555564178,1.0026286522882688,0.01867388152255824,0.991642639773241,0.9987046391427485,1.00780286475907,0.1061507287753725,0.9718224132980804
rms_ratio_a,current_shape,fault,1,1,96,54.66666666679408,1.0139898427350873,0.026818203954571653,0.9949742027750812,1.0082255200435009,1.0230362544210472,0.7384843665276347,1.1487560457192383
rms_ratio_a,current_shape,fault,2,1,96,78.67361111129448,1.027807404133402,0.03726413462834747,1.0002222040501823,1.0180174163099571,1.0461035366723608,1.5314680014211923,1.3628263592497603
rms_ratio_a,current_shape,fault,3,1,96,109.69444444470012,1.041758610674998,0.05067815271769022,1.0033607896244836,1.025216655192527,1.0618762999349514,2.355323846055432,1.9252371281741834
rms_ratio_a,current_shape,fault,4,1,96,152.6319444448002,1.054760693187495,0.06519462236282846,1.006565436640787,1.0318374952033746,1.0718736353999585,3.1471530331597215,2.1717558407988453
rms_ratio_a,current_shape,fault,5,1,96,207.43750000048348,1.067237984520559,0.07892349418458136,1.0138980480737074,1.0350301671587179,1.0866436287126382,3.9000169895239942,2.2988638283481464
rms_ratio_a,current_shape,fault,6,1,96,279.88888888954125,1.0785120163751423,0.09102948477583196,1.0078521875409774,1.0382454272398833,1.1195552090399616,4.576666178778627,2.406686612493438
rms_ratio_a,current_shape,fault,7,1,96,376.93055555643406,1.0894176916820588,0.10373890146962506,1.0073521364140758,1.0454176727754292,1.1553306184922116,5.236209626810312,2.517396936324414
rms_ratio_a,current_shape,healthy_adaptation,0,1,2,37.00000000008624,0.9992247908206581,0.04393352654111454,0.9836919435513274,0.9992247908206581,1.0147576380899888,0.40677421181368906,0.40677421181368906
rms_ratio_a,current_shape,healthy_adaptation,1,1,2,54.66666666679408,0.9904858646882739,0.04721263820862135,0.9737936763707623,0.9904858646882739,1.0071780530057857,0.037697320857575004,0.037697320857575004
rms_ratio_a,current_shape,healthy_adaptation,2,1,2,78.66666666685002,0.9896607015418679,0.04927344408042159,0.9722399083210267,0.9896607015418679,1.007081494762709,0.023763612271410616,0.023763612271410616
rms_ratio_a,current_shape,healthy_adaptation,3,1,2,109.66666666692228,0.9852792971977569,0.059250796434441505,0.9643309772230083,0.9852792971977569,1.0062276171725055,-0.06174665836020443,-0.06174665836020443
rms_ratio_a,current_shape,healthy_all,0,1,16,37.00000000008624,0.9951107074336617,0.012161030862470504,0.9910024044307483,0.9947403173946723,0.9979904138749478,-0.18922496413855952,0.40677421181368906
rms_ratio_a,current_shape,healthy_all,1,1,16,54.66666666679408,0.9954913645266237,0.01345382983501297,0.9910835878982336,0.9962784807346163,1.0007709937726204,-0.1444438269369029,0.037697320857575004
rms_ratio_a,current_shape,healthy_all,2,1,16,78.66666666685002,0.996176183753399,0.01485748276666755,0.990431980312534,0.9974602506624228,1.0038565137336957,-0.08064253857965392,0.023763612271410616
rms_ratio_a,current_shape,healthy_all,3,1,16,109.66666666692228,0.9951509412455842,0.018399244555078617,0.9881140965949005,0.9974942320888768,1.0057303885237054,-0.08100716823849421,-0.06174665836020443
rms_ratio_a,current_shape,healthy_all,4,1,16,152.58333333368898,0.9946176803423278,0.02211374084673245,0.9852840860648209,0.9975815926123293,1.0075788149526774,-0.05366602091500026,-0.05868805012550288
rms_ratio_a,current_shape,healthy_all,5,1,16,207.20833333381628,0.9928957226923237,0.025215267318440315,0.9824631757319204,0.9977090592340886,1.0100039678463204,-0.0883418434463664,-0.18442936920048836
rms_ratio_a,current_shape,healthy_all,6,1,16,279.85416666731896,0.9932827705036786,0.026117143246467335,0.9783078184595334,0.9978586796446011,1.012616439318931,-0.02404335329088117,-0.08526182487395072
rms_ratio_a,current_shape,healthy_all,7,1,16,376.50000000087755,0.9940448926274932,0.027216206677215773,0.9733098719785224,0.9978046355098219,1.0162009293762422,0.05944666345983074,-0.10081014273603148
rms_ratio_a,current_shape,healthy_calibration,0,1,6,37.00000000008624,0.9943282394939054,0.003960054972081641,0.9918589106356136,0.9950818089112381,0.997726337804002,-0.28909667833971275,-0.32099155850883887
rms_ratio_a,current_shape,healthy_calibration,1,1,6,54.66666666679408,0.9959858980904089,0.005523865496810587,0.9915154213030772,0.9965172104073385,1.0004433778479909,-0.18647783191726028,-0.17823722673186243
rms_ratio_a,current_shape,healthy_calibration,2,1,6,78.66666666685002,0.9968809802842226,0.007633142385940863,0.990967982616411,0.9969568896962387,1.0034318704020335,-0.11211230501771995,-0.10441215932468234
rms_ratio_a,current_shape,healthy_calibration,3,1,6,109.66666666692227,0.9967217938451416,0.009996899716541652,0.9890720156030635,0.9972204672067655,1.005277388956435,-0.08413120199190584,-0.08773393958394732
rms_ratio_a,current_shape,healthy_calibration,4,1,6,152.6666666670225,0.996517209965257,0.012618734717915678,0.9863548648214258,0.9973654601987527,1.0069631360864981,-0.05383466195329584,-0.039611817517261894
rms_ratio_a,current_shape,healthy_calibration,5,1,6,207.33333333381657,0.9959620560987998,0.015695790322428117,0.9837454417298261,0.9972423401706929,1.00951222111592,-0.03326029663811558,-0.05715479278332325
rms_ratio_a,current_shape,healthy_calibration,6,1,6,279.88888888954125,0.9953199831857648,0.01932506136807748,0.9799959428180192,0.9971748766708359,1.0121519010263387,-0.00779901574704341,-0.04851573640232107
rms_ratio_a,current_shape,healthy_calibration,7,1,6,376.44444444532184,0.9946254796146162,0.024167244347748595,0.9753990687719509,0.9968417588107175,1.0155003604736577,0.03294107540690137,-0.004640864511500642
rms_ratio_a,current_shape,healthy_health_test,0,1,8,37.00000000008624,0.9946690375417299,0.0049383291605089264,0.9917816925584896,0.9947403173946723,0.998482893419161,-0.26332097247575675,-0.2148324727914574
rms_ratio_a,current_shape,healthy_health_test,1,1,8,54.66666666679408,0.9963718393133723,0.006275861659125085,0.9913461078436383,0.9959743404624577,1.0004620759842946,-0.15845361015025433,-0.05211230323549326
rms_ratio_a,current_shape,healthy_health_test,2,1,8,78.66666666685002,0.9972764569081642,0.008404140591256078,0.9909306910196465,0.9976541095273483,1.0034656153781307,-0.08314175146387054,-0.010069675385592058
rms_ratio_a,current_shape,healthy_health_test,3,1,8,109.66666666692228,0.996440712807873,0.010984559552396005,0.9882294964612568,0.9974942320888768,1.0047843442598006,-0.08347927039300795,-0.043157639945164084
rms_ratio_a,current_shape,healthy_health_test,4,1,8,152.6666666670225,0.9961485526617125,0.013999537851109951,0.9864613173246369,0.9975815926123293,1.0072108880132542,-0.053481922281734234,-0.05868805012550288
rms_ratio_a,current_shape,healthy_health_test,5,1,8,207.1666666671495,0.9955039289636675,0.016973430913928722,0.9836242938737656,0.9977090592340886,1.0092918992545181,-0.03862052871067332,-0.07500255369732375
rms_ratio_a,current_shape,healthy_health_test,6,1,8,280.0000000006526,0.9947781830673248,0.020933821478110834,0.9800299790406753,0.9978586796446011,1.012160276623007,-0.012439428230511192,-0.08526182487395072
rms_ratio_a,current_shape,healthy_health_test,7,1,8,376.6666666675446,0.9937755284141929,0.026164567177607727,0.9755396994235426,0.9978046355098219,1.0155832651003462,0.017949847288260316,-0.10081014273603148
rms_ratio_a,current_shape,healthy_unused,4,1,2,152.00000000035428,0.9827956021960014,0.06962234097785205,0.9581803874822407,0.9827956021960014,1.007410816909762,-0.053896492333177615,-0.053896492333177615
rms_ratio_a,current_shape,healthy_unused,5,1,2,207.00000000048246,0.9732638973875201,0.07353245180437573,0.9472662497334465,0.9732638973875201,0.9992615450415936,-0.45247174281389124,-0.45247174281389124
rms_ratio_a,current_shape,healthy_unused,6,1,2,279.1666666673174,0.9811894822028357,0.07043739551825223,0.9562861021927983,0.9811894822028357,1.0060928622128733,-0.11919206616387434,-0.11919206616387434
rms_ratio_a,current_shape,healthy_unused,7,1,2,376.0000000008764,0.993380588519325,0.05826639270166709,0.9727803078220113,0.993380588519325,1.0139808692166385,0.30495069230490046,0.30495069230490046
rms_ratio_b,current_shape,fault,0,1,96,36.99305555564178,1.0083192284483917,0.01936024262047182,1.0028953158020562,1.007614841109124,1.0198060298698826,1.5141449384319128,1.3321597316395664
rms_ratio_b,current_shape,fault,1,1,96,54.66666666679408,1.004535959698898,0.030185422288313765,0.9949379107031426,1.0076880848139258,1.0167999745039078,1.37289657663334,1.3342279820620635
rms_ratio_b,current_shape,fault,2,1,96,78.67361111129448,0.9948013494797356,0.04659491105091867,0.9826968130048087,1.004990442152426,1.0152335327455584,1.0260844246830345,1.1602570274273742
rms_ratio_b,current_shape,fault,3,1,96,109.69444444470012,0.9810361793811669,0.06750372313283536,0.9674477818844347,0.9998759374824314,1.010240728768865,0.5537104533215134,0.9162349367203252
rms_ratio_b,current_shape,fault,4,1,96,152.6319444448002,0.9657004935508843,0.09010866843441899,0.9464028388029745,0.9949492891720434,1.0109748099487177,0.05069110515286992,0.7276281248759982
rms_ratio_b,current_shape,fault,5,1,96,207.43750000048348,0.9483757737886419,0.10852001724054142,0.9254692161411298,0.9871002153320625,1.0102065346403393,-0.5301876347130287,0.44750193076043876
rms_ratio_b,current_shape,fault,6,1,96,279.88888888954125,0.9326588987518378,0.11978080925157145,0.8958508184878166,0.9776557269656351,1.0101553670573127,-1.0523054682268556,-0.0031716591550912145
rms_ratio_b,current_shape,fault,7,1,96,376.93055555643406,0.9160881898683703,0.12614310540552556,0.8502829077991012,0.9627319954979926,1.0085246635206893,-1.611956389052816,-0.5399853533871886
rms_ratio_b,current_shape,healthy_adaptation,0,1,2,37.00000000008624,0.962470361999223,0.02854438966947541,0.9523783962491643,0.962470361999223,0.9725623277492815,-0.11959358573617389,-0.11959358573617389
rms_ratio_b,current_shape,healthy_adaptation,1,1,2,54.66666666679408,0.967389005171526,0.03008293508048826,0.9567530814748221,0.967389005171526,0.97802492886823,0.1135586508072126,0.1135586508072126
rms_ratio_b,current_shape,healthy_adaptation,2,1,2,78.66666666685002,0.9640922429387404,0.02900478860344938,0.9538375015845497,0.9640922429387404,0.974346984292931,-0.04324404843913001,-0.04324404843913001
rms_ratio_b,current_shape,healthy_adaptation,3,1,2,109.66666666692228,0.9619691764996146,0.03992873464569213,0.947852236983531,0.9619691764996146,0.9760861160156982,-0.012885800188713728,-0.012885800188713728
rms_ratio_b,current_shape,healthy_all,0,1,16,37.00000000008624,1.000351104576242,0.01664390302840466,1.0042879648083347,1.0050305957952772,1.006203660786467,1.2753816703774494,1.3805288397105744
rms_ratio_b,current_shape,healthy_all,1,1,16,54.66666666679408,1.0012629759300682,0.015481395483917075,1.0047880892527516,1.0054405384108858,1.0069201939586363,1.322181283332657,1.3691190381411107
rms_ratio_b,current_shape,healthy_all,2,1,16,78.66666666685002,1.00005035315332,0.01616423864241535,1.0031750313408234,1.0038414604465093,1.0066885970156563,1.2814454797486428,1.3858397442202268
rms_ratio_b,current_shape,healthy_all,3,1,16,109.66666666692228,1.0001935584970165,0.018607792590139567,1.0020435137656734,1.0025606674222374,1.0080765555518114,1.322119816498412,1.5317246878614328
rms_ratio_b,current_shape,healthy_all,4,1,16,152.58333333368898,1.0016110052081288,0.019009889711875227,1.0010187876012462,1.0035507998450859,1.0099214284965052,1.424380288829742,1.5724342600930015
rms_ratio_b,current_shape,healthy_all,5,1,16,207.20833333381628,1.0042151419328378,0.01980203168075845,1.0001547654290617,1.005220523329831,1.01403172187347,1.5808552344004205,1.6072711162890367
rms_ratio_b,current_shape,healthy_all,6,1,16,279.85416666731896,1.0058759519908604,0.01884309865008557,0.9990660681733758,1.005660347994755,1.0172326685458555,1.674020031924901,1.577334406313455
rms_ratio_b,current_shape,healthy_all,7,1,16,376.50000000087755,1.007126649323048,0.022580937750954683,0.9970493527983548,1.0063570908562023,1.0196900696783984,1.783703716503266,1.6189074863224735
rms_ratio_b,current_shape,healthy_calibration,0,1,6,37.00000000008624,1.0053575375686967,0.0015395270379054975,1.004471834308823,1.0048156518176221,1.0056462344548733,1.4519476794447739,1.5059433770709445
rms_ratio_b,current_shape,healthy_calibration,1,1,6,54.66666666679408,1.006346991585654,0.0013934544886910897,1.0054046532411587,1.0058834244393413,1.0070027302978029,1.4991807172753422,1.533668898099645
rms_ratio_b,current_shape,healthy_calibration,2,1,6,78.66666666685002,1.0056172281998765,0.0025136718468290304,1.0035561933227766,1.0050322111122272,1.0073985075062257,1.4833194909396754,1.5241906893994883
rms_ratio_b,current_shape,healthy_calibration,3,1,6,109.66666666692227,1.0056279159431338,0.003923722230015465,1.0024403456081867,1.004920793312232,1.0079972187178932,1.5043318297014343,1.5719820149532493
rms_ratio_b,current_shape,healthy_calibration,4,1,6,152.6666666670225,1.005937936127219,0.005912412338040255,1.0011059918918306,1.0049552764774967,1.0101180672253827,1.546800604741683,1.6136587210886595
rms_ratio_b,current_shape,healthy_calibration,5,1,6,207.33333333381657,1.0074275593624205,0.008311296022452987,1.0003152870865555,1.0057635785932557,1.0129158053607876,1.6444836475233566,1.6097943950215834
rms_ratio_b,current_shape,healthy_calibration,6,1,6,279.88888888954125,1.008730131799805,0.0110323080517202,0.9991522034742352,1.0064121074953967,1.0162743547536273,1.740065225288914,1.5997208935710288
rms_ratio_b,current_shape,healthy_calibration,7,1,6,376.44444444532184,1.0103584176893117,0.015032910223538544,0.9972600261702386,1.007495479827294,1.0205117304237397,1.8670565394727545,1.6870429362645922
rms_ratio_b,current_shape,healthy_health_test,0,1,8,37.00000000008624,1.006066465476156,0.0025925545931290875,1.0049893063992323,1.0053447546107828,1.0075289246828454,1.4917009776053618,1.5408351784145589
rms_ratio_b,current_shape,healthy_health_test,1,1,8,54.66666666679408,1.0059184568780144,0.002854806171866271,1.0048393127689008,1.0059874892710075,1.007388333819563,1.491587366007004,1.4998397058827244
rms_ratio_b,current_shape,healthy_health_test,2,1,8,78.66666666685002,1.0048647244220479,0.0035663374133107343,1.0032749291612713,1.0046789806922503,1.0067830286840729,1.4612123534023114,1.483000136654828
rms_ratio_b,current_shape,healthy_health_test,3,1,8,109.66666666692228,1.005673885911779,0.005110147233040685,1.0024084596947076,1.0044840368223493,1.0086068183816121,1.5192122107679267,1.6134375767339482
rms_ratio_b,current_shape,healthy_health_test,4,1,8,152.6666666670225,1.0063337061732447,0.007124197831405436,1.001097258181136,1.0047992614836267,1.0103401511270187,1.5762927191991412,1.5847216787617258
rms_ratio_b,current_shape,healthy_health_test,5,1,8,207.1666666671495,1.007715839513189,0.009687070966855357,1.000295465920222,1.0052164147313118,1.0131789157421065,1.6707609739197133,1.603459092285727
rms_ratio_b,current_shape,healthy_health_test,6,1,8,280.0000000006526,1.009391655198872,0.01316280252421622,0.998930188948518,1.0056505781478458,1.01637762175688,1.7891703825447824,1.573896192266067
rms_ratio_b,current_shape,healthy_health_test,7,1,8,376.6666666675446,1.0114884242385305,0.017998887840184122,0.997031381765292,1.006053741689369,1.020648942386603,1.9425567570078315,1.6104504209261004
rms_ratio_b,current_shape,healthy_unused,4,1,2,152.00000000035428,0.9697394085903939,0.05067754509797081,0.9518221906940628,0.9697394085903939,0.987656626486725,0.4494696196163222,0.4494696196163222
rms_ratio_b,current_shape,healthy_unused,5,1,2,207.00000000048246,0.9805750993226843,0.06001569138933815,0.9593563481431842,0.9805750993226843,1.0017938505021842,1.0303470369544399,1.0303470369544399
rms_ratio_b,current_shape,healthy_unused,6,1,2,279.1666666673174,0.9832505997319798,0.048301017255642176,0.9661736113121433,0.9832505997319798,1.0003275881518163,1.0152830493533365,1.0152830493533365
rms_ratio_b,current_shape,healthy_unused,7,1,2,376.0000000008764,0.9799842445623269,0.050621464578007216,0.9620868541239751,0.9799842445623269,0.9978816350006787,0.8982330855765376,0.8982330855765376
rms_ratio_c,current_shape,fault,0,1,96,36.99305555564178,0.9890521192633394,0.015053666796012947,0.9863858282341531,0.9926180004434172,0.9985992154683778,-1.2166401775393065,-1.1048523647863853
rms_ratio_c,current_shape,fault,1,1,96,54.66666666679408,0.9814741975660146,0.024621435715703518,0.978968700036732,0.9897631863239449,0.9955767668632692,-1.3987491227838131,-1.2001895110600351
rms_ratio_c,current_shape,fault,2,1,96,78.67361111129448,0.9773912463868624,0.03944396761334604,0.9596621854064229,0.9900944673822779,0.9958076111502208,-1.500487898383188,-1.2417409126276924
rms_ratio_c,current_shape,fault,3,1,96,109.69444444470012,0.977205209943835,0.05986253225974168,0.9363125289608489,0.9911664273406791,0.9971232447549534,-1.5101035049002063,-1.231785328118141
rms_ratio_c,current_shape,fault,4,1,96,152.6319444448002,0.9795388132616205,0.08398277605526377,0.9177953234890521,0.9914440346665667,1.0022275576542203,-1.4586766344551165,-1.2263360257795564
rms_ratio_c,current_shape,fault,5,1,96,207.43750000048348,0.9843862416907991,0.10783398816258742,0.9336049435926587,0.9918690682168696,1.0123750167761294,-1.3469484209411318,-1.2179928154113262
rms_ratio_c,current_shape,fault,6,1,96,279.88888888954125,0.9888290848730198,0.12887397889555158,0.9237042020667554,0.9916402449372606,1.0226088895581595,-1.2430413997616971,-1.2224845096730308
rms_ratio_c,current_shape,fault,7,1,96,376.93055555643406,0.994494118449571,0.14866696072427724,0.9166511224546479,0.9907835176944221,1.0323862467238518,-1.11178952707341,-1.2393016658954061
rms_ratio_c,current_shape,healthy_adaptation,0,1,2,37.00000000008624,1.0383048471801186,0.015389136871639328,1.0328639656608467,1.0383048471801186,1.0437457286993908,-0.12342164512324039,-0.12342164512324039
rms_ratio_c,current_shape,healthy_adaptation,1,1,2,54.66666666679408,1.0421251301401995,0.01712970312813285,1.036068865519392,1.0421251301401995,1.0481813947610072,-0.04126086467651276,-0.04126086467651276
rms_ratio_c,current_shape,healthy_adaptation,2,1,2,78.66666666685002,1.0462470555193915,0.020268655476972208,1.0390810036527411,1.0462470555193915,1.053413107386042,0.04491824400866621,0.04491824400866621
rms_ratio_c,current_shape,healthy_adaptation,3,1,2,109.66666666692228,1.052751526302628,0.019322061788749373,1.0459201458439629,1.052751526302628,1.0595829067612932,0.1924623607785185,0.1924623607785185
rms_ratio_c,current_shape,healthy_all,0,1,16,37.00000000008624,1.004538187990096,0.014013584738016635,0.9972958129248845,1.0015636295856125,1.0026206164641875,-0.8597415871205085,-0.9398314797706735
rms_ratio_c,current_shape,healthy_all,1,1,16,54.66666666679408,1.0032456595433081,0.016265626422605508,0.9944866569182368,1.0003103758820744,1.0018843364122623,-0.891940521764507,-1.0182862478344055
rms_ratio_c,current_shape,healthy_all,2,1,16,78.66666666685002,1.0037734630932809,0.018000154871772797,0.9933090536671751,1.0014552180106753,1.0026183574856868,-0.8831755063238879,-1.0113625715133439
rms_ratio_c,current_shape,healthy_all,3,1,16,109.66666666692228,1.0046555002573991,0.0201890057556832,0.9929714547370243,1.0025590895883416,1.0034553961338046,-0.8652538148857969,-1.0031899612757686
rms_ratio_c,current_shape,healthy_all,4,1,16,152.58333333368898,1.0037713144495435,0.01879755717085172,0.9917480634349395,1.0027163158818766,1.00392421351596,-0.8866815007911685,-1.0050664026117884
rms_ratio_c,current_shape,healthy_all,5,1,16,207.20833333381628,1.0028891353748386,0.01853096733111773,0.9903634520560991,1.0028502614294839,1.0037798252796493,-0.9066268630167138,-1.0024371139808579
rms_ratio_c,current_shape,healthy_all,6,1,16,279.85416666731896,1.000841277505461,0.016535582277985936,0.9889854905037461,1.0032042799448138,1.0038494065948211,-0.9565542111532931,-0.9954878956296471
rms_ratio_c,current_shape,healthy_all,7,1,16,376.50000000087755,0.9988284580494587,0.013871027107534446,0.9876056461641046,1.0024742528302197,1.0036404519935114,-0.9999933308859129,-1.009817987424116
rms_ratio_c,current_shape,healthy_calibration,0,1,6,37.00000000008624,1.000314222937398,0.0028720438758669913,0.9977576743803986,1.000311079843985,1.002928959112327,-0.9514280354245074,-0.953131604295942
rms_ratio_c,current_shape,healthy_calibration,1,1,6,54.66666666679408,0.9976671103239371,0.004298545227816628,0.9944545834831058,0.997671135492774,1.00148184839912,-1.0141840619997542,-1.0218799685638325
rms_ratio_c,current_shape,healthy_calibration,2,1,6,78.66666666685002,0.9975017915159011,0.005343304033582384,0.9926588524322243,0.9979315883940298,1.0022123995283772,-1.0204258186321953,-1.020639712553366
rms_ratio_c,current_shape,healthy_calibration,3,1,6,109.66666666692227,0.9976502902117246,0.006215641316937527,0.9927319125026297,0.9979698857471001,1.0029307656790434,-1.0193474542848533,-1.0094210952961713
rms_ratio_c,current_shape,healthy_calibration,4,1,6,152.6666666670225,0.9975448539075242,0.006788855311531753,0.9919308720216713,0.9976792633237508,1.0035270679531916,-1.023241981519535,-1.0175580309970669
rms_ratio_c,current_shape,healthy_calibration,5,1,6,207.33333333381657,0.9966103845387796,0.007568927630668543,0.9901724917975244,0.9969940812360514,1.0033387529093865,-1.0461955413979815,-1.0353966433707447
rms_ratio_c,current_shape,healthy_calibration,6,1,6,279.88888888954125,0.9959498850144303,0.00854055993378572,0.9887376162388977,0.9964964573127106,1.0037297024283536,-1.063422139323904,-1.0487908942833943
rms_ratio_c,current_shape,healthy_calibration,7,1,6,376.44444444532184,0.9950161026960721,0.009570850945621583,0.9874804751813163,0.9958165742142407,1.0034050756687491,-1.086710422566075,-1.0649923360036164
rms_ratio_c,current_shape,healthy_health_test,0,1,8,37.00000000008624,0.999264496982114,0.0028715172513827936,0.9967839440300806,0.9990637307527741,1.0021197962823383,-0.9750567363918263,-0.9760241876912727
rms_ratio_c,current_shape,healthy_health_test,1,1,8,54.66666666679408,0.9977097038086135,0.004269872461157074,0.9943604811318928,0.9980085625301283,1.001760044946526,-1.0129277808600703,-1.0201087573779044
rms_ratio_c,current_shape,healthy_health_test,2,1,8,78.66666666685002,0.997858818669788,0.005107855345861918,0.9933090536671751,0.9977755628496932,1.002280265252116,-1.012261209675796,-1.0135668368558546
rms_ratio_c,current_shape,healthy_health_test,3,1,8,109.66666666692228,0.9978854012803479,0.006092842096726404,0.9927048547945256,0.9982264135907069,1.003163685157131,-1.0141126292525835,-1.003006741001652
rms_ratio_c,current_shape,healthy_health_test,4,1,8,152.6666666670225,0.9975177411650427,0.007042012050915137,0.9914125942123432,0.9978053189662217,1.003198531548344,-1.0246290882895095,-1.0136527112193643
rms_ratio_c,current_shape,healthy_health_test,5,1,8,207.1666666671495,0.9967802315231434,0.007576373856312904,0.9902830352926922,0.9971609257229779,1.0031967903841277,-1.0426598028542424,-1.0301391776113202
rms_ratio_c,current_shape,healthy_health_test,6,1,8,280.0000000006526,0.9958301617338031,0.008378924059195367,0.9887767043011804,0.9967564024621425,1.0035923992024445,-1.0660130451515597,-1.0412892193844234
rms_ratio_c,current_shape,healthy_health_test,7,1,8,376.6666666675446,0.9947360473472766,0.009273749365146649,0.9872290446116159,0.9957238646134514,1.003408898684837,-1.0925432296692241,-1.0641423263751164
rms_ratio_c,current_shape,healthy_unused,4,1,2,152.00000000035428,1.0474649892136045,0.01894479587988132,1.0407669923961749,1.0474649892136045,1.054162986031034,0.07479029138729512,0.07479029138729512
rms_ratio_c,current_shape,healthy_unused,5,1,2,207.00000000048246,1.0461610032897954,0.013516760415037696,1.041382106815222,1.0461610032897954,1.0509398997643689,0.056210931477203324,0.056210931477203324
rms_ratio_c,current_shape,healthy_unused,6,1,2,279.1666666673174,1.035559918065184,0.0221363782626101,1.027733526474983,1.035559918065184,1.043386309655385,-0.19811509064839378,-0.19811509064839378
rms_ratio_c,current_shape,healthy_unused,7,1,2,376.0000000008764,1.0266351669183478,0.007644928123659994,1.023932276659386,1.0266351669183478,1.0293380571773096,-0.36964246071218165,-0.36964246071218165
sequence_unbalance,sequence_imbalance,fault,0,1,96,36.99305555564178,0.02227293951417701,0.01930081231106885,0.009173078684547137,0.013847591164657076,0.030090851464032616,-0.517656670212531,-0.8501187342053145
sequence_unbalance,sequence_imbalance,fault,1,1,96,54.66666666679408,0.032393333010539434,0.030184133069179563,0.011370511076182614,0.016888693838892473,0.04483214937370625,-0.13609664758153775,-0.6677194090074287
sequence_unbalance,sequence_imbalance,fault,2,1,96,78.67361111129448,0.04666984675587321,0.047655496634685046,0.01202398102563338,0.027374975854362445,0.06526385081244837,0.40074120191855034,-0.4901647150967801
sequence_unbalance,sequence_imbalance,fault,3,1,96,109.69444444470012,0.06562973421833507,0.07305582512261127,0.013530379006225378,0.035125197643995784,0.09080530251549027,1.112364055488678,-0.20853854802152016
sequence_unbalance,sequence_imbalance,fault,4,1,96,152.6319444448002,0.08969547487634567,0.1061383970290936,0.017317108521840607,0.04389314775410426,0.11963045739563266,2.013228854838354,0.16723989955992508
sequence_unbalance,sequence_imbalance,fault,5,1,96,207.43750000048348,0.11974441550264332,0.1481563334552956,0.020859852385148543,0.05875622915094945,0.1566961461379816,3.1371213448182527,0.6177492583463147
sequence_unbalance,sequence_imbalance,fault,6,1,96,279.88888888954125,0.14710482564107333,0.1660890013523244,0.02603535187374271,0.07592558942325384,0.20664704006802664,4.152456578136153,1.1632682480928018
sequence_unbalance,sequence_imbalance,fault,7,1,96,376.93055555643406,0.17573637115875182,0.17113413699821967,0.031324086061955456,0.09813258015498548,0.2673672230727704,5.200368946981084,2.1423679475053055
sequence_unbalance,sequence_imbalance,healthy_adaptation,0,1,2,37.00000000008624,0.04777130392516134,0.006545848962920174,0.04545699683000944,0.04777130392516134,0.050085611020313225,0.3493794174088326,0.3493794174088326
sequence_unbalance,sequence_imbalance,healthy_adaptation,1,1,2,54.66666666679408,0.0491559363863136,0.0003894428481130579,0.049018247546920926,0.0491559363863136,0.049293625225706274,0.3808350919063734,0.3808350919063734
sequence_unbalance,sequence_imbalance,healthy_adaptation,2,1,2,78.66666666685002,0.035879935625555096,0.008346601109763074,0.03292896650326878,0.035879935625555096,0.03883090474784141,-0.09959001378386247,-0.09959001378386247
sequence_unbalance,sequence_imbalance,healthy_adaptation,3,1,2,109.66666666692228,0.04238570080931281,0.02444372431377024,0.0337435391994521,0.04238570080931281,0.05102786241917352,0.0878091490092112,0.0878091490092112
sequence_unbalance,sequence_imbalance,healthy_all,0,1,16,37.00000000008624,0.013059739516488532,0.013862642434391512,0.006528088960781566,0.007807022583087646,0.01093896225603124,-0.8745669128218532,-0.994750045715002
sequence_unbalance,sequence_imbalance,healthy_all,1,1,16,54.66666666679408,0.013645036870466884,0.014038262650781062,0.0073020494023700415,0.008402535346780593,0.01033773918907737,-0.8557675928589448,-0.9703204689870976
sequence_unbalance,sequence_imbalance,healthy_all,2,1,16,78.66666666685002,0.012396415077373948,0.009739017896492466,0.0077984213923123855,0.008836950245069614,0.011555496318957395,-0.901995398567276,-0.9624557318409643
sequence_unbalance,sequence_imbalance,healthy_all,3,1,16,109.66666666692228,0.014510200897527682,0.013071558948385723,0.008403960462433635,0.010351299306755686,0.014200174610875829,-0.8359458617330205,-0.9386386760065888
sequence_unbalance,sequence_imbalance,healthy_all,4,1,16,152.58333333368898,0.020760356508017608,0.025233739826807374,0.009943314610406765,0.01187584852739186,0.016763184239288745,-0.6267351208908005,-0.8587219178647134
sequence_unbalance,sequence_imbalance,healthy_all,5,1,16,207.20833333381628,0.028408925413301,0.041230529752010095,0.011908058142090217,0.014378262412024077,0.020340537568887814,-0.37332664471016974,-0.765209587708934
sequence_unbalance,sequence_imbalance,healthy_all,6,1,16,279.85416666731896,0.03976105786634337,0.06259055225348724,0.014211350147763313,0.0171700878271237,0.0252513386292723,0.012796988862860847,-0.6630654367620138
sequence_unbalance,sequence_imbalance,healthy_all,7,1,16,376.50000000087755,0.046116356684570814,0.06821753009855941,0.018022879822201892,0.021472613532311953,0.031209433785727603,0.22714427615488858,-0.5169682179861459
sequence_unbalance,sequence_imbalance,healthy_calibration,0,1,6,37.00000000008624,0.007968427006741488,0.0023409886140032866,0.006595481645844923,0.007571593246593346,0.008567363604180001,-1.0531720840888645,-1.0335296879789069
sequence_unbalance,sequence_imbalance,healthy_calibration,1,1,6,54.66666666679408,0.008355873010799436,0.0017950065824043407,0.007367787915558723,0.007980226258701126,0.008747703530783465,-1.0392715931934169,-1.0221820170101465
sequence_unbalance,sequence_imbalance,healthy_calibration,2,1,6,78.66666666685002,0.008925510677108868,0.0022285179699729173,0.007977328369744265,0.008562978913008954,0.009359748379708157,-1.019520226906019,-1.0071686472209285
sequence_unbalance,sequence_imbalance,healthy_calibration,3,1,6,109.66666666692227,0.010249258977767408,0.0032195956267391844,0.008498779523434061,0.009837338086619372,0.010961723770485921,-0.9765024203635403,-0.9525254768001687
sequence_unbalance,sequence_imbalance,healthy_calibration,4,1,6,152.6666666670225,0.012247796693693932,0.003933699421559893,0.009960687704255516,0.011583339716421219,0.013406144088308125,-0.9092194399366814,-0.878269856318143
sequence_unbalance,sequence_imbalance,healthy_calibration,5,1,6,207.33333333381657,0.014929620410138409,0.0047215402143015745,0.012226145386166367,0.013450158158138537,0.015927038278758084,-0.81740330868163,-0.7720224797414004
sequence_unbalance,sequence_imbalance,healthy_calibration,6,1,6,279.88888888954125,0.018231551249168632,0.006034764409982268,0.014742036117844734,0.01618691165730545,0.01948072673306119,-0.705505579163623,-0.6817793960042045
sequence_unbalance,sequence_imbalance,healthy_calibration,7,1,6,376.44444444532184,0.022798206414813876,0.007322320475045074,0.018471794532384705,0.02019105875467867,0.024145809021847865,-0.5484763787089588,-0.5368867390230798
sequence_unbalance,sequence_imbalance,healthy_health_test,0,1,8,37.00000000008624,0.008200332796630613,0.002881435571742733,0.006409262815300753,0.007140170311116153,0.009033298746571381,-1.0465996169292662,-1.0039870659858225
sequence_unbalance,sequence_imbalance,healthy_health_test,1,1,8,54.66666666679408,0.00873418488625579,0.002853547475290508,0.007224851560697874,0.008138594867117856,0.009348672737488276,-1.0272902637994201,-0.9913806060402572
sequence_unbalance,sequence_imbalance,healthy_health_test,2,1,8,78.66666666685002,0.00912871324052747,0.003106957419829641,0.00717852037642853,0.00863520487258234,0.009592816485757208,-1.014453123509072,-0.9659834371465568
sequence_unbalance,sequence_imbalance,healthy_health_test,3,1,8,109.66666666692228,0.010737032359401604,0.004419841760718291,0.008129193647440025,0.009778968288227026,0.011183564474544532,-0.9614671954456887,-0.9386386760065888
sequence_unbalance,sequence_imbalance,healthy_health_test,4,1,8,152.6666666670225,0.012983362344808482,0.006012390036244386,0.009774355860992538,0.011131166613539203,0.013418065058714668,-0.8863388843377431,-0.88458606636129
sequence_unbalance,sequence_imbalance,healthy_health_test,5,1,8,207.1666666671495,0.015924813052546012,0.00754460097809234,0.011652171292693612,0.013761622479683874,0.016248853877120113,-0.786169036737329,-0.8092728662332347
sequence_unbalance,sequence_imbalance,healthy_health_test,6,1,8,280.0000000006526,0.019691161296602585,0.009445189757941555,0.013889753288702672,0.016612215399225527,0.02019913182434268,-0.6575866469942112,-0.6886721382594911
sequence_unbalance,sequence_imbalance,healthy_health_test,7,1,8,376.6666666675446,0.024655997469745533,0.012144463348129155,0.01735231412016292,0.020726142705417408,0.02485907796007953,-0.4882919603928992,-0.5287162190883241
sequence_unbalance,sequence_imbalance,healthy_unused,4,1,2,152.00000000035428,0.07740601260382513,0.043412172590799034,0.062057491791327746,0.07740601260382513,0.09275453341632252,1.2591328900346124,1.2591328900346124
sequence_unbalance,sequence_imbalance,healthy_unused,5,1,2,207.00000000048246,0.1187832898658087,0.07948214293146205,0.0906821087407711,0.1187832898658087,0.1468844709908463,2.610272915312848,2.610272915312848
sequence_unbalance,sequence_imbalance,healthy_unused,6,1,2,279.1666666673174,0.18462916399683071,0.09990007523160463,0.14930915367817377,0.18462916399683071,0.21994917431548766,4.8492392363706,4.8492392363706
sequence_unbalance,sequence_imbalance,healthy_unused,7,1,2,376.0000000008764,0.20191224435314273,0.11407218422338618,0.161581636848584,0.20191224435314273,0.24224285185770145,5.415751186937582,5.415751186937582
sideband_lower_ratio,harmonic_sideband,fault,0,1,96,36.99305555564178,0.10024067649968453,0.005217941253226662,0.09794696483026336,0.09940641899045441,0.10146456202600129,1.0487599013138802,1.0920976695192022
sideband_lower_ratio,harmonic_sideband,fault,1,1,96,54.66666666679408,0.01677977331677786,0.0032427484899481868,0.015348006891621913,0.01593748495347232,0.016829845772107326,-0.9237993770004035,-0.9406148069205058
sideband_lower_ratio,harmonic_sideband,fault,2,1,96,78.67361111129448,0.008763751031661379,0.003571364719710519,0.006948445436624049,0.00729370915322218,0.008342597057410087,-1.1131182349264177,-1.148446226674186
sideband_lower_ratio,harmonic_sideband,fault,3,1,96,109.69444444470012,0.004569293593188156,0.004034754383837096,0.0022646854078923633,0.002703647769772493,0.004717120991410872,-1.2121821371542139,-1.2492366970513302
sideband_lower_ratio,harmonic_sideband,fault,4,1,96,152.6319444448002,0.004507794605957151,0.00457153013451081,0.0019846320532603033,0.0024895432356374135,0.004344246808293668,-1.213477722433604,-1.2558757181812221
sideband_lower_ratio,harmonic_sideband,fault,5,1,96,207.43750000048348,0.004246034886731628,0.004666818849649489,0.001735659059389015,0.0022476875019825796,0.004020580514198855,-1.2193757755089973,-1.260209498268945
sideband_lower_ratio,harmonic_sideband,fault,6,1,96,279.88888888954125,0.0040978255177696755,0.004788554158935468,0.001745771430057765,0.002174445120490057,0.003992025235847313,-1.2224813086549757,-1.261262298674235
sideband_lower_ratio,harmonic_sideband,fault,7,1,96,376.93055555643406,0.0038724943293211057,0.005289518080756508,0.00168292712825822,0.00192193554401997,0.003302432622057213,-1.2271891753524777,-1.2651567275388056
sideband_lower_ratio,harmonic_sideband,healthy_adaptation,0,1,2,37.00000000008624,0.2204564257447974,0.01086039995306222,0.2166166945181932,0.2204564257447974,0.2242961569714016,3.87016000732332,3.87016000732332
sideband_lower_ratio,harmonic_sideband,healthy_adaptation,1,1,2,54.66666666679408,0.09170458212669275,0.01405807169220756,0.08673430321470943,0.09170458212669275,0.09667486103867605,0.8213658331210594,0.8213658331210594
sideband_lower_ratio,harmonic_sideband,healthy_adaptation,2,1,2,78.66666666685002,0.042629469260108695,0.006447482435393655,0.04034993998428469,0.042629469260108695,0.0449089985359327,-0.32458038601299105,-0.32458038601299105
sideband_lower_ratio,harmonic_sideband,healthy_adaptation,3,1,2,109.66666666692228,0.032236695203701766,0.0015766404804156598,0.0316792686161042,0.032236695203701766,0.03279412179129933,-0.5613053709950406,-0.5613053709950406
sideband_lower_ratio,harmonic_sideband,healthy_all,0,1,16,37.00000000008624,0.11359878673155313,0.04183648141687194,0.09768265359515135,0.09898685641976326,0.0999693422795932,1.3620607537150664,1.1814341687254668
sideband_lower_ratio,harmonic_sideband,healthy_all,1,1,16,54.66666666679408,0.025479270423651036,0.026120805229762012,0.015313595596617768,0.016617625114068255,0.01691012118264132,-0.7213503060424376,-0.9435634234077912
sideband_lower_ratio,harmonic_sideband,healthy_all,2,1,16,78.66666666685002,0.011985809823197819,0.012105740876249731,0.006794346050641085,0.00779359061138869,0.008533139840897687,-1.0385651785155883,-1.1366161118466716
sideband_lower_ratio,harmonic_sideband,healthy_all,3,1,16,109.66666666692228,0.00704593514987019,0.00999679740221501,0.0024055812991786536,0.0024841476532688166,0.005493454074890542,-1.1542242666385278,-1.2502077798539357
sideband_lower_ratio,harmonic_sideband,healthy_all,4,1,16,152.58333333368898,0.008597187677339448,0.01496571789036657,0.0022668853127504715,0.0026001165067462834,0.004824429854997496,-1.1173097271115942,-1.2505360955561846
sideband_lower_ratio,harmonic_sideband,healthy_all,5,1,16,207.20833333381628,0.010649401164488181,0.018769830897836074,0.0022884334420494035,0.0028116326258259203,0.005727615373833836,-1.0704711810201797,-1.2472835040241792
sideband_lower_ratio,harmonic_sideband,healthy_all,6,1,16,279.85416666731896,0.014862861200482878,0.03253455263834633,0.00198107345120412,0.0026136743456171736,0.005299858669546957,-0.9749465158573779,-1.2552527329205139
sideband_lower_ratio,harmonic_sideband,healthy_all,7,1,16,376.50000000087755,0.00750209817010685,0.01296020205525677,0.0020003538046330896,0.0026541932389678,0.004309411057084107,-1.1434015374288315,-1.2526150126005957
sideband_lower_ratio,harmonic_sideband,healthy_calibration,0,1,6,37.00000000008624,0.09781100623141518,0.0018772958792682805,0.09621711223607847,0.09849443190522406,0.0992315971194594,0.991368059928582,0.9781199858487779
sideband_lower_ratio,harmonic_sideband,healthy_calibration,1,1,6,54.66666666679408,0.01612567464779186,0.000799436227744325,0.015464830503333532,0.016369021415456878,0.016743074969185222,-0.9392367433515867,-0.9449088914727681
sideband_lower_ratio,harmonic_sideband,healthy_calibration,2,1,6,78.66666666685002,0.00761173379292068,0.000685189025200244,0.007039848597039462,0.00792162052920322,0.007991357977548493,-1.1405559618980041,-1.133115343722316
sideband_lower_ratio,harmonic_sideband,healthy_calibration,3,1,6,109.66666666692227,0.003192600755888649,0.001224788271011743,0.002393920624827547,0.00243103813995645,0.004118956266236519,-1.2449144970576236,-1.251732346793267
sideband_lower_ratio,harmonic_sideband,healthy_calibration,4,1,6,152.6666666670225,0.002950581689621193,0.0010031228259420246,0.002203543409013798,0.0025162382299199365,0.0037743343715472,-1.2504853967334186,-1.2538674951163709
sideband_lower_ratio,harmonic_sideband,healthy_calibration,5,1,6,207.33333333381657,0.00297063943971456,0.000947911194100505,0.002335122759998095,0.00256765859348816,0.00362038421008405,-1.2505204536881338,-1.2491973737882256
sideband_lower_ratio,harmonic_sideband,healthy_calibration,6,1,6,279.88888888954125,0.003011993189474605,0.0012024049716256088,0.002121098337653198,0.002493157807213947,0.003978428380721146,-1.2491455868902877,-1.2552527329205139
sideband_lower_ratio,harmonic_sideband,healthy_calibration,7,1,6,376.44444444532184,0.0027168733527102398,0.0012086835136830166,0.00174597236791503,0.00250763845264963,0.003747281042238375,-1.2561110426489674,-1.2598886775468823
sideband_lower_ratio,harmonic_sideband,healthy_health_test,0,1,8,37.00000000008624,0.09872521235334551,0.0015296286181642603,0.09768265359515135,0.09876468466800983,0.0999693422795932,1.0130554606528663,1.0057493844567018
sideband_lower_ratio,harmonic_sideband,healthy_health_test,1,1,8,54.66666666679408,0.015938139329784988,0.0011234075898959718,0.015146631475466877,0.01611574163673055,0.016894130351580806,-0.9436145128514499,-0.945700584341969
sideband_lower_ratio,harmonic_sideband,healthy_health_test,2,1,8,78.66666666685002,0.007605451986677953,0.001065948966699805,0.006794346050641085,0.0072401795042970896,0.008048750433842953,-1.140568289104426,-1.1495908270647865
sideband_lower_ratio,harmonic_sideband,healthy_health_test,3,1,8,109.66666666692228,0.0036382459318984517,0.0023273645863551256,0.0023444360507386816,0.0024841476532688166,0.003927795540675707,-1.2344363177350777,-1.2538635875557047
sideband_lower_ratio,harmonic_sideband,healthy_health_test,4,1,8,152.6666666670225,0.003296731592744165,0.0020086696226163624,0.0021664238233911064,0.0025277367045294734,0.0036307206532999866,-1.242458550743774,-1.2582200592512938
sideband_lower_ratio,harmonic_sideband,healthy_health_test,5,1,8,207.1666666671495,0.004551081053905398,0.00375104291676606,0.00222117150741302,0.0027001181412364935,0.005090696853252967,-1.2135852869004926,-1.2529798163506
sideband_lower_ratio,harmonic_sideband,healthy_health_test,6,1,8,280.0000000006526,0.0033928204436676455,0.0024899989975873203,0.0018235278374027068,0.0023062323145013534,0.003868344374614417,-1.240107449349881,-1.2648356779735899
sideband_lower_ratio,harmonic_sideband,healthy_health_test,7,1,8,376.6666666675446,0.002827187754299695,0.0013192369317323982,0.0020003538046330896,0.00249165280374214,0.003288591829977942,-1.2535579093753142,-1.2606278687779735
sideband_lower_ratio,harmonic_sideband,healthy_unused,4,1,2,152.00000000035428,0.04673882997887534,0.0008262804509152307,0.04644669572387332,0.04673882997887534,0.047030964233877356,-0.21718742371740207,-0.21718742371740207
sideband_lower_ratio,harmonic_sideband,healthy_unused,5,1,2,207.00000000048246,0.058078966781140176,0.00558476461493107,0.05610445431586596,0.058078966781140176,0.060053479246414396,0.04213306050493461,0.04213306050493461
sideband_lower_ratio,harmonic_sideband,healthy_unused,6,1,2,279.1666666673174,0.09629562826076862,0.025866637961774047,0.08715039070613473,0.09629562826076862,0.10544086581540252,0.9082944312113637,0.9082944312113637
sideband_lower_ratio,harmonic_sideband,healthy_unused,7,1,2,376.0000000008764,0.0405574142855253,0.0015744435446916462,0.04000076443200188,0.0405574142855253,0.04111406413904872,-0.3646475339824925,-0.3646475339824925
sideband_upper_ratio,harmonic_sideband,fault,0,1,96,36.99305555564178,0.1767482656327093,0.0032778255324771135,0.17557848449577584,0.17600191582511587,0.17626968557158207,3.607466118688905,3.7552134945217377
sideband_upper_ratio,harmonic_sideband,fault,1,1,96,54.66666666679408,0.04153705960961399,0.0033530629399973256,0.04021233850835233,0.04111081837545391,0.04166471391214887,-0.021522468972814287,0.006120249752634991
sideband_upper_ratio,harmonic_sideband,fault,2,1,96,78.67361111129448,0.00819242265004135,0.0029882949848403953,0.006790087447074907,0.0070734396664758805,0.007656441777061433,-0.9164510155944284,-0.9409581824404372
sideband_upper_ratio,harmonic_sideband,fault,3,1,96,109.69444444470012,0.004294745559962183,0.003629340585394452,0.0023261817122971333,0.0027152618689330298,0.004253021962815685,-1.020978400929818,-1.0469509086728839
sideband_upper_ratio,harmonic_sideband,fault,4,1,96,152.6319444448002,0.0038539073906394892,0.003962169029021455,0.0015639534815149667,0.002154731622621073,0.003992901889647997,-1.0325949494716624,-1.0643497510371684
sideband_upper_ratio,harmonic_sideband,fault,5,1,96,207.43750000048348,0.003917595277863506,0.004299941652239278,0.0015584433427742782,0.0021371332115580465,0.0038478774609317533,-1.0304271991066754,-1.0657661996391492
sideband_upper_ratio,harmonic_sideband,fault,6,1,96,279.88888888954125,0.0037735099222960047,0.004203925898342594,0.0015280612542373836,0.00215653536140979,0.003685447487541932,-1.0340361756837233,-1.0655614153766138
sideband_upper_ratio,harmonic_sideband,fault,7,1,96,376.93055555643406,0.003436054472420224,0.00441780083748666,0.001534532038496235,0.00200215354770309,0.0029448876357930152,-1.0423205774386568,-1.0672691644141863
sideband_upper_ratio,harmonic_sideband,healthy_adaptation,0,1,2,37.00000000008624,0.2914036286500976,0.003728264277055061,0.290085488173917,0.2914036286500976,0.2927217691262782,6.676468239763572,6.676468239763572
sideband_upper_ratio,harmonic_sideband,healthy_adaptation,1,1,2,54.66666666679408,0.1312400577174631,0.004773071982190677,0.12955252193461386,0.1312400577174631,0.13292759350031239,2.3754467270209965,2.3754467270209965
sideband_upper_ratio,harmonic_sideband,healthy_adaptation,2,1,2,78.66666666685002,0.040070076354359996,0.0006534718940109631,0.03983903915057502,0.040070076354359996,0.04030111355814498,-0.06231926715254888,-0.06231926715254888
sideband_upper_ratio,harmonic_sideband,healthy_adaptation,3,1,2,109.66666666692228,0.032856731346412524,0.005755147680643759,0.030821979370555905,0.032856731346412524,0.034891483322269136,-0.2672907092762282,-0.2672907092762282
sideband_upper_ratio,harmonic_sideband,healthy_all,0,1,16,37.00000000008624,0.19080504099935017,0.039282292319600946,0.17634166221950584,0.17646943770002743,0.17671943163316403,3.983753093068173,4.111352285979811
sideband_upper_ratio,harmonic_sideband,healthy_all,1,1,16,54.66666666679408,0.0517618282981552,0.031064206090788946,0.039882713773778486,0.040129659016226435,0.04177860769370619,0.2516442214682587,0.012460992715524755
sideband_upper_ratio,harmonic_sideband,healthy_all,2,1,16,78.66666666685002,0.011375934627732672,0.011225460556768716,0.006997326150757911,0.007137488133632996,0.008242466496490533,-0.8310774776371189,-0.9342816830770881
sideband_upper_ratio,harmonic_sideband,healthy_all,3,1,16,109.66666666692228,0.007236515648938837,0.010202671298593022,0.0025955142959271102,0.003076649332976293,0.005310956013408621,-0.9440936879252195,-1.0363309389023017
sideband_upper_ratio,harmonic_sideband,healthy_all,4,1,16,152.58333333368898,0.007951684895877425,0.014603934280440494,0.00179366144224633,0.0023659566254464236,0.00374114563643117,-0.9252670520639512,-1.0592078017973239
sideband_upper_ratio,harmonic_sideband,healthy_all,5,1,16,207.20833333381628,0.009136814429307595,0.016063401393209793,0.002098077420311427,0.002580450817594393,0.004851883246059023,-0.891198933821557,-1.0527186966932625
sideband_upper_ratio,harmonic_sideband,healthy_all,6,1,16,279.85416666731896,0.010921801440802077,0.0215929033949361,0.0017219478924750315,0.002626425818318077,0.004953265398773055,-0.8436244937989548,-1.0537964529567565
sideband_upper_ratio,harmonic_sideband,healthy_all,7,1,16,376.50000000087755,0.008463512303650013,0.01566930943574164,0.0017637210274915067,0.002568552873330867,0.004313095389792476,-0.910242851225288,-1.0567343082242742
sideband_upper_ratio,harmonic_sideband,healthy_calibration,0,1,6,37.00000000008624,0.17645520309831456,0.0003718590011531044,0.17615156668615903,0.1764767869998103,0.17676219730283427,3.599618333901715,3.597792217115738
sideband_upper_ratio,harmonic_sideband,healthy_calibration,1,1,6,54.66666666679408,0.03990656935698067,0.00016994714095681408,0.039763458510671416,0.039944397245266855,0.04003840310543963,-0.06526294965754743,-0.06633025663686119
sideband_upper_ratio,harmonic_sideband,healthy_calibration,2,1,6,78.66666666685002,0.007469975434793924,0.0006248636418881104,0.007021033202836473,0.007163753888477417,0.00795782025036078,-0.9357557880044206,-0.9348160832257728
sideband_upper_ratio,harmonic_sideband,healthy_calibration,3,1,6,109.66666666692227,0.003414681436307863,0.0011384983726017439,0.0026665257195222585,0.0027758183546336404,0.004226449842116202,-1.0450608532845844,-1.0363309389023017
sideband_upper_ratio,harmonic_sideband,healthy_calibration,4,1,6,152.6666666670225,0.0023033345197269245,0.000577898059672245,0.0018965680661839949,0.00203703891896793,0.00275671544787681,-1.074517665764427,-1.0678525055993227
sideband_upper_ratio,harmonic_sideband,healthy_calibration,5,1,6,207.33333333381657,0.0026432847275918267,0.0007769416686785775,0.0021117287011691885,0.0021775011119391035,0.0032690409560892832,-1.0652752141750925,-1.0562540130837537
sideband_upper_ratio,harmonic_sideband,healthy_calibration,6,1,6,279.88888888954125,0.0027276501050791254,0.0011045157455196754,0.0019406075806341133,0.0022163492109168403,0.0035890378524306415,-1.06330694899739,-1.0537964529567565
sideband_upper_ratio,harmonic_sideband,healthy_calibration,7,1,6,376.44444444532184,0.002453327952241101,0.001172002666797293,0.0016148776435627318,0.0020014877756830167,0.0034090891124724017,-1.0705266549227452,-1.0600728830245358
sideband_upper_ratio,harmonic_sideband,healthy_health_test,0,1,8,37.00000000008624,0.17641777251244,0.00019974292539599322,0.17634166221950584,0.1764216488941357,0.1765141912446461,3.598675375769166,3.598581873188376
sideband_upper_ratio,harmonic_sideband,healthy_health_test,1,1,8,54.66666666679408,0.04078371514920911,0.0012440852833529071,0.039932602916615725,0.040941339764104474,0.04177860769370619,-0.04162602657557106,-0.051505627468713476
sideband_upper_ratio,harmonic_sideband,healthy_health_test,2,1,8,78.66666666685002,0.007131868590779904,0.0008816994902239693,0.0067664152132187625,0.007068974483662067,0.007376173424826047,-0.9447582974827851,-0.9464984227309179
sideband_upper_ratio,harmonic_sideband,healthy_health_test,3,1,8,109.66666666692228,0.003697837384043647,0.0017405890093461775,0.0025386256123303783,0.0029401686888629102,0.004107776303699417,-1.0375690585679438,-1.0409339275719318
sideband_upper_ratio,harmonic_sideband,healthy_health_test,4,1,8,152.6666666670225,0.002971829316614075,0.0018422355816573542,0.0016834586978278765,0.0022032573922504133,0.0034358120798948302,-1.0567526086261811,-1.0618326733485095
sideband_upper_ratio,harmonic_sideband,healthy_health_test,5,1,8,207.1666666671495,0.0038093130492719766,0.0029109489153831443,0.0019853933443766286,0.00249725444751564,0.004330877237532243,-1.0340324290340486,-1.0568958404753643
sideband_upper_ratio,harmonic_sideband,healthy_health_test,6,1,8,280.0000000006526,0.0032937937706620543,0.0025800689967429547,0.0014491829951960734,0.002234255607301557,0.004071651213834775,-1.047871371154592,-1.0671018671202046
sideband_upper_ratio,harmonic_sideband,healthy_health_test,7,1,8,376.6666666675446,0.0029924045098242034,0.0015922078285676366,0.0017637210274915067,0.0024488425243886303,0.0036466185418302516,-1.0559166512455447,-1.060756627461077
sideband_upper_ratio,harmonic_sideband,healthy_unused,4,1,2,152.00000000035428,0.044816158341382334,0.008118073861726496,0.041945985802482294,0.044816158341382334,0.04768633088028237,0.04842701528639712,0.04842701528639712
sideband_upper_ratio,harmonic_sideband,healthy_unused,5,1,2,207.00000000048246,0.04992740905459737,0.0006003770199623313,0.0497151437235554,0.04992740905459737,0.050139674385639335,0.20236388808901612,0.20236388808901612
sideband_upper_ratio,harmonic_sideband,healthy_unused,6,1,2,279.1666666673174,0.06601628612853103,0.001394237129960448,0.06552334886394248,0.06601628612853103,0.06650922339311957,0.6324103812189003,0.6324103812189003
sideband_upper_ratio,harmonic_sideband,healthy_unused,7,1,2,376.0000000008764,0.048378496533179986,0.003960435532475811,0.04697827112244708,0.048378496533179986,0.04977872194391289,0.15330375994811077,0.15330375994811077
spectral_entropy,spectral_entropy,fault,0,1,96,36.99305555564178,0.15765282103278408,0.01862254484587968,0.14965660422057833,0.15135676231476075,0.15416207499503426,-2.3110707643683557,-2.185703939692484
spectral_entropy,spectral_entropy,fault,1,1,96,54.66666666679408,0.15707384490020795,0.014586146138038374,0.14992422814658551,0.1516015460507425,0.15501677167671404,-2.315011347006509,-2.1855053972513465
spectral_entropy,spectral_entropy,fault,2,1,96,78.67361111129448,0.15718759052548933,0.01349195769463234,0.15016283799773483,0.15187851083356352,0.15550097583277755,-2.3141503589980146,-2.1914573098486168
spectral_entropy,spectral_entropy,fault,3,1,96,109.69444444470012,0.15812771001343304,0.014603876038802843,0.1505361197788137,0.15233669083120926,0.15657746004120193,-2.307554877023637,-2.181120332960555
spectral_entropy,spectral_entropy,fault,4,1,96,152.6319444448002,0.16102322626765853,0.01818129088456147,0.15200640203505017,0.15395140541298244,0.15893609542757167,-2.2875068737182955,-2.169703966226699
spectral_entropy,spectral_entropy,fault,5,1,96,207.43750000048348,0.1647549256016204,0.022398365284404153,0.15418261010254217,0.15631483004402713,0.16154411004845742,-2.2617766495390454,-2.154121079423785
spectral_entropy,spectral_entropy,fault,6,1,96,279.88888888954125,0.1710477507034336,0.02812072879743839,0.15867942403830407,0.16109212626405295,0.16596549341611957,-2.2185533294843824,-2.124720829501359
spectral_entropy,spectral_entropy,fault,7,1,96,376.93055555643406,0.17887842061327427,0.03444355750156532,0.1652555667978387,0.16798586370597712,0.1725934843744078,-2.164982457941858,-2.081120341751168
spectral_entropy,spectral_entropy,healthy_adaptation,0,1,2,37.00000000008624,0.4713765253921258,0.017681282537796317,0.4651252480008503,0.4713765253921258,0.4776278027834014,-0.14487496967446886,-0.14487496967446886
spectral_entropy,spectral_entropy,healthy_adaptation,1,1,2,54.66666666679408,0.4967124202074026,0.0282640349724722,0.48671957481103817,0.4967124202074026,0.5067052656037669,0.03123931214417895,0.03123931214417895
spectral_entropy,spectral_entropy,healthy_adaptation,2,1,2,78.66666666685002,0.43845253365100556,0.023526544131462324,0.43013464420438474,0.43845253365100556,0.4467704230976264,-0.3712318124764282,-0.3712318124764282
spectral_entropy,spectral_entropy,healthy_adaptation,3,1,2,109.66666666692228,0.4330302155299448,0.017939162687643007,0.42668776373732425,0.4330302155299448,0.4393726673225653,-0.40934776130629824,-0.40934776130629824
spectral_entropy,spectral_entropy,healthy_all,0,1,16,37.00000000008624,0.19168922481792422,0.10931632483021049,0.1495616905007009,0.15121005673896254,0.1549590173996691,-2.0761177030244857,-2.1835047169275077
spectral_entropy,spectral_entropy,healthy_all,1,1,16,54.66666666679408,0.19518489565106997,0.11798554365354492,0.14957683816471684,0.15134072085629863,0.1556898042394867,-2.0518312649288024,-2.1829680836514607
spectral_entropy,spectral_entropy,healthy_all,2,1,16,78.66666666685002,0.18795794660582577,0.09802667444066658,0.14984929920068518,0.15165941688699153,0.15555777617188468,-2.1017525940402577,-2.1828903911190247
spectral_entropy,spectral_entropy,healthy_all,3,1,16,109.66666666692228,0.18724876451668138,0.0961082152049568,0.14973748440157683,0.1515551259992499,0.15571449127328274,-2.1067267211188416,-2.1823682039905377
spectral_entropy,spectral_entropy,healthy_all,4,1,16,152.58333333368898,0.19204299362768193,0.10643387985017616,0.15087015951590604,0.15223085549209053,0.15664917007916754,-2.0735692104766414,-2.1749973732440626
spectral_entropy,spectral_entropy,healthy_all,5,1,16,207.20833333381628,0.19655832457316952,0.11243227930210124,0.15306278382360453,0.15416903302856605,0.15862318172797885,-2.0425101493744444,-2.157591333316032
spectral_entropy,spectral_entropy,healthy_all,6,1,16,279.85416666731896,0.2004784260324188,0.11257786628708928,0.15722045228470946,0.15844851271279076,0.16205489204814955,-2.0154726563389183,-2.1306815687553993
spectral_entropy,spectral_entropy,healthy_all,7,1,16,376.50000000087755,0.20482994364232374,0.10777667781254456,0.16374844471505867,0.16435940469620658,0.16773783392307445,-1.9853148428240428,-2.087493315089278
spectral_entropy,spectral_entropy,healthy_calibration,0,1,6,37.00000000008624,0.15110245217816828,0.001947448156447036,0.1495899826441911,0.1506805563564912,0.15247172594031078,-2.3563704088659456,-2.355679390275844
spectral_entropy,spectral_entropy,healthy_calibration,1,1,6,54.66666666679408,0.15129527669214704,0.0020124865717684884,0.14973252255318686,0.1507624688334618,0.15266802985085087,-2.3550352781534074,-2.3542985842551256
spectral_entropy,spectral_entropy,healthy_calibration,2,1,6,78.66666666685002,0.15150497770195875,0.0021594611122955193,0.14976175737175412,0.15108265216806854,0.15310586175817115,-2.353574547858051,-2.352834392921344
spectral_entropy,spectral_entropy,healthy_calibration,3,1,6,109.66666666692227,0.1515436678707703,0.002285062078441453,0.1497800199155652,0.15092209387598707,0.15320691252707616,-2.3533037880575662,-2.3521519724404127
spectral_entropy,spectral_entropy,healthy_calibration,4,1,6,152.6666666670225,0.15233593419757951,0.0021912864653584377,0.15071232374633856,0.15149192083910645,0.15401587442498177,-2.3478303255211603,-2.3454452032208115
spectral_entropy,spectral_entropy,healthy_calibration,5,1,6,207.33333333381657,0.15440150710349085,0.0018245835855652504,0.15308058253420823,0.1536281533373638,0.15588628411791183,-2.333569396305384,-2.331001795490913
spectral_entropy,spectral_entropy,healthy_calibration,6,1,6,279.88888888954125,0.15844094407307352,0.001706411729433254,0.1572309071133366,0.1576272533331435,0.15987138765211012,-2.3057012862673076,-2.30276602573783
spectral_entropy,spectral_entropy,healthy_calibration,7,1,6,376.44444444532184,0.1644606990770071,0.0013164559825960026,0.16351194534385716,0.16390132427602772,0.16545007177042953,-2.264166983423605,-2.2615275979190548
spectral_entropy,spectral_entropy,healthy_health_test,0,1,8,37.00000000008624,0.15220747915419075,0.004055644776795417,0.14942860573818317,0.1507403468923008,0.15372601442451364,-2.348738856980895,-2.338909758909611
spectral_entropy,spectral_entropy,healthy_health_test,1,1,8,54.66666666679408,0.15272022873117902,0.004902622434852064,0.14941472627598962,0.1507933378408306,0.15425584315544041,-2.3451958992785933,-2.3321958675132346
spectral_entropy,spectral_entropy,healthy_health_test,2,1,8,78.66666666685002,0.1526740265224311,0.004375072689684018,0.14973608568405541,0.15112542310697422,0.15412161625110662,-2.3455163240678703,-2.3359693559795436
spectral_entropy,spectral_entropy,healthy_health_test,3,1,8,109.66666666692228,0.15258222424779885,0.004201961272396511,0.14966841217924803,0.15101140920669043,0.15402147834908367,-2.3461386608679344,-2.3362235360627386
spectral_entropy,spectral_entropy,healthy_health_test,4,1,8,152.6666666670225,0.15380067872293174,0.004501525252639492,0.1508257651166007,0.1519971094870027,0.15503714992430254,-2.33772753055271,-2.3256954566885297
spectral_entropy,spectral_entropy,healthy_health_test,5,1,8,207.1666666671495,0.15626314577385386,0.004971534463003733,0.15306278382360453,0.15392091161406496,0.1570620128086379,-2.320730177024558,-2.3040781827045183
spectral_entropy,spectral_entropy,healthy_health_test,6,1,8,280.0000000006526,0.15998381407782367,0.004167663718702817,0.15715262752794218,0.15829253514682917,0.1610937794677136,-2.2950454449400848,-2.2819031863975816
spectral_entropy,spectral_entropy,healthy_health_test,7,1,8,376.6666666675446,0.16622359530593012,0.004073897709782534,0.16400691387174965,0.16435940469620658,0.1664682717861225,-2.251982848244737,-2.2361517603127847
spectral_entropy,spectral_entropy,healthy_unused,4,1,2,152.00000000035428,0.46413343153698994,0.023034615284259412,0.45598946520222833,0.46413343153698994,0.4722773978717515,-0.19415258503881214,-0.19415258503881214
spectral_entropy,spectral_entropy,healthy_unused,5,1,2,207.00000000048246,0.4842094921794682,0.016923928147710002,0.4782259800006884,0.4842094921794682,0.49019300435824803,-0.056452297981171455,-0.056452297981171455
spectral_entropy,spectral_entropy,healthy_unused,6,1,2,279.1666666673174,0.4885693197288352,0.016011256600589028,0.4829084856700381,0.4885693197288352,0.4942301537876324,-0.026495612149085843,-0.026495612149085843
spectral_entropy,spectral_entropy,healthy_unused,7,1,2,376.0000000008764,0.4803630706838481,0.023951570613242826,0.4718949116835019,0.4803630706838481,0.48883122968419435,-0.08208639934257783,-0.08208639934257783
thd_2_to_5_mean,harmonic_sideband,fault,0,1,96,36.99305555564178,0.03348956754538059,0.013622869717310901,0.024646365878245986,0.030565083221559784,0.036043916184829564,-1.63369436802669,-1.6788872475827648
thd_2_to_5_mean,harmonic_sideband,fault,1,1,96,54.66666666679408,0.027641288599303714,0.012880362444337745,0.01862944583867705,0.023922198499873835,0.030026086633822332,-1.7296877083307258,-1.7860497248799145
thd_2_to_5_mean,harmonic_sideband,fault,2,1,96,78.67361111129448,0.03077658388628822,0.016694228027604424,0.019747489885479724,0.02565478106221717,0.032919342751587,-1.6779249829773004,-1.7509249409759213
thd_2_to_5_mean,harmonic_sideband,fault,3,1,96,109.69444444470012,0.03358759526825717,0.023174197783046836,0.01966516215912573,0.0263940062920251,0.03685616456246568,-1.6314533603634083,-1.7520417921612303
thd_2_to_5_mean,harmonic_sideband,fault,4,1,96,152.6319444448002,0.034483413976088596,0.02805337383530196,0.017563850211581272,0.025333828154162595,0.03930156044227783,-1.6165703140074152,-1.7725361047685024
thd_2_to_5_mean,harmonic_sideband,fault,5,1,96,207.43750000048348,0.03385032707011315,0.02931405294924417,0.016141085368144382,0.025069465682115363,0.03675872633001724,-1.6269385140282973,-1.799147446719678
thd_2_to_5_mean,harmonic_sideband,fault,6,1,96,279.88888888954125,0.042315433770951934,0.03750643271838188,0.019576144789919515,0.031137891116808838,0.04509060599117514,-1.48780224600097,-1.6859238752701073
thd_2_to_5_mean,harmonic_sideband,fault,7,1,96,376.93055555643406,0.05023426410695054,0.05499445518710909,0.022607737208447994,0.03435565086468485,0.04802129317695061,-1.3581074802424389,-1.627939255051833
thd_2_to_5_mean,harmonic_sideband,healthy_adaptation,0,1,2,37.00000000008624,0.14143777134040258,0.004762232365579395,0.13975406794075895,0.14143777134040258,0.1431214747400462,0.14014270361434022,0.14014270361434022
thd_2_to_5_mean,harmonic_sideband,healthy_adaptation,1,1,2,54.66666666679408,0.14117218699064618,0.008105822106435123,0.13830634610137013,0.14117218699064618,0.14403802787992223,0.13599877372158786,0.13599877372158786
thd_2_to_5_mean,harmonic_sideband,healthy_adaptation,2,1,2,78.66666666685002,0.11141603342642112,0.0029023882866139683,0.11038988420687054,0.11141603342642112,0.11244218264597168,-0.35326736430444516,-0.35326736430444516
thd_2_to_5_mean,harmonic_sideband,healthy_adaptation,3,1,2,109.66666666692228,0.1147955926574968,0.0030695828134701224,0.11371033124608759,0.1147955926574968,0.115880854068906,-0.29813050894259613,-0.29813050894259613
thd_2_to_5_mean,harmonic_sideband,healthy_all,0,1,16,37.00000000008624,0.04128521725961436,0.03939772018797392,0.02342564209833015,0.028460931892706577,0.03238164279749378,-1.505809100401832,-1.7363342115741651
thd_2_to_5_mean,harmonic_sideband,healthy_all,1,1,16,54.66666666679408,0.03567648696779514,0.041506865307838196,0.01695934147812427,0.021279746503741932,0.026797705718135376,-1.5979040687083512,-1.8346970909535103
thd_2_to_5_mean,harmonic_sideband,healthy_all,2,1,16,78.66666666685002,0.03152019923211816,0.03160789344087601,0.01574220499655868,0.021171221279436353,0.026204746211396047,-1.6662398864601464,-1.8466623866529819
thd_2_to_5_mean,harmonic_sideband,healthy_all,3,1,16,109.66666666692228,0.030226086800079602,0.0333930782780336,0.014146712154532115,0.019054185653908144,0.023553737031256336,-1.6875540169051257,-1.876916226698667
thd_2_to_5_mean,harmonic_sideband,healthy_all,4,1,16,152.58333333368898,0.027078185173780155,0.03768824930444912,0.01022845605630552,0.013271290840813554,0.01821676675698527,-1.7392211120649665,-1.9611980647738325
thd_2_to_5_mean,harmonic_sideband,healthy_all,5,1,16,207.20833333381628,0.03084999772047537,0.05641973571145382,0.007525147647276543,0.009674799967438995,0.01484487913600591,-1.6772249929930958,-2.0045050627443497
thd_2_to_5_mean,harmonic_sideband,healthy_all,6,1,16,279.85416666731896,0.050081125753689316,0.10720902619364768,0.008168284740775647,0.01028347972587865,0.015225694253967104,-1.3610789283952895,-1.9936044209544637
thd_2_to_5_mean,harmonic_sideband,healthy_all,7,1,16,376.50000000087755,0.045658463833982504,0.09562825005995908,0.008546107037938996,0.009642378019493178,0.013889547071189928,-1.4337564892841337,-1.9934098147746115
thd_2_to_5_mean,harmonic_sideband,healthy_calibration,0,1,6,37.00000000008624,0.02708562323276992,0.004898627908893955,0.023186415813667927,0.02661916050239726,0.029904609609428718,-1.7391712402942077,-1.747970818349312
thd_2_to_5_mean,harmonic_sideband,healthy_calibration,1,1,6,54.66666666679408,0.020578711313420973,0.0045692038925411495,0.016996034468441466,0.019554745833712722,0.023745591821797654,-1.8460458687143584,-1.8445406889459264
thd_2_to_5_mean,harmonic_sideband,healthy_calibration,2,1,6,78.66666666685002,0.01993805914774702,0.005101741310146238,0.01578205307929897,0.019462522519230543,0.023559862263244087,-1.8565640643954915,-1.8602270589460157
thd_2_to_5_mean,harmonic_sideband,healthy_calibration,3,1,6,109.66666666692227,0.017929715611136033,0.0050109976621801975,0.01402445180309395,0.017061241037198353,0.021406255473258622,-1.8895626118042188,-1.8918517351404494
thd_2_to_5_mean,harmonic_sideband,healthy_calibration,4,1,6,152.6666666670225,0.01295696318240091,0.0036147259130866606,0.010089204720838586,0.012134643045022037,0.015516824305806361,-1.9712666385745592,-1.9697765609484987
thd_2_to_5_mean,harmonic_sideband,healthy_calibration,5,1,6,207.33333333381657,0.00989200665280605,0.0030917375863727817,0.007562346155407457,0.009008271610054243,0.011800006687858999,-2.0216285094539086,-2.0220860091000104
thd_2_to_5_mean,harmonic_sideband,healthy_calibration,6,1,6,279.88888888954125,0.010339469780690487,0.0027735044988974355,0.008396526991192711,0.009369839062729427,0.011886632773097466,-2.0142749747866286,-2.0155403577970255
thd_2_to_5_mean,harmonic_sideband,healthy_calibration,7,1,6,376.44444444532184,0.00990489493288046,0.002173873630241184,0.008542067682960012,0.009047879182854164,0.011806484159475751,-2.021365979897972,-2.0176711858405683
thd_2_to_5_mean,harmonic_sideband,healthy_health_test,0,1,8,37.00000000008624,0.026896774259550622,0.005516033375446855,0.02291596005718887,0.02716037993491556,0.030911654809084112,-1.742275446486593,-1.74504251397594
thd_2_to_5_mean,harmonic_sideband,healthy_health_test,1,1,8,54.66666666679408,0.02062589370286301,0.005778040402779833,0.016437156998364403,0.02012501278313982,0.024279044350646047,-1.8452734293113309,-1.8532092775260938
thd_2_to_5_mean,harmonic_sideband,healthy_health_test,2,1,8,78.66666666685002,0.020232845746820768,0.006053593860256365,0.01553837757850227,0.019519498203831767,0.024295508208789982,-1.8517398835475631,-1.8640025549449306
thd_2_to_5_mean,harmonic_sideband,healthy_health_test,3,1,8,109.66666666692228,0.018305988727432977,0.005898853566793733,0.01386526771249997,0.017980659162001172,0.022154392006598418,-1.8834034477214383,-1.892237345251413
thd_2_to_5_mean,harmonic_sideband,healthy_health_test,4,1,8,152.6666666670225,0.013697250744430742,0.005422403971844132,0.009990625197208763,0.01242454298969618,0.015839637460533153,-1.9591387653767824,-1.9704940909025521
thd_2_to_5_mean,harmonic_sideband,healthy_health_test,5,1,8,207.1666666671495,0.010527196475313801,0.004776548712394768,0.00737401680145853,0.009008444287958592,0.01193012285204392,-2.011208952865305,-2.011242831022799
thd_2_to_5_mean,harmonic_sideband,healthy_health_test,6,1,8,280.0000000006526,0.011379385878593962,0.0044827937100462584,0.00812859697626407,0.009823209703009372,0.012859823070491808,-1.9971907492056973,-1.996149750076232
thd_2_to_5_mean,harmonic_sideband,healthy_health_test,7,1,8,376.6666666675446,0.01132885076278868,0.004379515864670565,0.008489149943940037,0.009456458749178914,0.012415801022977986,-1.9979530786000588,-1.9934098147746115
thd_2_to_5_mean,harmonic_sideband,healthy_unused,4,1,2,152.00000000035428,0.12296558886531553,0.004156498206138848,0.12149604483154028,0.12296558886531553,0.12443513289909078,-0.16341391928892596,-0.16341391928892596
thd_2_to_5_mean,harmonic_sideband,healthy_unused,5,1,2,207.00000000048246,0.17501517590412963,0.005791804029750285,0.1729674639517596,0.17501517590412963,0.17706288785649962,0.6919213958781802,0.6919213958781802
thd_2_to_5_mean,harmonic_sideband,healthy_unused,6,1,2,279.1666666673174,0.3241130531730672,0.024114572080108445,0.315587264451439,0.3241130531730672,0.33263884189469545,3.142956494020359,3.142956494020359
thd_2_to_5_mean,harmonic_sideband,healthy_unused,7,1,2,376.0000000008764,0.2902376228220639,0.016659188729190283,0.28434771016232546,0.2902376228220639,0.2961275354818024,2.5858583398210806,2.5858583398210806
zero_sequence_ratio,sequence_imbalance,fault,0,1,96,36.99305555564178,0.03058661230049187,0.042763521796600076,0.009040803998214024,0.013202635270465463,0.026359082308041265,-3.3057285469393545,-3.4699381819986295
zero_sequence_ratio,sequence_imbalance,fault,1,1,96,54.66666666679408,0.02837658425766033,0.036555243734127885,0.008908346880998735,0.013195330666145814,0.02599045019648017,-3.3266124638545698,-3.4700903692893545
zero_sequence_ratio,sequence_imbalance,fault,2,1,96,78.67361111129448,0.027186720594029424,0.03355137664496655,0.008785587938089342,0.013110043464295583,0.025104882139011866,-3.33786410708684,-3.4708765651895908
zero_sequence_ratio,sequence_imbalance,fault,3,1,96,109.69444444470012,0.026778074335065516,0.032919934428194984,0.008707732934994092,0.012909253243977358,0.024747008461259393,-3.3417609279092653,-3.4727958387528997
zero_sequence_ratio,sequence_imbalance,fault,4,1,96,152.6319444448002,0.02676480027839258,0.03375598851647923,0.008596753462618793,0.012949663467281587,0.024376804097104635,-3.3419992814660433,-3.4724405081248104
zero_sequence_ratio,sequence_imbalance,fault,5,1,96,207.43750000048348,0.02682816761516421,0.035091961853476544,0.00862940556057643,0.01282006901070815,0.023685947332093685,-3.3416478162308514,-3.4737336436479618
zero_sequence_ratio,sequence_imbalance,fault,6,1,96,279.88888888954125,0.026728741521698667,0.035881868914207325,0.008592062430431952,0.012709682243299207,0.023391474665293788,-3.342938778324813,-3.4753812254981886
zero_sequence_ratio,sequence_imbalance,fault,7,1,96,376.93055555643406,0.026376214708308133,0.03624319905138211,0.008719705700216015,0.012632349816521785,0.023535531553333322,-3.346852572592803,-3.4763187312722543
zero_sequence_ratio,sequence_imbalance,healthy_adaptation,0,1,2,37.00000000008624,0.3273793144569934,0.017076184912439927,0.32134197138280257,0.3273793144569934,0.3334166575311842,-0.5089702064919946,-0.5089702064919946
zero_sequence_ratio,sequence_imbalance,healthy_adaptation,1,1,2,54.66666666679408,0.3275457713363704,0.02214769501703938,0.31971537866927036,0.3275457713363704,0.3353761640034704,-0.5088597216293975,-0.5088597216293975
zero_sequence_ratio,sequence_imbalance,healthy_adaptation,2,1,2,78.66666666685002,0.3403551243670258,0.019102802808348023,0.33360126366429965,0.3403551243670258,0.34710898506975196,-0.3870577500153267,-0.3870577500153267
zero_sequence_ratio,sequence_imbalance,healthy_adaptation,3,1,2,109.66666666692228,0.3342572694843684,0.016352216649332667,0.32847588784428106,0.3342572694843684,0.34003865112445575,-0.44383131733577597,-0.44383131733577597
zero_sequence_ratio,sequence_imbalance,healthy_all,0,1,16,37.00000000008624,0.061949784769220285,0.10492772618083303,0.012986043202009235,0.019277528866805813,0.04048037085670375,-3.0094977766830593,-3.412665654120188
zero_sequence_ratio,sequence_imbalance,healthy_all,1,1,16,54.66666666679408,0.06178313945472634,0.1050864433207656,0.013135631954185384,0.019239757253531133,0.039390712227457894,-3.0112318003733503,-3.4131052259365813
zero_sequence_ratio,sequence_imbalance,healthy_all,2,1,16,78.66666666685002,0.06333555910099703,0.10937391939622794,0.01319794778779367,0.01921985199630944,0.039475402422124016,-2.9964287421368403,-3.4131945433527457
zero_sequence_ratio,sequence_imbalance,healthy_all,3,1,16,109.66666666692228,0.06254564026878927,0.10734262944691197,0.013002014566221236,0.018926601986760723,0.03920286748985082,-3.0037697804125636,-3.416022896287599
zero_sequence_ratio,sequence_imbalance,healthy_all,4,1,16,152.58333333368898,0.06301863366610765,0.10837379058056713,0.013175430594778114,0.01898271558930123,0.03911927326477206,-2.9993488046333328,-3.4155614052614203
zero_sequence_ratio,sequence_imbalance,healthy_all,5,1,16,207.20833333381628,0.05899916897370421,0.09844317883222271,0.013089996036542418,0.018683446874672528,0.03891737982491774,-3.037504326098897,-3.4184552071324026
zero_sequence_ratio,sequence_imbalance,healthy_all,6,1,16,279.85416666731896,0.057754843516845414,0.09585741964745768,0.012837994448248558,0.01847185947884666,0.03822634934777328,-3.04912301014113,-3.4203608213677352
zero_sequence_ratio,sequence_imbalance,healthy_all,7,1,16,376.50000000087755,0.0551569351103803,0.08857385392034303,0.012920276295366441,0.018353079599686344,0.03821445793544994,-3.073578739536256,-3.421494680566486
zero_sequence_ratio,sequence_imbalance,healthy_calibration,0,1,6,37.00000000008624,0.02065580488541904,0.009931507486567381,0.013781862968252704,0.017271382601360897,0.026732238809909336,-3.3987351747845502,-3.4307871113080464
zero_sequence_ratio,sequence_imbalance,healthy_calibration,1,1,6,54.66666666679408,0.020341360110954835,0.009471806904404073,0.013899358045541007,0.017210238901498694,0.026132909358362058,-3.401737646804929,-3.4314378024599446
zero_sequence_ratio,sequence_imbalance,healthy_calibration,2,1,6,78.66666666685002,0.02037200334272905,0.0094584819125545,0.014031569595337846,0.017372997078163723,0.025884212256076563,-3.4013806289752675,-3.429877126725569
zero_sequence_ratio,sequence_imbalance,healthy_calibration,3,1,6,109.66666666692227,0.020068690229018676,0.009435056073478302,0.013678047882521931,0.016853485442195122,0.02571355676565658,-3.40427261845257,-3.434749293936105
zero_sequence_ratio,sequence_imbalance,healthy_calibration,4,1,6,152.6666666670225,0.019960689908334158,0.009206102946622838,0.013759880301543995,0.016736696363286802,0.02543937618707508,-3.40530007466826,-3.435849627485487
zero_sequence_ratio,sequence_imbalance,healthy_calibration,5,1,6,207.33333333381657,0.019853682088863844,0.009253834983015269,0.013741975089135647,0.01654658893906741,0.025289517209543477,-3.40633497226176,-3.437757378795353
zero_sequence_ratio,sequence_imbalance,healthy_calibration,6,1,6,279.88888888954125,0.019577571673245812,0.009049573915054511,0.013431709617526353,0.01642713699100603,0.025014124194883067,-3.4089666350118173,-3.4388307363797583
zero_sequence_ratio,sequence_imbalance,healthy_calibration,7,1,6,376.44444444532184,0.019549636490394626,0.008907343296992868,0.013491746378905035,0.016352898723234754,0.024855858564391955,-3.4092538965113186,-3.4395622525800107
zero_sequence_ratio,sequence_imbalance,healthy_health_test,0,1,8,37.00000000008624,0.026562887260127944,0.02140746964194612,0.012060607463721267,0.01731997547380404,0.03165191236257488,-3.3427016206547076,-3.4319431337525756
zero_sequence_ratio,sequence_imbalance,healthy_health_test,1,1,8,54.66666666679408,0.026423815992143967,0.021186178163240595,0.012182079880864638,0.017657823628909775,0.03134888401474581,-3.343945435235654,-3.428683699217284
zero_sequence_ratio,sequence_imbalance,healthy_health_test,2,1,8,78.66666666685002,0.02630333460319083,0.021049652711875443,0.012113564829533161,0.017410416913682704,0.031324089855188475,-3.3450575750383984,-3.4310133921648207
zero_sequence_ratio,sequence_imbalance,healthy_health_test,3,1,8,109.66666666692228,0.026475445494722423,0.021499059199987843,0.012159732330399046,0.017291869098648743,0.03108267659132378,-3.3433772676517552,-3.4321213230623853
zero_sequence_ratio,sequence_imbalance,healthy_health_test,4,1,8,152.6666666670225,0.026761035327515385,0.02213380153889525,0.012215532873253441,0.017386878741857383,0.03133609143632339,-3.3406871213124503,-3.4312767938853996
zero_sequence_ratio,sequence_imbalance,healthy_health_test,5,1,8,207.1666666671495,0.026217592116523962,0.021097652580861347,0.01211067598503277,0.01728229663283522,0.03116782254008822,-3.3459229540464457,-3.4322533724062065
zero_sequence_ratio,sequence_imbalance,healthy_health_test,6,1,8,280.0000000006526,0.025835783806233602,0.020386993524372253,0.012136681775802557,0.017116647694604543,0.030836723135415835,-3.3495858654832955,-3.4337065965898543
zero_sequence_ratio,sequence_imbalance,healthy_health_test,7,1,8,376.6666666675446,0.02607832448360643,0.02104143459060969,0.012197933034629951,0.016867566812014276,0.030776477523379163,-3.347258604571884,-3.4361236263773005
zero_sequence_ratio,sequence_imbalance,healthy_unused,4,1,2,152.00000000035428,0.3372228582937971,0.017416635474628368,0.3310651477690152,0.3372228582937971,0.34338056881857904,-0.4161417278120776,-0.4161417278120776
zero_sequence_ratio,sequence_imbalance,healthy_unused,5,1,2,207.00000000048246,0.30756193705694634,0.021535540239593,0.29994797378698035,0.30756193705694634,0.3151759003269123,-0.6973378758201125,-0.6973378758201125
zero_sequence_ratio,sequence_imbalance,healthy_unused,6,1,2,279.1666666673174,0.29996289789009145,0.016901903606645043,0.2939871725624814,0.29996289789009145,0.3059386232177015,-0.7677407141604062,-0.7677407141604062
zero_sequence_ratio,sequence_imbalance,healthy_unused,7,1,2,376.0000000008764,0.2782932734774328,0.015249993652738629,0.27290158651498114,0.2782932734774328,0.28368496043988445,-0.9718338084685567,-0.9718338084685567
