feature,feature_family,population,block_id,system_blocks,signed_contribution_mean,signed_contribution_median,absolute_contribution_mean,score_share_mean,absolute_contribution_share_mean,negative_contribution_fraction
clarke_radius_cv,current_shape,fault,0,48,215.7852277732178,230.92042019302602,215.7852277732178,0.3488215494039584,0.2425527634779063,0.0
clarke_radius_cv,current_shape,fault,1,48,198.64073694968025,209.40566610696132,198.64073694968025,0.5021041893322504,0.3166479851766457,0.0
clarke_radius_cv,current_shape,fault,2,48,179.09262626092345,196.83005663486716,179.09262626092345,0.38496125746202847,0.25707722010942996,0.0
clarke_radius_cv,current_shape,fault,3,48,161.16123873558817,181.2265176795232,161.1612387355881,0.22789661061866295,0.16663911026107647,0.0
clarke_radius_cv,current_shape,fault,4,48,140.5941386095699,162.90589726970887,140.81544930213803,0.10738485647150377,0.08471275774474468,0.0625
clarke_radius_cv,current_shape,fault,5,48,126.14436564889171,147.57921690324298,126.40738331109189,0.053677572888960766,0.044819564063086174,0.0625
clarke_radius_cv,current_shape,fault,6,48,112.8706046431558,129.51256573237492,113.12546604640526,0.02592519295655116,0.022458964233340737,0.0625
clarke_radius_cv,current_shape,fault,7,48,100.59714883793798,107.02529797182497,101.29153345162366,0.012596138469370292,0.01114089094678092,0.0625
clarke_radius_cv,current_shape,healthy_adaptation,0,1,12.633818519697003,12.633818519697003,12.633818519697003,0.013539440180555515,0.011787559725829814,0.0
clarke_radius_cv,current_shape,healthy_adaptation,1,1,-85.96858827709184,-85.96858827709184,85.96858827709184,-0.03678499486031634,0.029297810983429755,1.0
clarke_radius_cv,current_shape,healthy_adaptation,2,1,-7.1492787195049,-7.1492787195049,7.1492787195049,-0.004612770651934421,0.003746212751360012,1.0
clarke_radius_cv,current_shape,healthy_adaptation,3,1,-2.1389692328762266,-2.1389692328762266,2.1389692328762266,-0.0016645716966321806,0.0013026619049428983,1.0
clarke_radius_cv,current_shape,healthy_all,0,8,217.00478973186827,248.49953337393305,217.00478973186824,0.3467417920443297,0.25399522874318137,0.0
clarke_radius_cv,current_shape,healthy_all,1,8,192.21785726105108,237.7272069118244,213.71000433032404,0.5096577080898991,0.3392778443214975,0.125
clarke_radius_cv,current_shape,healthy_all,2,8,207.25835273460228,241.7645464448192,209.0456724144785,0.5347855241044176,0.34758654432511527,0.125
clarke_radius_cv,current_shape,healthy_all,3,8,206.36655768039358,242.67128719676674,206.90129998861266,0.41423094934547006,0.28839424372146405,0.125
clarke_radius_cv,current_shape,healthy_all,4,8,202.94840003695086,239.81143401869502,209.84856316953528,0.2549603198129,0.2014893975124229,0.125
clarke_radius_cv,current_shape,healthy_all,5,8,161.1343934739144,236.45752040766152,217.7800124092937,0.13338925610732838,0.11806648836173847,0.125
clarke_radius_cv,current_shape,healthy_all,6,8,181.9435144768717,222.92696109433524,181.9435144768717,0.06904388779255953,0.062669858583999,0.0
clarke_radius_cv,current_shape,healthy_all,7,8,117.57535171730544,105.26500909904513,117.57535171730544,0.023548905838570305,0.022140227849126923,0.0
clarke_radius_cv,current_shape,healthy_calibration,0,3,250.00632699535208,253.69257735715334,250.00632699535208,0.3907206805256207,0.28592137049855865,0.0
clarke_radius_cv,current_shape,healthy_calibration,1,3,236.71095170309596,243.941310811685,236.71095170309596,0.59570741027108,0.3889934392795053,0.0
clarke_radius_cv,current_shape,healthy_calibration,2,3,240.14212782636136,243.3989243388782,240.14212782636136,0.603604989643919,0.39401666244757605,0.0
clarke_radius_cv,current_shape,healthy_calibration,3,3,240.47236589926374,246.0712308631734,240.47236589926374,0.47310421008403053,0.33043607937101976,0.0
clarke_radius_cv,current_shape,healthy_calibration,4,3,241.7344382476366,245.53128952748506,241.7344382476366,0.2992667350102584,0.23109295455037646,0.0
clarke_radius_cv,current_shape,healthy_calibration,5,3,230.54254950383847,241.28654101010738,230.54254950383847,0.16627336313798466,0.14109550792211145,0.0
clarke_radius_cv,current_shape,healthy_calibration,6,3,226.62023817601084,235.9228296448308,226.62023817601082,0.08628005029947271,0.07841568851891313,0.0
clarke_radius_cv,current_shape,healthy_calibration,7,3,143.46975484778253,112.71874892910107,143.46975484778253,0.028868861151654327,0.027253499115416396,0.0
clarke_radius_cv,current_shape,healthy_health_test,0,4,243.34637958729823,251.97288732644756,243.34637958729823,0.39705821364930494,0.29060253968098626,0.0
clarke_radius_cv,current_shape,healthy_health_test,1,4,228.39464781405314,237.7272069118244,228.39464781405317,0.5817311071915674,0.3794861564375086,0.0
clarke_radius_cv,current_shape,healthy_health_test,2,4,236.1974292793098,244.8568432332864,236.1974292793098,0.6180204986388796,0.3987240386267086,0.0
clarke_radius_cv,current_shape,healthy_health_test,3,4,232.91358324455848,244.76765250623964,232.91358324455845,0.4740498840520752,0.32863576243842757,0.0
clarke_radius_cv,current_shape,healthy_health_test,4,4,231.49613452075866,242.96069923574632,231.49613452075866,0.2912439984066267,0.22505230250725664,0.0
clarke_radius_cv,current_shape,healthy_health_test,5,4,206.00749375532922,240.3399302711428,206.00749375532922,0.14829813982938,0.12559943508843624,0.0
clarke_radius_cv,current_shape,healthy_health_test,6,4,192.67258355391962,228.3745867786833,192.67258355391962,0.07322610304220588,0.06646908811791337,0.0
clarke_radius_cv,current_shape,healthy_health_test,7,4,124.2850430246384,109.62004748678433,124.28504302463838,0.02498412522315619,0.02356786240672583,0.0
clarke_radius_cv,current_shape,healthy_unused,4,1,-27.600652530337655,-27.600652530337655,27.600652530337655,-0.023093640154081833,0.01842710641922722,1.0
clarke_radius_cv,current_shape,healthy_unused,5,1,-226.58247574151716,-226.58247574151716,226.58247574151716,-0.024898599872847073,0.018847642773828412,1.0
clarke_radius_cv,current_shape,healthy_unused,6,1,4.997067071262609,4.997067071262609,4.997067071262609,0.000606539273234536,0.00023545064359912086,0.0
clarke_radius_cv,current_shape,healthy_unused,7,1,13.053377096542286,13.053377096542286,13.053377096542286,0.0018481623609747006,0.0010898758198629036,0.0
crest_a,current_shape,fault,0,48,-2.660836165565518,-2.389484863829634,2.9681199362479673,-0.0044342626815198115,0.003291701412018118,0.875
crest_a,current_shape,fault,1,48,-1.529524713039277,-1.7658907326994515,1.8288922717699405,-0.0035634388189216214,0.002691471479460889,0.8541666666666666
crest_a,current_shape,fault,2,48,-1.0905626989711892,-1.0269380107512311,1.3836452641552544,-0.0020328064547881428,0.0016562970725511814,0.8333333333333334
crest_a,current_shape,fault,3,48,-0.22723101514765406,0.0396140739287028,1.203704112582478,-0.0001570563280710292,0.001077504221278032,0.5
crest_a,current_shape,fault,4,48,0.8170351547030926,1.5459130215899595,2.0111634121902466,0.0004953897273914358,0.0010754572149762694,0.2708333333333333
crest_a,current_shape,fault,5,48,2.559928000368875,3.1133293670779234,3.29951928415014,0.0009447371032703932,0.000990201752271613,0.1875
crest_a,current_shape,fault,6,48,5.001686637265729,5.087404576832572,5.4507889747975495,0.0010673988629201789,0.0009255031873021706,0.125
crest_a,current_shape,fault,7,48,8.487961706118167,8.168392192594489,8.525401544825884,0.001013303732322026,0.0008412734085189675,0.041666666666666664
crest_a,current_shape,healthy_adaptation,0,1,-0.6079504118259124,-0.6079504118259124,0.6079504118259124,-0.0006515297192869953,0.0005672276975142621,1.0
crest_a,current_shape,healthy_adaptation,1,1,1.9204344093906378,1.9204344093906378,1.9204344093906378,0.0008217323477653713,0.0006544777047059448,0.0
crest_a,current_shape,healthy_adaptation,2,1,1.4357765623317968,1.4357765623317968,1.4357765623317968,0.00092637428883428,0.0007523450514297065,0.0
crest_a,current_shape,healthy_adaptation,3,1,1.051478141452831,1.051478141452831,1.051478141452831,0.0008182729919570896,0.0006403647596692771,0.0
crest_a,current_shape,healthy_all,0,8,-0.8596453136468191,-0.8908763207118091,0.8596453136468192,-0.0013324882311575685,0.000987706348169492,1.0
crest_a,current_shape,healthy_all,1,8,-0.795550592236343,-1.1669047528814065,1.2756591945840023,-0.0025259427501596156,0.0017976918314878472,0.875
crest_a,current_shape,healthy_all,2,8,-0.0155249769742455,-0.24254348193170452,0.3920222074169938,-0.0003869649066958079,0.00044735874884613546,0.75
crest_a,current_shape,healthy_all,3,8,1.0325060534602546,1.043349130571709,1.0325060534602546,0.0019100439329083892,0.0013377989875943198,0.0
crest_a,current_shape,healthy_all,4,8,1.0174232701292252,2.5102570864433584,3.2707881392550955,0.0017314587401229464,0.0028180301986335038,0.125
crest_a,current_shape,healthy_all,5,8,-10.31972274733714,4.394339420409597,17.015312368478803,0.00074961702603487,0.0033036432128115576,0.25
crest_a,current_shape,healthy_all,6,8,2.6325928134045755,6.903906686707228,7.8986557067644085,0.0016235894784531238,0.002007974600645387,0.25
crest_a,current_shape,healthy_all,7,8,2.42793047792788,-0.4209810955272186,3.0457540547145117,0.00048312269362741874,0.0005710826476510192,0.625
crest_a,current_shape,healthy_calibration,0,3,-0.9647785391711309,-0.9327639962064714,0.9647785391711308,-0.001505238470456231,0.001101497777268287,1.0
crest_a,current_shape,healthy_calibration,1,3,-1.3247486352311215,-1.1836877009196407,1.3247486352311215,-0.0033618885903397566,0.002195718930974946,1.0
crest_a,current_shape,healthy_calibration,2,3,-0.09349305637384553,-0.1147830711023411,0.1403012959999765,-0.0002329940702809329,0.0002274879116731359,0.6666666666666666
crest_a,current_shape,healthy_calibration,3,3,1.1373051553549463,1.2126808687857638,1.1373051553549463,0.002232914929371521,0.0015592404937672863,0.0
crest_a,current_shape,healthy_calibration,4,3,2.621342052081399,2.6724314883097695,2.621342052081399,0.003247419321961284,0.0025080115760293324,0.0
crest_a,current_shape,healthy_calibration,5,3,4.4546496397197375,4.5143302472692355,4.4546496397197375,0.0032187872433613357,0.0027325618739915372,0.0
crest_a,current_shape,healthy_calibration,6,3,6.905190151234073,6.83939868566795,6.905190151234073,0.0026317636633710045,0.002392974481905543,0.0
crest_a,current_shape,healthy_calibration,7,3,3.2281692218632716,-0.43337654299586753,3.92508200162209,0.000647286441477272,0.0007437807758725357,0.6666666666666666
crest_a,current_shape,healthy_health_test,0,4,-0.843719119958812,-0.9253061767545412,0.843719119958812,-0.0013731651796512153,0.0010074824390092032,1.0
crest_a,current_shape,healthy_health_test,1,4,-1.0776483103970043,-1.1272524463216347,1.0776483103970043,-0.002735902144505757,0.001784975038567999,1.0
crest_a,current_shape,healthy_health_test,2,4,-0.31987430225105606,-0.31556172135946736,0.31987430225105606,-0.0008307778328894861,0.0005360153010799925,1.0
crest_a,current_shape,healthy_health_test,3,4,0.9491637050410918,0.958243506516784,0.9491637050410918,0.0019408334207988653,0.0013460764149458553,0.0
crest_a,current_shape,healthy_health_test,4,4,2.3222048703232714,2.3379147335023642,2.322204870323272,0.0029127575952871774,0.0022506309701524844,0.0
crest_a,current_shape,healthy_health_test,5,4,2.9109522262451217,4.408455103809933,3.798252556458595,0.0020401728278897848,0.002320978802050227,0.25
crest_a,current_shape,healthy_health_test,6,4,4.930667814126487,7.093669143068592,5.774043999360373,0.0018613618392835927,0.001992962215138024,0.25
crest_a,current_shape,healthy_health_test,7,4,2.333245613689622,-0.4209810955272186,3.0462081824437717,0.00046641131765840513,0.0005758560609149746,0.75
crest_a,current_shape,healthy_unused,4,1,-9.013459476503481,-9.013459476503481,9.013459476503481,-0.007541618426048992,0.006017682980370096,1.0
crest_a,current_shape,healthy_unused,5,1,-107.56553980283682,-107.56553980283682,107.56553980283682,-0.011820116833364187,0.008947544872316943,1.0
crest_a,current_shape,healthy_unused,6,1,-19.377499202971563,-19.377499202971563,19.377499202971563,-0.0023520225196223933,0.0009130244988943711,1.0
crest_a,current_shape,healthy_unused,7,1,0.4059537030747377,0.4059537030747377,0.4059537030747377,5.7476953953913486e-05,3.389460993064847e-05,0.0
crest_b,current_shape,fault,0,48,2.401805057659811,0.8313696678683631,2.5073541313767858,0.004007701327422568,0.0027447235895480936,0.0625
crest_b,current_shape,fault,1,48,-0.6258360825408439,-0.6313288018665264,1.2588939849179857,-0.0009722436806155667,0.0017839889774234313,0.8541666666666666
crest_b,current_shape,fault,2,48,-1.4660306736547322,-1.477650488432055,1.471001764366724,-0.0021617377879064835,0.00153168864043007,0.9583333333333334
crest_b,current_shape,fault,3,48,-1.9642883072742094,-1.8344742656098738,1.995434631635094,-0.002050844318297515,0.0015540344813299905,0.9166666666666666
crest_b,current_shape,fault,4,48,-2.59136510795264,-1.9169648090433458,2.59136510795264,-0.0017872555078379418,0.0013898295748571005,1.0
crest_b,current_shape,fault,5,48,-2.3410950302994658,-1.743386699139596,2.82033374646592,-0.0010220653697529682,0.0008727211846818011,0.9375
crest_b,current_shape,fault,6,48,-2.29188934020045,-1.6041750504581138,2.381866460168956,-0.0004267797280146665,0.0004029802726823444,0.8958333333333334
crest_b,current_shape,fault,7,48,-1.2356407085108938,-0.9093526959901979,1.9536984166585778,-6.072179798994318e-05,0.00013425756559132823,0.5625
crest_b,current_shape,healthy_adaptation,0,1,-0.13221716704108538,-0.13221716704108538,0.13221716704108538,-0.0001416948028186671,0.00012336078366544315,1.0
crest_b,current_shape,healthy_adaptation,1,1,-0.10592627313404492,-0.10592627313404492,0.10592627313404492,-4.5324664402411867e-05,3.6099324074714046e-05,1.0
crest_b,current_shape,healthy_adaptation,2,1,-0.9475433735121815,-0.9475433735121815,0.9475433735121815,-0.000611362409587888,0.0004965114954371006,1.0
crest_b,current_shape,healthy_adaptation,3,1,0.721004853856864,0.721004853856864,0.721004853856864,0.0005610946872997897,0.00043910194778038093,0.0
crest_b,current_shape,healthy_all,0,8,0.45480035383297734,0.5675452086528968,0.48785464559324865,0.0007350282647384459,0.0005660652486348224,0.125
crest_b,current_shape,healthy_all,1,8,-0.35678216284602093,-0.3863653318186583,0.356782162846021,-0.0008875462816731851,0.0005798861080053388,1.0
crest_b,current_shape,healthy_all,2,8,-0.23953863838776476,-0.12398005203350496,0.23953863838776476,-0.00038592980853542153,0.0002628299666972614,1.0
crest_b,current_shape,healthy_all,3,8,0.25626016197371254,0.1820487568801345,0.2562601619737126,0.00040511798136619933,0.00028791248151651517,0.0
crest_b,current_shape,healthy_all,4,8,0.12370081741911573,0.5169072457758227,0.8461876434385122,0.00030223583954459274,0.0007081908057493722,0.125
crest_b,current_shape,healthy_all,5,8,-47.44724923544212,0.9758181674462616,49.03853072165351,-0.005405207109738172,0.0050885125875345695,0.25
crest_b,current_shape,healthy_all,6,8,-5.2250327244626575,1.7051791319783458,7.921504380937926,-0.0006996947604243158,0.0012533906235765268,0.25
crest_b,current_shape,healthy_all,7,8,-10.894098553460058,-17.90592397601312,13.32539220613297,-0.002235121806582946,0.0024863947248325237,0.625
crest_b,current_shape,healthy_calibration,0,3,0.588177797619408,0.5939346449644077,0.5881777976194079,0.0009202250375547234,0.0006735320598814666,0.0
crest_b,current_shape,healthy_calibration,1,3,-0.35269876593297983,-0.35249859541347095,0.35269876593297983,-0.0008933891780151471,0.0005834735125843747,1.0
crest_b,current_shape,healthy_calibration,2,3,-0.11021760924079897,-0.11589737358936779,0.11021760924079897,-0.00027581132912627717,0.00018003257395908078,1.0
crest_b,current_shape,healthy_calibration,3,3,0.2003969144682715,0.1766620349316112,0.2003969144682715,0.00039074293552986405,0.0002727460121795031,0.0
crest_b,current_shape,healthy_calibration,4,3,0.5406911811619936,0.5688633453832536,0.5406911811619936,0.0006679065340400182,0.0005157293918642702,0.0
crest_b,current_shape,healthy_calibration,5,3,1.0130713995685208,1.0555972743746211,1.0130713995685208,0.0007296294599169008,0.0006189493333584806,0.0
crest_b,current_shape,healthy_calibration,6,3,1.7832360775441618,1.756746173352098,1.7832360775441618,0.0006791890463997103,0.0006173934522571063,0.0
crest_b,current_shape,healthy_calibration,7,3,-12.280089149052744,-19.272073958530196,14.171375696092225,-0.0024823035066207596,0.0027033016650154767,0.6666666666666666
crest_b,current_shape,healthy_health_test,0,4,0.5015216512116699,0.5226069709384555,0.50152165121167,0.000815311452015516,0.000596141256442184,0.0
crest_b,current_shape,healthy_health_test,1,4,-0.42255868295879584,-0.40547811096989417,0.42255868295879584,-0.001093719513734407,0.000713142250553718,1.0
crest_b,current_shape,healthy_health_test,2,4,-0.15952822646688494,-0.16182005239931774,0.15952822646688494,-0.00041216051782916313,0.00026650762906593707,1.0
crest_b,current_shape,healthy_health_test,3,4,0.1819714246320055,0.1802527847291257,0.18197142463200547,0.00037690508926005315,0.00026148996695330774,0.0
crest_b,current_shape,healthy_health_test,4,4,0.5643700749861327,0.5431593814377932,0.5643700749861327,0.000708051065352927,0.0005472285213108546,0.0
crest_b,current_shape,healthy_health_test,5,4,-1.1533195616993173,1.0439698516051124,2.8162754347693233,-0.0009731520680756633,0.001852007729565048,0.25
crest_b,current_shape,healthy_health_test,6,4,-1.6567357909925224,1.7492959867798459,4.374824987626816,-0.0006791196404626603,0.0015663975201286073,0.25
crest_b,current_shape,healthy_health_test,7,4,-13.604780432870847,-18.185367566155215,14.995602452456481,-0.0027538742472599594,0.0028595942940795307,0.75
crest_b,current_shape,healthy_unused,4,1,-2.8899473040775856,-2.8899473040775856,2.8899473040775856,-0.0024180371471750205,0.0019294241851587485,1.0
crest_b,current_shape,healthy_unused,5,1,-378.00392983544526,-378.00392983544526,378.00392983544526,-0.04153793698535343,0.03144322178194092,1.0
crest_b,current_shape,healthy_unused,6,1,-40.52302686436366,-40.52302686436366,40.52302686436366,-0.004918646660743016,0.0019093545513264682,1.0
crest_b,current_shape,healthy_unused,7,1,4.106600750961156,4.106600750961156,4.106600750961156,0.0005814330562385482,0.0003428756272956345,0.0
crest_c,current_shape,fault,0,48,-1.3184723957289368,-1.404047606519911,1.353807275155549,-0.0021331535496815473,0.0015007061382745412,0.9375
crest_c,current_shape,fault,1,48,-1.4875411254499291,-1.807969769220319,1.493185590300678,-0.003397931499660965,0.0021720306552444448,0.9791666666666666
crest_c,current_shape,fault,2,48,-2.1940037544242115,-2.432731061441704,2.2209099509705603,-0.00421921818233903,0.0028343289084032303,0.9791666666666666
crest_c,current_shape,fault,3,48,-2.6799595134350835,-2.989204045090394,2.950307224751884,-0.003306091621093172,0.0024507277018496255,0.9583333333333334
crest_c,current_shape,fault,4,48,-3.677916959389196,-3.739161858652693,3.714445244195403,-0.002325396723122427,0.0018364948718592544,0.9791666666666666
crest_c,current_shape,fault,5,48,-4.174385160009303,-4.389274918428585,4.920749090175932,-0.001535892374769304,0.0013049570767059108,0.9375
crest_c,current_shape,fault,6,48,-5.741549031670172,-5.261148882783338,5.741549031670172,-0.0010435197720048558,0.0008883786954984952,1.0
crest_c,current_shape,fault,7,48,-7.253047585336335,-6.686865554508703,7.253047585336335,-0.0007282095887179421,0.0006237701137367959,1.0
crest_c,current_shape,healthy_adaptation,0,1,-0.20717689098351702,-0.20717689098351702,0.20717689098351702,-0.00022202781509735297,0.0001932994345670329,1.0
crest_c,current_shape,healthy_adaptation,1,1,-83.083150898612,-83.083150898612,83.083150898612,-0.03555034856375235,0.028314463453669843,1.0
crest_c,current_shape,healthy_adaptation,2,1,-62.885905898132805,-62.885905898132805,62.885905898132805,-0.04057447926261645,0.03295213290729355,1.0
crest_c,current_shape,healthy_adaptation,3,1,-49.14061458270664,-49.14061458270664,49.14061458270664,-0.03824181990663415,0.029927315278067676,1.0
crest_c,current_shape,healthy_all,0,8,-0.8703562863743919,-0.9813365202086568,0.8703562863743919,-0.0013793972443642151,0.0010153343497862155,1.0
crest_c,current_shape,healthy_all,1,8,-11.1125023280543,-0.7762574614791508,11.112502328054298,-0.006295120766093644,0.004747466156659282,1.0
crest_c,current_shape,healthy_all,2,8,-8.966905650808616,-1.2711572527633201,8.966905650808618,-0.007926783140381205,0.005969284420845751,1.0
crest_c,current_shape,healthy_all,3,8,-7.633230221033376,-1.7478265126168746,7.633230221033376,-0.0077826503592568225,0.005829313803630478,1.0
crest_c,current_shape,healthy_all,4,8,-5.612856442919261,-2.2489725811526418,5.612856442919261,-0.00550543895467132,0.004331411346406523,1.0
crest_c,current_shape,healthy_all,5,8,-1.4046571715767444,-2.8712797927134965,3.6652867843883548,-0.0017220507114178278,0.001663064213868978,0.875
crest_c,current_shape,healthy_all,6,8,-3.185330826922315,-3.698138760128564,3.185330826922315,-0.0012150884645400583,0.0011049547045392507,1.0
crest_c,current_shape,healthy_all,7,8,-4.38848171852456,-4.8700643698508355,4.409167458166474,-0.0008856480536352073,0.0008379809184881197,0.875
crest_c,current_shape,healthy_calibration,0,3,-1.0580840912522742,-1.06874691294832,1.0580840912522742,-0.0016513126839510603,0.001208700386165779,1.0
crest_c,current_shape,healthy_calibration,1,3,-0.937131663415681,-0.9153260048101131,0.937131663415681,-0.002366751326675719,0.0015455573865109388,1.0
crest_c,current_shape,healthy_calibration,2,3,-1.3107185756295203,-1.2974236220083064,1.3107185756295203,-0.0032977533495092705,0.0021523248976388753,1.0
crest_c,current_shape,healthy_calibration,3,3,-1.7134306014883995,-1.7405200558602896,1.7134306014883995,-0.0033758189003258465,0.0023580786165750844,1.0
crest_c,current_shape,healthy_calibration,4,3,-2.2701764647494844,-2.2596854497952457,2.2701764647494844,-0.0028139279325282,0.002173250268431194,1.0
crest_c,current_shape,healthy_calibration,5,3,-2.855409488741291,-2.867615703736736,2.855409488741291,-0.002064205319371586,0.0017525776751568603,1.0
crest_c,current_shape,healthy_calibration,6,3,-3.676430440814127,-3.7257274260372637,3.6764304408141277,-0.0014009897186967382,0.0012737987356794577,1.0
crest_c,current_shape,healthy_calibration,7,3,-5.106908962801335,-4.899330543523953,5.106908962801335,-0.001029510982514595,0.0009721994078807698,1.0
crest_c,current_shape,healthy_health_test,0,4,-0.8953552815636988,-0.9813365202086568,0.8953552815636988,-0.0014648030219907965,0.0010758185513063383,1.0
crest_c,current_shape,healthy_health_test,1,4,-0.7513681838938361,-0.7423603457651402,0.7513681838938361,-0.0019275908962424102,0.0012571484100178977,1.0
crest_c,current_shape,healthy_health_test,2,4,-1.2292958953618924,-1.2166632079670854,1.2292958953618927,-0.0032366314529763437,0.002086291941638958,1.0
crest_c,current_shape,healthy_health_test,3,4,-1.6962338452737924,-1.7338166980493992,1.6962338452737924,-0.0034729815666107214,0.002408239825312724,1.0
crest_c,current_shape,healthy_health_test,4,4,-2.1774893012157515,-2.2297997138916426,2.1774893012157515,-0.0027543294162438114,0.0021287258861840096,1.0
crest_c,current_shape,healthy_health_test,5,4,-2.9283868394091312,-2.8848338446358883,2.9283868394091312,-0.002144362550168504,0.0018236508875095522,1.0
crest_c,current_shape,healthy_health_test,6,4,-3.5996543543665385,-3.7113194600485384,3.599654354366539,-0.0013777736321737137,0.001253915575698767,1.0
crest_c,current_shape,healthy_health_test,7,4,-4.967467454590032,-5.130057100892262,4.967467454590032,-0.001002091660775825,0.0009450851504323431,1.0
crest_c,current_shape,healthy_unused,4,1,-29.38236494424263,-29.38236494424263,29.38236494424263,-0.024584410174810712,0.01961663642122256,1.0
crest_c,current_shape,healthy_unused,5,1,9.042518451246442,9.042518451246442,9.042518451246442,0.0009936604674461505,0.000752177135443034,0.0
crest_c,current_shape,healthy_unused,6,1,-0.05473787546998569,-0.05473787546998569,0.05473787546998569,-6.644031535397992e-06,2.5791264805657756e-06,1.0
crest_c,current_shape,healthy_unused,7,1,0.08274295856765206,0.08274295856765206,0.08274295856765206,1.1715161565425957e-05,6.908522533275296e-06,0.0
fundamental_amplitude_cv,current_shape,fault,0,48,5.065505140939506,7.4173327738366925,8.857993706739808,0.00896595201249456,0.009638850427609813,0.125
fundamental_amplitude_cv,current_shape,fault,1,48,-12.4489782233016,-3.4061923790826834,17.71726973184974,-0.016199975989341694,0.020275179854866616,0.5833333333333334
fundamental_amplitude_cv,current_shape,fault,2,48,-39.963579320506106,-27.32605962899875,42.343395991343975,-0.03772107336055905,0.031546732259547954,0.7083333333333334
fundamental_amplitude_cv,current_shape,fault,3,48,-82.27318804469324,-52.91513099024996,83.39230113668145,-0.044645689649345115,0.03619067854038934,0.8333333333333334
fundamental_amplitude_cv,current_shape,fault,4,48,-206.46036179134413,-92.01441276369633,207.57498244471265,-0.04821785741838175,0.039807998005550606,0.875
fundamental_amplitude_cv,current_shape,fault,5,48,-431.49592589183993,-142.9542818343951,432.26482769875616,-0.05247869332618311,0.042041468138676284,0.9166666666666666
fundamental_amplitude_cv,current_shape,fault,6,48,-701.6586649372344,-235.50870152505615,702.0514480114108,-0.05690084488001179,0.044446704150323445,0.9583333333333334
fundamental_amplitude_cv,current_shape,fault,7,48,-802.3834305196757,-413.62929343003447,802.3834305196757,-0.05632795170120832,0.04337305353453136,1.0
fundamental_amplitude_cv,current_shape,healthy_adaptation,0,1,66.50549601824827,66.50549601824827,66.50549601824827,0.07127276552321735,0.0620507176978065,0.0
fundamental_amplitude_cv,current_shape,healthy_adaptation,1,1,113.92356610966328,113.92356610966328,113.92356610966328,0.04874661638394692,0.03882477511066194,0.0
fundamental_amplitude_cv,current_shape,healthy_adaptation,2,1,-7.443970721525896,-7.443970721525896,7.443970721525896,-0.004802908240859809,0.003900630977171093,1.0
fundamental_amplitude_cv,current_shape,healthy_adaptation,3,1,19.23126307160965,19.23126307160965,19.23126307160965,0.014966001243712826,0.011712105720022147,0.0
fundamental_amplitude_cv,current_shape,healthy_all,0,8,21.913430264131705,16.54563400625943,21.913430264131705,0.030631386479813002,0.023652869841717196,0.0
fundamental_amplitude_cv,current_shape,healthy_all,1,8,24.774155460811183,12.232444288638298,24.774155460811183,0.0330208181677016,0.02242148988045647,0.0
fundamental_amplitude_cv,current_shape,healthy_all,2,8,9.909359460420156,12.12998262994071,11.77035214080163,0.027345455596250175,0.018590317120961413,0.125
fundamental_amplitude_cv,current_shape,healthy_all,3,8,13.136350474429959,13.784733208853467,13.13635047442996,0.023145938710384836,0.016253513277900155,0.0
fundamental_amplitude_cv,current_shape,healthy_all,4,8,24.166897347831373,14.159992588986785,24.166897347831373,0.025078195099455903,0.019634613427967712,0.0
fundamental_amplitude_cv,current_shape,healthy_all,5,8,50.46876306307504,14.299563204476366,50.46876306307504,0.01185454232511731,0.009639952967347716,0.0
fundamental_amplitude_cv,current_shape,healthy_all,6,8,-35.243758266128026,12.88369011846746,56.357865557711584,-0.0016289602060610673,0.005884467589682893,0.25
fundamental_amplitude_cv,current_shape,healthy_all,7,8,-39.32187548874418,1.142281689332928,47.94929073946035,-0.005384289344164583,0.004583543907052572,0.375
fundamental_amplitude_cv,current_shape,healthy_calibration,0,3,16.350456224227177,15.936776879821625,16.350456224227177,0.02555334539473002,0.018701663034861357,0.0
fundamental_amplitude_cv,current_shape,healthy_calibration,1,3,12.133466853566853,12.365168706306934,12.133466853566853,0.030639553414413944,0.020008801438379967,0.0
fundamental_amplitude_cv,current_shape,healthy_calibration,2,3,11.660422551498485,11.967500646627746,11.660422551498485,0.029185515170273083,0.019049111052770278,0.0
fundamental_amplitude_cv,current_shape,healthy_calibration,3,3,12.633638581123742,13.170492388111574,12.633638581123742,0.02476104756408457,0.017288747412820372,0.0
fundamental_amplitude_cv,current_shape,healthy_calibration,4,3,13.6237615735417,14.01614555511421,13.6237615735417,0.016832172738891905,0.012993463903475338,0.0
fundamental_amplitude_cv,current_shape,healthy_calibration,5,3,13.223235065148138,13.875256323822287,13.223235065148138,0.009529864488852104,0.008085439865190832,0.0
fundamental_amplitude_cv,current_shape,healthy_calibration,6,3,13.660889069336063,13.590084925343993,13.66088906933606,0.005201927791233014,0.004728171629744063,0.0
fundamental_amplitude_cv,current_shape,healthy_calibration,7,3,4.661364777829731,1.881517077137228,5.816957378217253,0.0009348239434649892,0.0011032538381955783,0.3333333333333333
fundamental_amplitude_cv,current_shape,healthy_health_test,0,4,14.937644355530958,14.77398166171146,14.937644355530956,0.02427957253277415,0.017766812982836746,0.0
fundamental_amplitude_cv,current_shape,healthy_health_test,1,4,11.967319254031406,11.681883532019276,11.967319254031406,0.030875317178606018,0.02013018490446248,0.0
fundamental_amplitude_cv,current_shape,healthy_health_test,2,4,12.934394687597921,12.735470055363752,12.934394687597921,0.034002501875010485,0.021918643208052344,0.0
fundamental_amplitude_cv,current_shape,healthy_health_test,3,4,11.989656245114697,13.581588065115714,11.989656245114697,0.02397959143677804,0.016612439566179492,0.0
fundamental_amplitude_cv,current_shape,healthy_health_test,4,4,13.404969442389508,13.558257390677209,13.404969442389508,0.016856407590784942,0.01302624717423718,0.0
fundamental_amplitude_cv,current_shape,healthy_health_test,5,4,10.905932649924305,13.670656171026327,10.905932649924306,0.0077581343488415605,0.006551748422826236,0.0
fundamental_amplitude_cv,current_shape,healthy_health_test,6,4,10.306195184290008,13.141239525754594,11.430685794873025,0.003890907373942698,0.003933234202098975,0.25
fundamental_amplitude_cv,current_shape,healthy_health_test,7,4,2.8440034659960993,1.849674098690983,6.5520854184009885,0.0005627313365801755,0.0012440304110638955,0.25
fundamental_amplitude_cv,current_shape,healthy_unused,4,1,98.84401629246786,98.84401629246786,98.84401629246786,0.08270341221583175,0.06599152701636696,0.0
fundamental_amplitude_cv,current_shape,healthy_unused,5,1,320.45666870945865,320.45666870945865,320.45666870945865,0.035214207739015936,0.02665631045190429,0.0
fundamental_amplitude_cv,current_shape,healthy_unused,6,1,-364.1575140741924,-364.1575140741924,364.1575140741924,-0.044201094517958374,0.01715828901983505,1.0
fundamental_amplitude_cv,current_shape,healthy_unused,7,1,-339.9351121074271,-339.9351121074271,339.9351121074271,-0.04812971193003233,0.028382468097578255,1.0
fundamental_hz,speed_proxy,fault,0,48,21.625197899304798,21.400488329362602,21.625197899304798,0.03491952429501777,0.024228732959167536,0.0
fundamental_hz,speed_proxy,fault,1,48,4.764255114619044,5.541218424393334,4.764255114619044,0.01287812483600123,0.007830189825878159,0.0
fundamental_hz,speed_proxy,fault,2,48,26.358366020203892,29.219937742533197,26.358366020203892,0.052331716948504636,0.035162789937782414,0.0
fundamental_hz,speed_proxy,fault,3,48,131.7680871462318,136.84051807323107,131.7680871462318,0.16863208902156965,0.123685320785152,0.0
fundamental_hz,speed_proxy,fault,4,48,410.62496703557576,423.0981450021376,410.62496703557576,0.2749102220297541,0.21696794903772565,0.0
fundamental_hz,speed_proxy,fault,5,48,959.1393196622802,981.1975588913897,959.1393196622803,0.3496246171394343,0.28962460632759907,0.0
fundamental_hz,speed_proxy,fault,6,48,2084.8696651772243,2183.10921424553,2084.8696651772243,0.41469282970818017,0.35188235413755437,0.0
fundamental_hz,speed_proxy,fault,7,48,4248.454053461116,4541.934239847624,4248.454053461116,0.46595009883156285,0.3962937229051548,0.0
fundamental_hz,speed_proxy,healthy_adaptation,0,1,28.34581636780861,28.34581636780861,28.34581636780861,0.03037771078337133,0.02644711121123194,0.0
fundamental_hz,speed_proxy,healthy_adaptation,1,1,4.909789478576616,4.909789478576616,4.909789478576616,0.0021008438588353846,0.0016732400402822557,0.0
fundamental_hz,speed_proxy,healthy_adaptation,2,1,9.257325504040384,9.257325504040384,9.257325504040384,0.005972898956078003,0.004850826524934809,0.0
fundamental_hz,speed_proxy,healthy_adaptation,3,1,76.4507516158701,76.4507516158701,76.4507516158701,0.059494898463272196,0.04655956719879034,0.0
fundamental_hz,speed_proxy,healthy_all,0,8,21.043019355786154,20.10464670887118,21.043019355786154,0.03192890945974261,0.02392147508023585,0.0
fundamental_hz,speed_proxy,healthy_all,1,8,8.292653974461835,9.363935254680133,8.292653974461835,0.019858382434619154,0.012995558360448457,0.0
fundamental_hz,speed_proxy,healthy_all,2,8,22.36882260403624,16.596027897304893,22.368822604036236,0.05516319422598332,0.03594816153349285,0.0
fundamental_hz,speed_proxy,healthy_all,3,8,141.51884778951575,150.81486079131759,141.51884778951575,0.2741475383991899,0.19136191723993287,0.0
fundamental_hz,speed_proxy,healthy_all,4,8,440.3157889949039,457.58761618295273,440.3157889949039,0.5365498922670668,0.41544861208247497,0.0
fundamental_hz,speed_proxy,healthy_all,5,8,972.8344648795455,1049.242614990682,972.8344648795455,0.6746782731241623,0.5727320635659298,0.0
fundamental_hz,speed_proxy,healthy_all,6,8,2187.737855128688,2296.9217146271685,2187.7378551286874,0.791126921251145,0.7089264418798121,0.0
fundamental_hz,speed_proxy,healthy_all,7,8,4383.772034812956,4707.295241223928,4383.772034812956,0.8676159018261856,0.8045342182401449,0.0
fundamental_hz,speed_proxy,healthy_calibration,0,3,20.150116489152428,20.27673294479279,20.150116489152428,0.03152815671244855,0.02307482566641481,0.0
fundamental_hz,speed_proxy,healthy_calibration,1,3,7.743928543017969,9.340378656098263,7.743928543017969,0.019575894797423478,0.012784843485191535,0.0
fundamental_hz,speed_proxy,healthy_calibration,2,3,34.5753077899705,34.58373270597298,34.5753077899705,0.08707154112568978,0.056840283680420635,0.0
fundamental_hz,speed_proxy,healthy_calibration,3,3,151.14784711472086,151.17220062391672,151.14784711472086,0.29815424747754193,0.20829024222324574,0.0
fundamental_hz,speed_proxy,healthy_calibration,4,3,458.2185874330499,457.9227166967109,458.2185874330499,0.5681299457682627,0.43881167758041273,0.0
fundamental_hz,speed_proxy,healthy_calibration,5,3,1048.5616062964984,1048.8352830341491,1048.5616062964984,0.7582041978400967,0.6437786286811121,0.0
fundamental_hz,speed_proxy,healthy_calibration,6,3,2296.8992548644137,2296.7535775393435,2296.8992548644137,0.8754840395829743,0.7960812451933252,0.0
fundamental_hz,speed_proxy,healthy_calibration,7,3,4686.419699449661,4712.134789623166,4686.419699449661,0.9447628673338686,0.8921634988480204,0.0
fundamental_hz,speed_proxy,healthy_health_test,0,4,19.886997252755833,19.873525345440623,19.886997252755833,0.03261727368930597,0.02392505310785261,0.0
fundamental_hz,speed_proxy,healthy_health_test,1,4,9.549914172016042,9.5991365279374,9.549914172016042,0.024509632806461852,0.0159841740969327,0.0
fundamental_hz,speed_proxy,healthy_health_test,2,4,16.491832989584502,16.48606439640674,16.491832989584502,0.043529507868679804,0.028053403675436538,0.0
fundamental_hz,speed_proxy,healthy_health_test,3,4,150.56412233902333,150.5798475943162,150.56412233902336,0.3098056665744053,0.21486626101273384,0.0
fundamental_hz,speed_proxy,healthy_health_test,4,4,457.69718775855034,457.8637793576414,457.69718775855034,0.5806762397211314,0.4488648979547833,0.0
fundamental_hz,speed_proxy,healthy_health_test,5,4,1051.3060850341597,1049.7474035433793,1051.3060850341597,0.7688419522941974,0.6536513258835028,0.0
fundamental_hz,speed_proxy,healthy_health_test,6,4,2304.9635896649716,2298.334756310247,2304.9635896649716,0.8834206043838165,0.80440261501577,0.0
fundamental_hz,speed_proxy,healthy_health_test,7,4,4691.543578275205,4707.920209372192,4691.543578275205,0.9472041749590068,0.8930902945246797,0.0
fundamental_hz,speed_proxy,healthy_unused,4,1,317.08179862588054,317.08179862588054,317.08179862588054,0.26530434194722075,0.2116942720994284,0.0
fundamental_hz,speed_proxy,healthy_unused,5,1,431.7665600102308,431.7665600102308,431.7665600102308,0.04744578229621902,0.03591531895008982,0.0
fundamental_hz,speed_proxy,healthy_unused,6,1,1391.350717776375,1391.350717776375,1391.350717776375,0.16888083372497184,0.06555733939544121,0.0
fundamental_hz,speed_proxy,healthy_unused,7,1,2244.7428670538443,2244.7428670538443,2244.7428670538443,0.31782191277185184,0.18742207127837937,0.0
harmonic_2_ratio_max,harmonic_sideband,fault,0,48,-2.8685017785859865,-3.2666171921876628,3.046132759852364,-0.0047157237063436015,0.003407790955548587,0.9583333333333334
harmonic_2_ratio_max,harmonic_sideband,fault,1,48,0.35833513236350284,-0.7939729676359629,1.9422208664283769,-0.0004032356230165897,0.0025118965571288786,0.5625
harmonic_2_ratio_max,harmonic_sideband,fault,2,48,2.3035193041736655,1.9052740676770863,3.0827491196254306,0.0019274536337790928,0.0028679791765017903,0.2708333333333333
harmonic_2_ratio_max,harmonic_sideband,fault,3,48,4.5666132886212845,3.9689886244783015,5.384063820691227,0.002430399241812693,0.0031383413609918764,0.20833333333333334
harmonic_2_ratio_max,harmonic_sideband,fault,4,48,6.514997989785282,6.080358355041636,7.42472021488888,0.0022684784789225713,0.002720432454447237,0.125
harmonic_2_ratio_max,harmonic_sideband,fault,5,48,8.306982685665858,7.926343468450984,9.18949720521219,0.0018560043195611257,0.0020244990865743704,0.08333333333333333
harmonic_2_ratio_max,harmonic_sideband,fault,6,48,10.10038279900551,9.955918229528535,10.715352899755297,0.0014676832720413877,0.001397244551067334,0.0625
harmonic_2_ratio_max,harmonic_sideband,fault,7,48,57.46188463099619,12.271976766466697,57.47847927119957,0.0026354434876214184,0.0017143972408583787,0.020833333333333332
harmonic_2_ratio_max,harmonic_sideband,healthy_adaptation,0,1,2.6582616174807505,2.6582616174807505,2.6582616174807505,0.002848812027656904,0.0024802016535288027,0.0
harmonic_2_ratio_max,harmonic_sideband,healthy_adaptation,1,1,2.060294362600017,2.060294362600017,2.060294362600017,0.0008815768533351111,0.0007021415148882462,0.0
harmonic_2_ratio_max,harmonic_sideband,healthy_adaptation,2,1,0.9828141680073595,0.9828141680073595,0.9828141680073595,0.0006341194025799075,0.0005149933458827893,0.0
harmonic_2_ratio_max,harmonic_sideband,healthy_adaptation,3,1,3.054822188858535,3.054822188858535,3.054822188858535,0.002377299530849367,0.001860429047148695,0.0
harmonic_2_ratio_max,harmonic_sideband,healthy_all,0,8,-2.76626461641954,-3.5002922225531465,3.4308300207897275,-0.004619232767477263,0.003954765038014777,0.875
harmonic_2_ratio_max,harmonic_sideband,healthy_all,1,8,-1.6244758000175055,-2.169350428840061,2.1395493906675096,-0.004657333495060802,0.003199235522450709,0.875
harmonic_2_ratio_max,harmonic_sideband,healthy_all,2,8,-1.7784900075813581,-2.1784297203394654,2.024193549583198,-0.004814084031681726,0.003237461982089189,0.875
harmonic_2_ratio_max,harmonic_sideband,healthy_all,3,8,-1.6078724274026428,-2.273126731442032,2.371577974617277,-0.0037011465073510798,0.0030137802187623027,0.875
harmonic_2_ratio_max,harmonic_sideband,healthy_all,4,8,-1.713568424679261,-2.528954692144817,2.7093904298691545,-0.002347205858202464,0.0024677482549013965,0.875
harmonic_2_ratio_max,harmonic_sideband,healthy_all,5,8,-2.5562162495586227,-2.913976065087504,2.6272877388661398,-0.0018847223253365194,0.0016082566646988972,0.875
harmonic_2_ratio_max,harmonic_sideband,healthy_all,6,8,24.736444144956565,-3.306614971676803,30.86847241581243,0.002199927199929754,0.0023797483499592128,0.875
harmonic_2_ratio_max,harmonic_sideband,healthy_all,7,8,-6.173311629316905,-7.98446121122463,6.642093343717528,-0.0012606778900560239,0.0012405250215166167,0.875
harmonic_2_ratio_max,harmonic_sideband,healthy_calibration,0,3,-3.590918299067013,-3.666856805951118,3.590918299067013,-0.005615339248594017,0.004109287911247742,1.0
harmonic_2_ratio_max,harmonic_sideband,healthy_calibration,1,3,-2.268372644454468,-2.2342355720192257,2.268372644454468,-0.0057082001854369055,0.0037273775714039632,1.0
harmonic_2_ratio_max,harmonic_sideband,healthy_calibration,2,3,-2.1811623737642503,-2.1417373581121697,2.1811623737642503,-0.005491390448215446,0.0035851513210729768,1.0
harmonic_2_ratio_max,harmonic_sideband,healthy_calibration,3,3,-2.35052500561695,-2.3697411750684325,2.35052500561695,-0.004628317045535119,0.003232862601752696,1.0
harmonic_2_ratio_max,harmonic_sideband,healthy_calibration,4,3,-2.612001077637595,-2.6313666779571308,2.612001077637595,-0.0032335570677630766,0.002497346153162027,1.0
harmonic_2_ratio_max,harmonic_sideband,healthy_calibration,5,3,-2.815233446826913,-2.82369783541305,2.815233446826913,-0.002032860670370057,0.0017255280793868092,1.0
harmonic_2_ratio_max,harmonic_sideband,healthy_calibration,6,3,-3.2258729121374414,-3.2813293513250144,3.2258729121374414,-0.001229078818370797,0.0011174099590336405,1.0
harmonic_2_ratio_max,harmonic_sideband,healthy_calibration,7,3,-7.261310665895066,-8.71252275140397,7.261310665895066,-0.0014652712613397803,0.0013839255201579432,1.0
harmonic_2_ratio_max,harmonic_sideband,healthy_health_test,0,4,-3.5039059129090075,-3.5002922225531465,3.5039059129090075,-0.005739164105423239,0.004207513729211547,1.0
harmonic_2_ratio_max,harmonic_sideband,healthy_health_test,1,4,-2.062745707344164,-2.169350428840061,2.062745707344164,-0.005253911064377702,0.0034274024876263837,1.0
harmonic_2_ratio_max,harmonic_sideband,healthy_health_test,2,4,-2.166811776841368,-2.2238943325395386,2.166811776841368,-0.0056681550778468455,0.0036573121369029493,1.0
harmonic_2_ratio_max,harmonic_sideband,healthy_health_test,3,4,-2.2165566478072067,-2.2392268597246305,2.216556647807207,-0.004525380113263162,0.0031378062244229094,1.0
harmonic_2_ratio_max,harmonic_sideband,healthy_health_test,4,4,-2.4639580463202195,-2.493240295370571,2.4639580463202195,-0.0031024544717495064,0.002397643263278992,1.0
harmonic_2_ratio_max,harmonic_sideband,healthy_health_test,5,4,-3.0720789033045772,-3.0522095167737557,3.0720789033045772,-0.0022526090218446797,0.0019164553826409541,1.0
harmonic_2_ratio_max,harmonic_sideband,healthy_health_test,6,4,-3.712623586752785,-3.4101887901472376,3.712623586752785,-0.0014276086490260334,0.0013014597096958284,1.0
harmonic_2_ratio_max,harmonic_sideband,healthy_health_test,7,4,-7.369421973613134,-8.079453874460462,7.369421973613134,-0.0014887747918750894,0.0014039655447116522,1.0
harmonic_2_ratio_max,harmonic_sideband,healthy_unused,4,1,3.9832880207595727,3.9832880207595727,3.9832880207595727,0.0033328422246675436,0.002659374526609124,0.0
harmonic_2_ratio_max,harmonic_sideband,healthy_unused,5,1,0.28428595723006755,0.28428595723006755,0.28428595723006755,3.1239495796734265e-05,2.3647548866932948e-05,0.0
harmonic_2_ratio_max,harmonic_sideband,healthy_unused,6,1,222.41966624307597,222.41966624307597,222.41966624307597,0.026997088650654557,0.010479918083789468,0.0
harmonic_2_ratio_max,harmonic_sideband,healthy_unused,7,1,1.875126857602492,1.875126857602492,1.875126857602492,0.00026548983107150723,0.00015656143281249498,0.0
harmonic_2_ratio_mean,harmonic_sideband,fault,0,48,8.527804571864264,4.369622142443808,8.580811266382332,0.01415233142550474,0.00955619610459253,0.020833333333333332
harmonic_2_ratio_mean,harmonic_sideband,fault,1,48,2.326795592700544,1.0877571076662829,2.473032528430074,0.0065107010217551236,0.00392735145101795,0.16666666666666666
harmonic_2_ratio_mean,harmonic_sideband,fault,2,48,2.5329514655544387,1.4761839197918039,2.5329514655544387,0.005607679456148758,0.003549066527480865,0.0
harmonic_2_ratio_mean,harmonic_sideband,fault,3,48,3.3512529819149304,2.297546896389064,3.3512529819149304,0.004350502719795016,0.003106539360497446,0.0
harmonic_2_ratio_mean,harmonic_sideband,fault,4,48,3.4143944409310176,2.429162972359907,3.4143944409310176,0.0026953140274710127,0.002083866583300046,0.0
harmonic_2_ratio_mean,harmonic_sideband,fault,5,48,2.3793995371225667,1.6613610991334888,2.446182617096544,0.0010570260626022764,0.0008773649094589796,0.08333333333333333
harmonic_2_ratio_mean,harmonic_sideband,fault,6,48,2.6667482414094814,2.8442871788453425,2.9770369833674555,0.000586158575547206,0.0005054300295879105,0.10416666666666667
harmonic_2_ratio_mean,harmonic_sideband,fault,7,48,36.505608819285165,1.3115844466389621,37.14486886175769,0.0013322909332757007,0.0007696287890362701,0.22916666666666666
harmonic_2_ratio_mean,harmonic_sideband,healthy_adaptation,0,1,-0.6546767014021966,-0.6546767014021966,0.6546767014021966,-0.0007016054585887014,0.0006108240914539211,1.0
harmonic_2_ratio_mean,harmonic_sideband,healthy_adaptation,1,1,2.6817460205854107,2.6817460205854107,2.6817460205854107,0.0011474890487435745,0.0009139301876568414,0.0
harmonic_2_ratio_mean,harmonic_sideband,healthy_adaptation,2,1,2.7128567908399788,2.7128567908399788,2.7128567908399788,0.0017503564595330605,0.0014215334303209445,0.0
harmonic_2_ratio_mean,harmonic_sideband,healthy_adaptation,3,1,0.7866730681594701,0.7866730681594701,0.7866730681594701,0.0006121984849684961,0.0004790948003295515,0.0
harmonic_2_ratio_mean,harmonic_sideband,healthy_all,0,8,3.3230858282327933,3.881192561693812,3.486755003583342,0.005366359384379336,0.004070310371627397,0.125
harmonic_2_ratio_mean,harmonic_sideband,healthy_all,1,8,1.5678992986760778,1.495643599812043,1.5678992986760778,0.003269394955305864,0.002154071928427162,0.0
harmonic_2_ratio_mean,harmonic_sideband,healthy_all,2,8,1.2426357570524522,1.2390998459403866,1.2426357570524522,0.0024656802234982616,0.001641192623370869,0.0
harmonic_2_ratio_mean,harmonic_sideband,healthy_all,3,8,1.1964516299890011,1.3681293314236296,1.1964516299890011,0.002241482265250465,0.0015638265293793792,0.0
harmonic_2_ratio_mean,harmonic_sideband,healthy_all,4,8,0.9970444249325914,1.3860696281818234,1.3800690145551744,0.0013213754719571965,0.0012722632693874236,0.125
harmonic_2_ratio_mean,harmonic_sideband,healthy_all,5,8,0.9523655008138401,1.5147603179491371,1.7067626948324932,0.0009275907497907932,0.0008550667930974406,0.125
harmonic_2_ratio_mean,harmonic_sideband,healthy_all,6,8,105.57675166381132,1.532133436714966,105.7310456571333,0.013066352049278983,0.005320381718677193,0.125
harmonic_2_ratio_mean,harmonic_sideband,healthy_all,7,8,29.833705835447876,1.2492141466338238,30.391813549088972,0.0042589440530447055,0.002661554278959393,0.125
harmonic_2_ratio_mean,harmonic_sideband,healthy_calibration,0,3,4.082525886661429,3.929757278545228,4.082525886661429,0.006378231797791976,0.004667969295013077,0.0
harmonic_2_ratio_mean,harmonic_sideband,healthy_calibration,1,3,1.7104103145734744,1.6538508330142947,1.7104103145734744,0.00431695343109669,0.002819067530883792,0.0
harmonic_2_ratio_mean,harmonic_sideband,healthy_calibration,2,3,1.2039578881899289,1.2077506726525669,1.2039578881899289,0.003009039528495006,0.0019637109802971165,0.0
harmonic_2_ratio_mean,harmonic_sideband,healthy_calibration,3,3,1.2597134684019085,1.4061040525262725,1.2597134684019082,0.0024631064216459344,0.0017193856896263284,0.0
harmonic_2_ratio_mean,harmonic_sideband,healthy_calibration,4,3,1.4558138150173925,1.480860442917717,1.4558138150173925,0.001801347035542417,0.001391153879431547,0.0
harmonic_2_ratio_mean,harmonic_sideband,healthy_calibration,5,3,1.387211905128779,1.4744334057939459,1.387211905128779,0.000999482853127164,0.0008479379214174097,0.0
harmonic_2_ratio_mean,harmonic_sideband,healthy_calibration,6,3,1.3608633784903583,1.5084943159370539,1.3608633784903583,0.0005177018909838655,0.0004703449224675127,0.0
harmonic_2_ratio_mean,harmonic_sideband,healthy_calibration,7,3,1.1124309860100141,1.1912645008709195,1.1124309860100141,0.00022383116181235154,0.00021131130144628771,0.0
harmonic_2_ratio_mean,harmonic_sideband,healthy_health_test,0,4,3.7479464168200636,3.6950818817592603,3.747946416820063,0.006124446285061864,0.004486937749131507,0.0
harmonic_2_ratio_mean,harmonic_sideband,healthy_health_test,1,4,1.182554356275697,1.0979645847797408,1.182554356275697,0.0030142025751033166,0.0019653606617772695,0.0
harmonic_2_ratio_mean,harmonic_sideband,healthy_health_test,2,4,0.9040889002524628,1.1652852621181182,0.9040889002524627,0.002236991685742004,0.0014542186539386645,0.0
harmonic_2_ratio_mean,harmonic_sideband,healthy_health_test,3,4,1.2514498916367034,1.4323098162423276,1.2514498916367034,0.002482585093024355,0.0017183400914566242,0.0
harmonic_2_ratio_mean,harmonic_sideband,healthy_health_test,4,4,1.2852530782247216,1.3860696281818234,1.2852530782247216,0.0016122197585829111,0.0012454412737956588,0.0
harmonic_2_ratio_mean,harmonic_sideband,healthy_health_test,5,4,1.618719266799749,1.575745478829004,1.6187192667997488,0.0011884682415566105,0.001011427680379596,0.0
harmonic_2_ratio_mean,harmonic_sideband,healthy_health_test,6,4,0.9384073804866413,1.3776141149013474,1.2469953671305418,0.00035260345707156126,0.00043122939831557723,0.25
harmonic_2_ratio_mean,harmonic_sideband,healthy_health_test,7,4,0.3722485203681343,1.0132276341868232,1.488463947650322,7.283687375078077e-05,0.0002835084668261036,0.25
harmonic_2_ratio_mean,harmonic_sideband,healthy_unused,4,1,-1.5320983584903323,-1.5320983584903323,1.5320983584903323,-0.0012819163653013225,0.001022879421622113,1.0
harmonic_2_ratio_mean,harmonic_sideband,healthy_unused,5,1,-3.017588776074612,-3.017588776074612,3.017588776074612,-0.00033159552728158836,0.00025100985900891175,1.0
harmonic_2_ratio_mean,harmonic_sideband,healthy_unused,6,1,836.777793653073,836.777793653073,836.777793653073,0.10156729689299403,0.039427101388752696,0.0
harmonic_2_ratio_mean,harmonic_sideband,healthy_unused,7,1,233.84335964408044,233.84335964408044,233.84335964408044,0.033108711443917464,0.019524466460031864,0.0
harmonic_3_ratio_max,harmonic_sideband,fault,0,48,4.573504604653154,4.913240990752704,4.587955707165798,0.007461720043693109,0.0051501577868385,0.020833333333333332
harmonic_3_ratio_max,harmonic_sideband,fault,1,48,3.471024674058956,4.172091826599024,3.78805978705492,0.009619891337102894,0.006170787366202917,0.14583333333333334
harmonic_3_ratio_max,harmonic_sideband,fault,2,48,1.2080299206452723,3.7470087722433987,4.920020531623098,0.006963772140959294,0.005514166899705041,0.22916666666666666
harmonic_3_ratio_max,harmonic_sideband,fault,3,48,-2.0876037868288777,1.1990853671484887,6.345553689524553,0.002763278274187271,0.0035704971694965008,0.375
harmonic_3_ratio_max,harmonic_sideband,fault,4,48,-0.6295342750116139,3.1273524129817307,7.399343841696838,0.0027050212319808093,0.0030609765933169238,0.3333333333333333
harmonic_3_ratio_max,harmonic_sideband,fault,5,48,3.267237088965491,5.9274633874556955,8.977308906079914,0.0023015025302231193,0.002271173266732533,0.20833333333333334
harmonic_3_ratio_max,harmonic_sideband,fault,6,48,-3.1014594952791157,0.06446231582693261,7.625223753695413,0.0001405686665238737,0.000973543237540376,0.5
harmonic_3_ratio_max,harmonic_sideband,fault,7,48,37.30389399009403,5.174840887038023,44.378251438418665,0.001737181860392672,0.0014280334353209872,0.3125
harmonic_3_ratio_max,harmonic_sideband,healthy_adaptation,0,1,0.8480318822447942,0.8480318822447942,0.8480318822447942,0.0009088207910344955,0.0007912276439449858,0.0
harmonic_3_ratio_max,harmonic_sideband,healthy_adaptation,1,1,5.065195032993473,5.065195032993473,5.065195032993473,0.0021673401528313164,0.0017262017400185006,0.0
harmonic_3_ratio_max,harmonic_sideband,healthy_adaptation,2,1,-0.14113924047587012,-0.14113924047587012,0.14113924047587012,-9.106414392926259e-05,7.395677845730817e-05,1.0
harmonic_3_ratio_max,harmonic_sideband,healthy_adaptation,3,1,-0.09776275864616389,-0.09776275864616389,0.09776275864616389,-7.608015979185621e-05,5.953887482487878e-05,1.0
harmonic_3_ratio_max,harmonic_sideband,healthy_all,0,8,3.928593182891094,4.392402066632471,3.928593182891094,0.006220735184116646,0.004564925948295647,0.0
harmonic_3_ratio_max,harmonic_sideband,healthy_all,1,8,4.718025834243808,4.698594460633355,4.718025834243808,0.01062690221719994,0.00697457370450747,0.0
harmonic_3_ratio_max,harmonic_sideband,healthy_all,2,8,5.183477525037443,5.980820066627762,5.218762335156411,0.013278367925539783,0.008631978712722074,0.125
harmonic_3_ratio_max,harmonic_sideband,healthy_all,3,8,6.26867157676883,7.214233694604582,6.293112266430371,0.01261560134690397,0.008787134596365927,0.125
harmonic_3_ratio_max,harmonic_sideband,healthy_all,4,8,7.923028073898298,9.457278028882737,8.615295005588845,0.010081836192166009,0.008244291005682391,0.125
harmonic_3_ratio_max,harmonic_sideband,healthy_all,5,8,24.737391832444196,11.588924058302132,24.737391832444196,0.008720322716844888,0.007252713306877968,0.0
harmonic_3_ratio_max,harmonic_sideband,healthy_all,6,8,41.08281751336134,13.486392180487632,41.08281751336134,0.007935035470639236,0.00533363106296039,0.0
harmonic_3_ratio_max,harmonic_sideband,healthy_all,7,8,54.209673829132804,17.997714207309215,54.2096738291328,0.008611922646720291,0.006190581139067579,0.0
harmonic_3_ratio_max,harmonic_sideband,healthy_calibration,0,3,4.488429070959305,4.467616461992452,4.488429070959305,0.007010583298575971,0.00513116268913669,0.0
harmonic_3_ratio_max,harmonic_sideband,healthy_calibration,1,3,4.872097365122387,4.738531755275935,4.872097365122387,0.012261235722702442,0.008006419395669205,0.0
harmonic_3_ratio_max,harmonic_sideband,healthy_calibration,2,3,6.235827939477179,6.291631621128156,6.235827939477179,0.015635683795595153,0.01020540695273358,0.0
harmonic_3_ratio_max,harmonic_sideband,healthy_calibration,3,3,7.03383985207337,7.307929943657471,7.03383985207337,0.013800817735564153,0.009636907364782999,0.0
harmonic_3_ratio_max,harmonic_sideband,healthy_calibration,4,3,9.34154419440045,9.363018953286065,9.34154419440045,0.011566788638579392,0.008931710020736066,0.0
harmonic_3_ratio_max,harmonic_sideband,healthy_calibration,5,3,11.298850273606524,11.554825604310397,11.298850273606524,0.008160075423706567,0.00692661679864963,0.0
harmonic_3_ratio_max,harmonic_sideband,healthy_calibration,6,3,13.239944962651817,13.44780059762206,13.239944962651817,0.0050423691864959945,0.004583408373907512,0.0
harmonic_3_ratio_max,harmonic_sideband,healthy_calibration,7,3,18.236264910869448,17.988304044099305,18.236264910869448,0.003676139219196014,0.0034714546809610732,0.0
harmonic_3_ratio_max,harmonic_sideband,healthy_health_test,0,4,4.27885659200151,4.528269812180113,4.278856592001511,0.006956327696542691,0.0050836729687525305,0.0
harmonic_3_ratio_max,harmonic_sideband,healthy_health_test,1,4,4.515679886397457,4.578768242450163,4.515679886397457,0.011516042604165217,0.007512782427258413,0.0
harmonic_3_ratio_max,harmonic_sideband,healthy_health_test,2,4,5.7253689055859684,6.039174946493443,5.7253689055859684,0.014852739040365518,0.009591413016279637,0.0
harmonic_3_ratio_max,harmonic_sideband,healthy_health_test,3,4,7.286403954144174,7.380976257180154,7.286403954144174,0.014899609432082787,0.010331703950438385,0.0
harmonic_3_ratio_max,harmonic_sideband,healthy_health_test,4,4,9.532164933686806,9.642434190436646,9.532164933686806,0.012067805015894847,0.009327619248198943,0.0
harmonic_3_ratio_max,harmonic_sideband,healthy_health_test,5,4,11.023350138285373,11.327418305546306,11.023350138285371,0.008026456380666642,0.006816884751332479,0.0
harmonic_3_ratio_max,harmonic_sideband,healthy_health_test,6,4,12.72701108576802,13.228184943933375,12.727011085768021,0.004865188570064822,0.004425790403548744,0.0
harmonic_3_ratio_max,harmonic_sideband,healthy_health_test,7,4,17.483835972613853,17.873597818005003,17.483835972613853,0.0035281228411532255,0.003326982534547022,0.0
harmonic_3_ratio_max,harmonic_sideband,healthy_unused,4,1,-2.769067726762189,-2.769067726762189,2.769067726762189,-0.0023168964419894847,0.0018487209904551568,1.0
harmonic_3_ratio_max,harmonic_sideband,healthy_unused,5,1,119.90918328559249,119.90918328559249,119.90918328559249,0.013176529940972825,0.00997431705374494,0.0
harmonic_3_ratio_max,harmonic_sideband,healthy_unused,6,1,238.0346608758632,238.0346608758632,238.0346608758632,0.028892421925366615,0.011215661767765601,0.0
harmonic_3_ratio_max,harmonic_sideband,healthy_unused,7,1,309.03325200999865,309.03325200999865,309.03325200999865,0.04375447215156139,0.02580235493146932,0.0
harmonic_3_ratio_mean,harmonic_sideband,fault,0,48,-3.6432286261957074,-3.9250682874877008,3.6829496562562376,-0.00593267982316329,0.004148780421923816,0.9791666666666666
harmonic_3_ratio_mean,harmonic_sideband,fault,1,48,-2.3731330914364537,-3.314767254701596,3.098785121964966,-0.007060769650138624,0.004851209493064633,0.8541666666666666
harmonic_3_ratio_mean,harmonic_sideband,fault,2,48,-0.272213785225343,-2.0183258498446683,3.5301981336720156,-0.004153257384150666,0.00372780028214814,0.7083333333333334
harmonic_3_ratio_mean,harmonic_sideband,fault,3,48,1.3015662509843409,-0.4215645251738208,3.842693115396307,-0.001560435328331328,0.0022725141834977615,0.5833333333333334
harmonic_3_ratio_mean,harmonic_sideband,fault,4,48,-1.0542787107276435,-1.2007416675324674,3.3777964440650496,-0.0015727645661222027,0.001796563129482666,0.6666666666666666
harmonic_3_ratio_mean,harmonic_sideband,fault,5,48,-5.4014094713674625,-2.279176520120992,6.0991978738404855,-0.0013554433619792526,0.0011879128949173199,0.8541666666666666
harmonic_3_ratio_mean,harmonic_sideband,fault,6,48,-3.655824972140703,0.5620092933280398,6.474614514634062,-0.00036315387249834344,0.0005546631417176214,0.3958333333333333
harmonic_3_ratio_mean,harmonic_sideband,fault,7,48,15.588387606950073,-1.1398257182273437,22.90256636892722,0.00030303759536894683,0.0006534544558786075,0.8125
harmonic_3_ratio_mean,harmonic_sideband,healthy_adaptation,0,1,1.9884458636547289,1.9884458636547289,1.9884458636547289,0.0021309823139577543,0.0018552525780599466,0.0
harmonic_3_ratio_mean,harmonic_sideband,healthy_adaptation,1,1,3.608962889540323,3.608962889540323,3.608962889540323,0.0015442347490331975,0.0012299226345693073,0.0
harmonic_3_ratio_mean,harmonic_sideband,healthy_adaptation,2,1,0.7375638182751563,0.7375638182751563,0.7375638182751563,0.0004758819551385377,0.00038648248157200347,0.0
harmonic_3_ratio_mean,harmonic_sideband,healthy_adaptation,3,1,0.07796996496335193,0.07796996496335193,0.07796996496335193,6.06771686429903e-05,4.7484789180868226e-05,0.0
harmonic_3_ratio_mean,harmonic_sideband,healthy_all,0,8,-3.4262739174486523,-4.0986996217132425,3.9233853833623344,-0.005618455920535211,0.004539361801190465,0.875
harmonic_3_ratio_mean,harmonic_sideband,healthy_all,1,8,-3.133530552618215,-4.089176833387532,4.035771275003295,-0.00889154416847422,0.006082666255596385,0.875
harmonic_3_ratio_mean,harmonic_sideband,healthy_all,2,8,-3.9268677672256387,-4.579678345894509,4.111258721794428,-0.010255013187298495,0.006736859266801349,0.875
harmonic_3_ratio_mean,harmonic_sideband,healthy_all,3,8,-4.3256283292363555,-4.904726076004018,4.345120820477194,-0.008716571313178286,0.006073444883790809,0.875
harmonic_3_ratio_mean,harmonic_sideband,healthy_all,4,8,-4.615210187972633,-5.839736741833075,5.632794872668692,-0.00599938130508835,0.005303839732045779,0.875
harmonic_3_ratio_mean,harmonic_sideband,healthy_all,5,8,-12.47941520202602,-6.710376370711119,12.47941520202602,-0.004933179840520992,0.004123073961433774,1.0
harmonic_3_ratio_mean,harmonic_sideband,healthy_all,6,8,-11.774602432173142,-7.320937928962211,11.774602432173142,-0.00307132170512285,0.0024476216595010493,1.0
harmonic_3_ratio_mean,harmonic_sideband,healthy_all,7,8,-9.584254489540283,-13.010976390497373,12.29221673065774,-0.0020163283080304826,0.00219652526193423,0.875
harmonic_3_ratio_mean,harmonic_sideband,healthy_calibration,0,3,-4.2721333346255586,-4.111041395968121,4.2721333346255586,-0.0066746603326070285,0.0048848462604850805,1.0
harmonic_3_ratio_mean,harmonic_sideband,healthy_calibration,1,3,-4.211420400086551,-4.214821791980508,4.211420400086551,-0.010590120895291261,0.0069150943641267636,1.0
harmonic_3_ratio_mean,harmonic_sideband,healthy_calibration,2,3,-4.694380978541033,-4.745411374439353,4.694380978541033,-0.011784336961406456,0.007692033788034104,1.0
harmonic_3_ratio_mean,harmonic_sideband,healthy_calibration,3,3,-4.883462344699846,-5.0002246758731665,4.883462344699846,-0.009592935005408615,0.006699298962810583,1.0
harmonic_3_ratio_mean,harmonic_sideband,healthy_calibration,4,3,-5.804528921647709,-5.815995219458776,5.804528921647709,-0.007187635778501578,0.005550243433269215,1.0
harmonic_3_ratio_mean,harmonic_sideband,healthy_calibration,5,3,-6.465567999028959,-6.55620612161422,6.465567999028959,-0.004670049767054877,0.003964259277112297,1.0
harmonic_3_ratio_mean,harmonic_sideband,healthy_calibration,6,3,-7.024095621036598,-7.086805011213883,7.024095621036598,-0.0026756213570463035,0.0024322941942286906,1.0
harmonic_3_ratio_mean,harmonic_sideband,healthy_calibration,7,3,-12.30183762138121,-13.547419435837792,12.30183762138121,-0.0024814005071278123,0.002343488237843717,1.0
harmonic_3_ratio_mean,harmonic_sideband,healthy_health_test,0,4,-4.1455592998418185,-4.22179904382375,4.1455592998418185,-0.0067636621701045885,0.0049512757625021315,1.0
harmonic_3_ratio_mean,harmonic_sideband,healthy_health_test,1,4,-4.010736527556598,-4.089176833387532,4.010736527556598,-0.010226556352738295,0.006671531079455371,1.0
harmonic_3_ratio_mean,harmonic_sideband,healthy_health_test,2,4,-4.517340755114292,-4.663745928133483,4.517340755114292,-0.011790744142326781,0.007608072572184118,1.0
harmonic_3_ratio_mean,harmonic_sideband,healthy_health_test,3,4,-5.0081523911886645,-4.992196834184757,5.0081523911886645,-0.01025361066446086,0.007110544348178463,1.0
harmonic_3_ratio_mean,harmonic_sideband,healthy_health_test,4,4,-5.8946083694055424,-5.957101337355983,5.8946083694055424,-0.007459455303749933,0.005765623774505513,1.0
harmonic_3_ratio_mean,harmonic_sideband,healthy_health_test,5,4,-6.684880266776302,-6.735740405742609,6.684880266776302,-0.00488860641704414,0.004156250390603694,1.0
harmonic_3_ratio_mean,harmonic_sideband,healthy_health_test,6,4,-7.318120897374319,-7.361377451251796,7.318120897374318,-0.002805247337846315,0.002554470012836354,1.0
harmonic_3_ratio_mean,harmonic_sideband,healthy_health_test,7,4,-12.650093004162116,-13.454894862791516,12.650093004162116,-0.002555013062313235,0.002409336336834911,1.0
harmonic_3_ratio_mean,harmonic_sideband,healthy_unused,4,1,4.070338738784233,4.070338738784233,4.070338738784233,0.003405678109797661,0.002717492458536545,0.0
harmonic_3_ratio_mean,harmonic_sideband,healthy_unused,5,1,-53.69909655201608,-53.69909655201608,53.69909655201608,-0.0059008637548267516,0.0044668122977185335,1.0
harmonic_3_ratio_mean,harmonic_sideband,healthy_unused,6,1,-43.85204900477806,-43.85204900477806,43.85204900477806,-0.005322720218458631,0.0020662106419769076,1.0
harmonic_3_ratio_mean,harmonic_sideband,healthy_unused,7,1,10.831848964469831,10.831848964469831,10.831848964469831,0.0015336273063925178,0.0009043920346030476,0.0
harmonic_4_ratio_max,harmonic_sideband,fault,0,48,-2.1814117038763037,-2.3799624479306614,2.387293183205206,-0.0036222109040542475,0.0026601237003753323,0.9583333333333334
harmonic_4_ratio_max,harmonic_sideband,fault,1,48,0.13727132385624718,-1.0871165313849842,1.9096058313926443,-0.0009898141886815932,0.002448460775198531,0.5625
harmonic_4_ratio_max,harmonic_sideband,fault,2,48,1.698591323001842,1.0521902874183193,2.3200995932040374,0.0010747251620910779,0.0019446605711361316,0.3125
harmonic_4_ratio_max,harmonic_sideband,fault,3,48,3.3090383222702777,2.1671012519292474,3.747737913232019,0.001812572155921525,0.002071837875714033,0.08333333333333333
harmonic_4_ratio_max,harmonic_sideband,fault,4,48,5.156190893640026,3.9057754750255667,5.1561908936400265,0.0021161264957969173,0.0016765620512052175,0.0
harmonic_4_ratio_max,harmonic_sideband,fault,5,48,6.114079168761929,4.902136737954514,6.177764749164237,0.0015662397340866089,0.001304826474509744,0.041666666666666664
harmonic_4_ratio_max,harmonic_sideband,fault,6,48,6.114101497974171,6.015830259585057,6.7850006850589315,0.0009993611604764794,0.0009012757341164713,0.08333333333333333
harmonic_4_ratio_max,harmonic_sideband,fault,7,48,93.2993635406272,7.420712435970799,93.68512638420475,0.0035463572819254426,0.0021195670381228943,0.08333333333333333
harmonic_4_ratio_max,harmonic_sideband,healthy_adaptation,0,1,-1.401063198493526,-1.401063198493526,1.401063198493526,-0.0015014946855225067,0.0013072149252544964,1.0
harmonic_4_ratio_max,harmonic_sideband,healthy_adaptation,1,1,4.80812342391606,4.80812342391606,4.80812342391606,0.002057342094143109,0.001638592584594424,0.0
harmonic_4_ratio_max,harmonic_sideband,healthy_adaptation,2,1,2.442446715431301,2.442446715431301,2.442446715431301,0.0015758857599323457,0.0012798389024759923,0.0
harmonic_4_ratio_max,harmonic_sideband,healthy_adaptation,3,1,-0.1592041433772886,-0.1592041433772886,0.1592041433772886,-0.00012389458762623588,9.695752958904848e-05,1.0
harmonic_4_ratio_max,harmonic_sideband,healthy_all,0,8,-2.206043511168957,-2.3172217934414245,2.206043511168957,-0.00344566618586137,0.0025501520544996426,1.0
harmonic_4_ratio_max,harmonic_sideband,healthy_all,1,8,-1.3466796416592577,-2.17892795919776,2.5487104976382726,-0.004704159353562009,0.00344210478679301,0.875
harmonic_4_ratio_max,harmonic_sideband,healthy_all,2,8,-1.9037092227377144,-2.524026899935338,2.5143209015955397,-0.005503088748248128,0.0038539092020049397,0.875
harmonic_4_ratio_max,harmonic_sideband,healthy_all,3,8,-2.568326462174585,-2.9641737393564282,2.568326462174585,-0.005142345479556239,0.003578521711370203,1.0
harmonic_4_ratio_max,harmonic_sideband,healthy_all,4,8,-3.040746830095136,-3.4576233928328253,3.040746830095136,-0.003796774112534946,0.0029335566673674906,1.0
harmonic_4_ratio_max,harmonic_sideband,healthy_all,5,8,1.741754556425564,-4.139766198405601,8.059210792882164,-0.0015771050733406392,0.002456152284206412,0.75
harmonic_4_ratio_max,harmonic_sideband,healthy_all,6,8,-7.080563899793624,-5.181498752301999,7.705324764795705,-0.001765680225321046,0.0016049072988909962,0.875
harmonic_4_ratio_max,harmonic_sideband,healthy_all,7,8,17.949393976556063,4.510239477922267,21.260710365928837,0.002616061755444497,0.0022545864129742093,0.25
harmonic_4_ratio_max,harmonic_sideband,healthy_calibration,0,3,-2.42319387976498,-2.430833437084148,2.42319387976498,-0.003788885752269192,0.002773070377235475,1.0
harmonic_4_ratio_max,harmonic_sideband,healthy_calibration,1,3,-2.2934940528602086,-2.2513425937031117,2.2934940528602086,-0.005777502946879791,0.003772734080799924,1.0
harmonic_4_ratio_max,harmonic_sideband,healthy_calibration,2,3,-2.522688360374436,-2.504058550912498,2.522688360374436,-0.00633562855584981,0.004135310602478261,1.0
harmonic_4_ratio_max,harmonic_sideband,healthy_calibration,3,3,-3.012239138626066,-3.0349256618615605,3.012239138626066,-0.005942434140211026,0.004151465033219503,1.0
harmonic_4_ratio_max,harmonic_sideband,healthy_calibration,4,3,-3.5260304742699957,-3.5312586510279247,3.5260304742699957,-0.004367983445990283,0.0033736228460356323,1.0
harmonic_4_ratio_max,harmonic_sideband,healthy_calibration,5,3,-4.151559021686556,-4.210015127776263,4.151559021686556,-0.0029974385670436744,0.002544198612031811,1.0
harmonic_4_ratio_max,harmonic_sideband,healthy_calibration,6,3,-5.024624315493925,-5.1003645354469676,5.024624315493925,-0.0019140688242439668,0.0017400304344380925,1.0
harmonic_4_ratio_max,harmonic_sideband,healthy_calibration,7,3,0.8355044862821291,4.415439932321059,5.217145404158491,0.00017179327253956465,0.0009924353806801754,0.3333333333333333
harmonic_4_ratio_max,harmonic_sideband,healthy_health_test,0,4,-2.2444258128907983,-2.255507408791871,2.244425812890798,-0.0036742943861402194,0.0026936975947590546,1.0
harmonic_4_ratio_max,harmonic_sideband,healthy_health_test,1,4,-2.175269599652374,-2.1683407447907133,2.175269599652374,-0.005589527020499953,0.0036450108668374713,1.0
harmonic_4_ratio_max,harmonic_sideband,healthy_health_test,2,4,-2.526013854052427,-2.560925278030087,2.526013854052427,-0.006648427519591984,0.004286375726532185,1.0
harmonic_4_ratio_max,harmonic_sideband,healthy_health_test,3,4,-2.837672534535299,-2.9543583744716546,2.837672534535299,-0.00579689170704765,0.004019205265428517,1.0
harmonic_4_ratio_max,harmonic_sideband,healthy_health_test,4,4,-3.416341296587725,-3.541182105448935,3.416341296587725,-0.004300299801128696,0.0033231232599840116,1.0
harmonic_4_ratio_max,harmonic_sideband,healthy_health_test,5,4,-2.764989059045594,-4.206218888194538,3.6425848813377693,-0.0019349171423861098,0.002225389348292337,0.75
harmonic_4_ratio_max,harmonic_sideband,healthy_health_test,6,4,-3.2812474258361553,-5.124139741440121,4.530769155840317,-0.0012326323555749215,0.001569717909484144,0.75
harmonic_4_ratio_max,harmonic_sideband,healthy_health_test,7,4,1.7376255953290451,4.453740241011491,5.074027685667324,0.00035529165160600183,0.0009649212243723929,0.25
harmonic_4_ratio_max,harmonic_sideband,healthy_unused,4,1,-0.08251803160020076,-0.08251803160020076,0.08251803160020076,-6.904335779393534e-05,5.509176089698239e-05,1.0
harmonic_4_ratio_max,harmonic_sideband,healthy_unused,5,1,37.44866975264656,37.44866975264656,37.44866975264656,0.004115143683950349,0.003115065044386515,0.0
harmonic_4_ratio_max,harmonic_sideband,healthy_unused,6,1,-28.445648548522595,-28.445648548522595,28.445648548522595,-0.0034527059075367813,0.0013402954498771165,1.0
harmonic_4_ratio_max,harmonic_sideband,healthy_unused,7,1,134.13813597228594,134.13813597228594,134.13813597228594,0.018991947619513276,0.011199700264263578,0.0
harmonic_4_ratio_mean,harmonic_sideband,fault,0,48,4.770618781460626,0.8265392626018684,5.029932952717496,0.00801396623621384,0.00555274112797146,0.14583333333333334
harmonic_4_ratio_mean,harmonic_sideband,fault,1,48,0.4118305288668383,-0.49835893556507893,1.6815515505646124,0.001571261587214612,0.002679308836698764,0.875
harmonic_4_ratio_mean,harmonic_sideband,fault,2,48,0.9219086855619794,-0.18610812737081328,1.5693369787701907,0.0027173593587808994,0.0024792909498125315,0.6458333333333334
harmonic_4_ratio_mean,harmonic_sideband,fault,3,48,1.4622818308259486,0.3266920571733433,1.5922661906650106,0.0024273490915760116,0.0018018359490720847,0.3125
harmonic_4_ratio_mean,harmonic_sideband,fault,4,48,1.7243077895504744,0.4328816449841726,1.9454435410638136,0.0019472974056186166,0.0015246539440191278,0.20833333333333334
harmonic_4_ratio_mean,harmonic_sideband,fault,5,48,0.8622965796572827,-0.18688061832796737,1.5673701746134387,0.0007274478481174108,0.0007511805773296744,0.6458333333333334
harmonic_4_ratio_mean,harmonic_sideband,fault,6,48,0.9533498841513683,0.4649894813574799,1.666908483837292,0.00032479111556586336,0.00032636524789467783,0.20833333333333334
harmonic_4_ratio_mean,harmonic_sideband,fault,7,48,13.370817880254565,-0.7062426035927895,15.881881374708078,0.0004010894199200118,0.0003585451421921004,0.6666666666666666
harmonic_4_ratio_mean,harmonic_sideband,healthy_adaptation,0,1,-0.17266168443408816,-0.17266168443408816,0.17266168443408816,-0.0001850384778144934,0.0001610961812104616,1.0
harmonic_4_ratio_mean,harmonic_sideband,healthy_adaptation,1,1,4.0243206182526325,4.0243206182526325,4.0243206182526325,0.001721961663271085,0.0013714751768432003,0.0
harmonic_4_ratio_mean,harmonic_sideband,healthy_adaptation,2,1,2.295206857738198,2.295206857738198,2.295206857738198,0.0014808854499697792,0.0012026854085307268,0.0
harmonic_4_ratio_mean,harmonic_sideband,healthy_adaptation,3,1,0.6440642793822867,0.6440642793822867,0.6440642793822867,0.0005012186027706147,0.00039224407167260734,0.0
harmonic_4_ratio_mean,harmonic_sideband,healthy_all,0,8,0.2564196514919241,0.23662315353053298,0.3352508010492422,0.00041602228617796386,0.00038632941603841827,0.25
harmonic_4_ratio_mean,harmonic_sideband,healthy_all,1,8,0.3172865486611105,-0.1385526287266328,0.8043035060857741,-0.0002164290600778663,0.0006662625498636018,0.5
harmonic_4_ratio_mean,harmonic_sideband,healthy_all,2,8,-0.06598176658598116,-0.3909684797639011,0.6397834810205307,-0.0007507095521039984,0.0007555518329838441,0.875
harmonic_4_ratio_mean,harmonic_sideband,healthy_all,3,8,0.007047237043129026,-0.08254621565002143,0.24845156080792524,-9.609422850216382e-05,0.00029258323852334394,0.625
harmonic_4_ratio_mean,harmonic_sideband,healthy_all,4,8,-0.023312347636672975,0.007926006281082235,0.1321767909630011,-7.544402820941467e-06,0.00011362283447021128,0.5
harmonic_4_ratio_mean,harmonic_sideband,healthy_all,5,8,20.285601791587546,0.23359231385238644,20.285601791587546,0.003238717144733694,0.002576718973832346,0.0
harmonic_4_ratio_mean,harmonic_sideband,healthy_all,6,8,143.16990644955158,0.41558770471611384,143.16990644955158,0.01787833437873572,0.007324457617878726,0.0
harmonic_4_ratio_mean,harmonic_sideband,healthy_all,7,8,96.2090177974904,19.217855044502734,96.2090177974904,0.014351036661441885,0.00932391480634058,0.0
harmonic_4_ratio_mean,harmonic_sideband,healthy_calibration,0,3,0.5264390885731455,0.6299924040585776,0.5264390885731455,0.0008199275372523926,0.00060084825858971,0.0
harmonic_4_ratio_mean,harmonic_sideband,healthy_calibration,1,3,-0.09438547386557011,0.04090299933068021,0.1653443745765876,-0.00022177357309558304,0.00026324517760892746,0.3333333333333333
harmonic_4_ratio_mean,harmonic_sideband,healthy_calibration,2,3,-0.3582775226933333,-0.47502921125445496,0.3582775226933333,-0.0009227452569490973,0.0006035026260993315,1.0
harmonic_4_ratio_mean,harmonic_sideband,healthy_calibration,3,3,-0.08620202570701822,-0.12716723882483552,0.09322729020467417,-0.0001638043261550045,0.00012440546515752885,0.6666666666666666
harmonic_4_ratio_mean,harmonic_sideband,healthy_calibration,4,3,0.049295426931162865,0.0579264224946985,0.07361493004830218,6.308445247023362e-05,7.17228065560796e-05,0.3333333333333333
harmonic_4_ratio_mean,harmonic_sideband,healthy_calibration,5,3,0.16820087088319202,0.1747753399670727,0.16820087088319205,0.0001204834173789173,0.00010208018273436628,0.0
harmonic_4_ratio_mean,harmonic_sideband,healthy_calibration,6,3,0.2825278564763485,0.3629798852991467,0.2825278564763485,0.00010699888575310932,9.701909801989641e-05,0.0
harmonic_4_ratio_mean,harmonic_sideband,healthy_calibration,7,3,13.203014289130365,19.125438780819408,13.203014289130365,0.0026672289815153354,0.0025196272220859264,0.0
harmonic_4_ratio_mean,harmonic_sideband,healthy_health_test,0,4,0.16117540766251115,0.23662315353053298,0.23250686456010322,0.0002633585388702568,0.00028174859283193866,0.25
harmonic_4_ratio_mean,harmonic_sideband,healthy_health_test,1,4,-0.3007179518417595,-0.4236391608629231,0.47851857667594916,-0.0006970183561518166,0.0007922224223097079,0.75
harmonic_4_ratio_mean,harmonic_sideband,healthy_health_test,2,4,-0.4370571055865119,-0.3909684797639011,0.4370571055865119,-0.0011795815239886186,0.0007578053442605082,1.0
harmonic_4_ratio_mean,harmonic_sideband,healthy_health_test,3,4,-0.08227007647904996,-0.14229726216891644,0.26596658411677315,-0.00019463986308072793,0.0003938013602603894,0.75
harmonic_4_ratio_mean,harmonic_sideband,healthy_health_test,4,4,0.027425257684291826,0.007926006281082235,0.09812086123376568,3.0490264063699402e-05,9.933193158109295e-05,0.5
harmonic_4_ratio_mean,harmonic_sideband,healthy_health_test,5,4,2.8806054820929643,0.24209925954825934,2.8806054820929643,0.002259205511760326,0.0019521821156903538,0.0
harmonic_4_ratio_mean,harmonic_sideband,healthy_health_test,6,4,3.466953227009961,0.45104833174388814,3.466953227009961,0.0013672992436041336,0.0012577973874276732,0.0
harmonic_4_ratio_mean,harmonic_sideband,healthy_health_test,7,4,14.157100302153793,18.238617816378017,14.157100302153793,0.002864589101412735,0.002701206746471564,0.0
harmonic_4_ratio_mean,harmonic_sideband,healthy_unused,4,1,-0.4440860926240397,-0.4440860926240397,0.4440860926240397,-0.0003715696362330302,0.00029648652976907956,1.0
harmonic_4_ratio_mean,harmonic_sideband,healthy_unused,5,1,150.25778979167893,150.25778979167893,150.25778979167893,0.016511464858691496,0.012498782779694255,0.0
harmonic_4_ratio_mean,harmonic_sideband,healthy_unused,6,1,1130.6438551189437,1130.6438551189437,1130.6438551189437,0.1372364813982099,0.053273414099259425,0.0
harmonic_4_ratio_mean,harmonic_sideband,healthy_unused,7,1,673.434698303917,673.434698303917,673.434698303917,0.09534824994133813,0.0562276097985806,0.0
harmonic_5_ratio_max,harmonic_sideband,fault,0,48,2.298105213075229,1.315778062013718,2.5399985958314555,0.0038271800243860742,0.002834105625917568,0.16666666666666666
harmonic_5_ratio_max,harmonic_sideband,fault,1,48,1.254506214042571,1.4505657860622454,2.0035894111045454,0.00240607401322216,0.00268255537083791,0.3958333333333333
harmonic_5_ratio_max,harmonic_sideband,fault,2,48,2.2862516258841414,1.986506811122354,2.366868783970444,0.0035141419850785714,0.002490940973397199,0.125
harmonic_5_ratio_max,harmonic_sideband,fault,3,48,2.5335909677271875,2.2634246111451635,2.7141197116086624,0.002665468085620482,0.0019641257869126077,0.041666666666666664
harmonic_5_ratio_max,harmonic_sideband,fault,4,48,5.658458478180436,5.162386576486268,5.78927835022422,0.003283840323229169,0.002608444971059697,0.020833333333333332
harmonic_5_ratio_max,harmonic_sideband,fault,5,48,7.815379959570279,6.805568580992,8.00695249669252,0.002471667247774968,0.002066199230095637,0.041666666666666664
harmonic_5_ratio_max,harmonic_sideband,fault,6,48,9.067844940996217,9.147031521980619,9.593025431793189,0.0016239117471601847,0.0014111896471472654,0.0625
harmonic_5_ratio_max,harmonic_sideband,fault,7,48,276.6832958589903,13.51564181601553,277.34030644014575,0.010103918949282012,0.0057426767788629615,0.041666666666666664
harmonic_5_ratio_max,harmonic_sideband,healthy_adaptation,0,1,2.8417054852090264,2.8417054852090264,2.8417054852090264,0.0030454055808826707,0.002651357788454519,0.0
harmonic_5_ratio_max,harmonic_sideband,healthy_adaptation,1,1,0.21664412809367645,0.21664412809367645,0.21664412809367645,9.269959293454142e-05,7.383160341193857e-05,0.0
harmonic_5_ratio_max,harmonic_sideband,healthy_adaptation,2,1,3.603255313968638,3.603255313968638,3.603255313968638,0.0023248485638635605,0.0018881010984741456,0.0
harmonic_5_ratio_max,harmonic_sideband,healthy_adaptation,3,1,0.9582620312905784,0.9582620312905784,0.9582620312905784,0.0007457310889407541,0.0005835948567791623,0.0
harmonic_5_ratio_max,harmonic_sideband,healthy_all,0,8,0.681723661675961,0.4811718350310308,0.7082603643176502,0.0008951907657058337,0.000740444652739726,0.125
harmonic_5_ratio_max,harmonic_sideband,healthy_all,1,8,-0.5390521544598251,-0.6337740084850005,0.5932131864832442,-0.0014397537100081133,0.0009561864147206157,0.875
harmonic_5_ratio_max,harmonic_sideband,healthy_all,2,8,0.7416714134836951,0.38135729153947917,0.7416714134836951,0.0010556749512833175,0.0007316185292246294,0.0
harmonic_5_ratio_max,harmonic_sideband,healthy_all,3,8,0.8986278158067528,0.9058913293180093,0.8986278158067527,0.0016678932870993245,0.001168529995309696,0.0
harmonic_5_ratio_max,harmonic_sideband,healthy_all,4,8,1.2237196825628347,1.4043007938083933,1.3224011153695043,0.0015544225725512837,0.0012655574081012046,0.125
harmonic_5_ratio_max,harmonic_sideband,healthy_all,5,8,46.07390135867035,2.474954492634792,46.073901358670355,0.006494100281987842,0.005074364568716112,0.0
harmonic_5_ratio_max,harmonic_sideband,healthy_all,6,8,-102.54154813426702,3.5910749385610945,108.92339414411155,-0.01161264438635418,0.0060933756914112345,0.125
harmonic_5_ratio_max,harmonic_sideband,healthy_all,7,8,34.57071374449517,6.397104082238996,34.57071374449517,0.005216086204132762,0.0034573311248019263,0.0
harmonic_5_ratio_max,harmonic_sideband,healthy_calibration,0,3,0.4003531441546557,0.4322088463978095,0.4003531441546557,0.00061881757131501,0.0004524485754010755,0.0
harmonic_5_ratio_max,harmonic_sideband,healthy_calibration,1,3,-0.5822543533372353,-0.6129451117295119,0.5822543533372353,-0.0014640949240738012,0.0009560799212570101,1.0
harmonic_5_ratio_max,harmonic_sideband,healthy_calibration,2,3,0.454040977205791,0.4337392051666352,0.454040977205791,0.0011528048191566554,0.0007526770144399626,0.0
harmonic_5_ratio_max,harmonic_sideband,healthy_calibration,3,3,0.911747756535794,0.9364963514779534,0.9117477565357938,0.001804899228178381,0.0012612264941541157,0.0
harmonic_5_ratio_max,harmonic_sideband,healthy_calibration,4,3,1.4665354993694486,1.4753266317539606,1.4665354993694484,0.001815453711968229,0.0014018246248737175,0.0
harmonic_5_ratio_max,harmonic_sideband,healthy_calibration,5,3,2.4352052234712485,2.4379779822508127,2.435205223471248,0.0017620714257745682,0.0014963756035152572,0.0
harmonic_5_ratio_max,harmonic_sideband,healthy_calibration,6,3,3.5611249120948045,3.625141170311468,3.5611249120948045,0.0013569876683738153,0.001233765314862998,0.0
harmonic_5_ratio_max,harmonic_sideband,healthy_calibration,7,3,6.049872369101549,6.002785293094142,6.049872369101549,0.0012197844888266682,0.001151909185658685,0.0
harmonic_5_ratio_max,harmonic_sideband,healthy_health_test,0,4,0.35275609393367346,0.4278703433591297,0.4058294992170517,0.0005649169577047423,0.0004787134268150156,0.25
harmonic_5_ratio_max,harmonic_sideband,healthy_health_test,1,4,-0.6955745759401428,-0.721700537386273,0.6955745759401428,-0.001804611125194511,0.0011768549876454892,1.0
harmonic_5_ratio_max,harmonic_sideband,healthy_health_test,2,4,0.24199826557088744,0.22235644073999405,0.24199826557088744,0.0006655341472332532,0.0004267040230007505,0.0
harmonic_5_ratio_max,harmonic_sideband,healthy_health_test,3,4,0.8738793063890155,0.8684556307620233,0.8738793063890155,0.001795679380829675,0.0012452414058090147,0.0
harmonic_5_ratio_max,harmonic_sideband,healthy_health_test,4,4,1.4462191734052527,1.3922673055774444,1.4462191734052527,0.00182982223871363,0.001413863366630942,0.0
harmonic_5_ratio_max,harmonic_sideband,healthy_health_test,5,4,2.7668557757942827,2.4711419378590316,2.7668557757942827,0.0020454901656848947,0.0017434625316579291,0.0
harmonic_5_ratio_max,harmonic_sideband,healthy_health_test,6,4,3.7110023257734372,3.59377256055581,3.7110023257734372,0.001424385096424403,0.0012976714478252385,0.0
harmonic_5_ratio_max,harmonic_sideband,healthy_health_test,7,4,6.145348518979364,6.12797014207041,6.145348518979363,0.0012404627430275205,0.001169794527577496,0.0
harmonic_5_ratio_max,harmonic_sideband,healthy_unused,4,1,-0.39472573122667914,-0.39472573122667914,0.39472573122667914,-0.0003302695103489364,0.00026353192366471617,1.0
harmonic_5_ratio_max,harmonic_sideband,healthy_unused,5,1,350.21817209577193,350.21817209577193,350.21817209577193,0.03848462731583945,0.029131939612551404,0.0
harmonic_5_ratio_max,harmonic_sideband,healthy_unused,6,1,-845.8597691135143,-845.8597691135143,845.8597691135143,-0.10266965848165249,0.03985502379539993,1.0
harmonic_5_ratio_max,harmonic_sideband,healthy_unused,7,1,233.83469877273927,233.83469877273927,233.83469877273927,0.03310748519447201,0.01952374333112937,0.0
harmonic_5_ratio_mean,harmonic_sideband,fault,0,48,2.8706190659648247,2.990747704335267,2.934868308006075,0.004822702111267703,0.003319696354108602,0.0625
harmonic_5_ratio_mean,harmonic_sideband,fault,1,48,2.7398005579061135,2.4736130124160973,2.756144875315107,0.006586127270550453,0.004078322290000049,0.020833333333333332
harmonic_5_ratio_mean,harmonic_sideband,fault,2,48,2.6022830247961526,1.8337512860503487,2.6022830247961526,0.003396237534190957,0.002343421409130945,0.0
harmonic_5_ratio_mean,harmonic_sideband,fault,3,48,3.259987682207307,1.950099186720522,3.29352778024599,0.0022506793200174242,0.0017541449376296744,0.08333333333333333
harmonic_5_ratio_mean,harmonic_sideband,fault,4,48,5.281867448218796,3.785359544869108,5.281867448218797,0.0023666605913173116,0.0018740565058229352,0.0
harmonic_5_ratio_mean,harmonic_sideband,fault,5,48,3.5377390513763842,2.103653408001498,4.536723948689533,0.0008389040370333009,0.0007608987997415217,0.08333333333333333
harmonic_5_ratio_mean,harmonic_sideband,fault,6,48,3.359026129581654,2.175018685212033,4.804855560363182,0.0003835628222030204,0.0004605642896674651,0.2916666666666667
harmonic_5_ratio_mean,harmonic_sideband,fault,7,48,48.145004889269536,-1.5651465913428853,52.62214725309554,0.0015165392792682107,0.0012298843522081193,0.5625
harmonic_5_ratio_mean,harmonic_sideband,healthy_adaptation,0,1,-0.3020813680447285,-0.3020813680447285,0.3020813680447285,-0.00032373526704735874,0.00028184686698926986,1.0
harmonic_5_ratio_mean,harmonic_sideband,healthy_adaptation,1,1,1.2902547029311906,1.2902547029311906,1.2902547029311906,0.0005520855182923842,0.00043971454184077116,0.0
harmonic_5_ratio_mean,harmonic_sideband,healthy_adaptation,2,1,0.0006147789038878454,0.0006147789038878454,0.0006147789038878454,3.9666016622704165e-07,3.221433461152387e-07,0.0
harmonic_5_ratio_mean,harmonic_sideband,healthy_adaptation,3,1,0.21434568932708328,0.21434568932708328,0.21434568932708328,0.0001668064048164004,0.00013053949523138104,0.0
harmonic_5_ratio_mean,harmonic_sideband,healthy_all,0,8,0.7120424183959518,0.6580547317916072,0.787562760407134,0.0011532756391987023,0.0009106486522109693,0.125
harmonic_5_ratio_mean,harmonic_sideband,healthy_all,1,8,2.404531022008808,2.471836807094622,2.404531022008808,0.005851031429744963,0.0038273868540464077,0.0
harmonic_5_ratio_mean,harmonic_sideband,healthy_all,2,8,0.12710581327169226,-0.005511987914314692,0.47341953437408063,0.0002196742336406609,0.000798504949566666,0.5
harmonic_5_ratio_mean,harmonic_sideband,healthy_all,3,8,-0.6340359309885149,-0.5220457069831728,0.6876223533202857,-0.0013633572926463372,0.0009810123777605276,0.875
harmonic_5_ratio_mean,harmonic_sideband,healthy_all,4,8,-0.5103688881135002,-1.0726595602209454,1.3954235090413265,-0.000831191279560655,0.0012240110266437494,0.875
harmonic_5_ratio_mean,harmonic_sideband,healthy_all,5,8,92.63510030731781,-2.601160905086892,97.03822413893432,0.008829495579959637,0.009239268203346805,0.875
harmonic_5_ratio_mean,harmonic_sideband,healthy_all,6,8,1143.5713517307208,-5.14194556897421,1152.2152202298478,0.1376810027760714,0.05558591044339932,0.875
harmonic_5_ratio_mean,harmonic_sideband,healthy_all,7,8,271.29602503063086,-4.653134808213767,281.2852838775999,0.038111961559148796,0.024018218181853075,0.875
harmonic_5_ratio_mean,harmonic_sideband,healthy_calibration,0,3,1.230733337129677,1.1236947828319053,1.230733337129677,0.0019281819437058604,0.0014126227978223434,0.0
harmonic_5_ratio_mean,harmonic_sideband,healthy_calibration,1,3,3.063140077288857,2.7528940012669776,3.063140077288857,0.007776751241718827,0.005079189703467965,0.0
harmonic_5_ratio_mean,harmonic_sideband,healthy_calibration,2,3,0.17119655962852295,-0.011638754732517229,0.515569290060395,0.00036671561275492047,0.0008352207830729081,0.6666666666666666
harmonic_5_ratio_mean,harmonic_sideband,healthy_calibration,3,3,-0.7814803352509213,-0.7562257452280245,0.7814803352509213,-0.0015681115418599238,0.0010969614082926146,1.0
harmonic_5_ratio_mean,harmonic_sideband,healthy_calibration,4,3,-1.1330255258186082,-1.1026554916758669,1.1330255258186082,-0.0014084480346217433,0.0010882677886479483,1.0
harmonic_5_ratio_mean,harmonic_sideband,healthy_calibration,5,3,-2.8694691976571867,-2.65119931184468,2.8694691976571867,-0.0020814133554895344,0.0017685875204963908,1.0
harmonic_5_ratio_mean,harmonic_sideband,healthy_calibration,6,3,-5.296589631241494,-5.219051731374663,5.296589631241495,-0.002019577658555206,0.0018367030823369928,1.0
harmonic_5_ratio_mean,harmonic_sideband,healthy_calibration,7,3,-5.736111794995338,-4.485950412803797,5.736111794995338,-0.001155132646032955,0.0010906237620633477,1.0
harmonic_5_ratio_mean,harmonic_sideband,healthy_health_test,0,4,0.5765551759558282,0.6204011290878682,0.5765551759558282,0.0009413486373798487,0.0006913684893078636,0.0
harmonic_5_ratio_mean,harmonic_sideband,healthy_health_test,1,4,2.1891433103181757,1.9954272264385282,2.1891433103181757,0.005731478048627711,0.0037354527950316492,0.0
harmonic_5_ratio_mean,harmonic_sideband,healthy_health_test,2,4,0.12566051209602036,0.15761013946188349,0.5600084064768931,0.00016421259267357477,0.000970513775992122,0.5
harmonic_5_ratio_mean,harmonic_sideband,healthy_health_test,3,4,-0.7355480328706097,-0.5220457069831728,0.7355480328706097,-0.0015923325301018317,0.0011066688254937488,1.0
harmonic_5_ratio_mean,harmonic_sideband,healthy_health_test,4,4,-1.0560232527908706,-1.0781579431419335,1.0560232527908704,-0.0013465773198800103,0.0010409295410796372,1.0
harmonic_5_ratio_mean,harmonic_sideband,healthy_health_test,5,4,-2.2510219333736083,-2.598253626026243,2.2510219333736083,-0.0016226913898720475,0.0013746396714129974,1.0
harmonic_5_ratio_mean,harmonic_sideband,healthy_health_test,6,4,-4.67142627569604,-5.117528378564081,4.671426275696039,-0.001783713195849895,0.0016219560367074367,1.0
harmonic_5_ratio_mean,harmonic_sideband,healthy_health_test,7,4,-5.687175000722541,-4.90056214535046,5.687175000722541,-0.0011469505271865682,0.0010813652750812494,1.0
harmonic_5_ratio_mean,harmonic_sideband,healthy_unused,4,1,3.5402184837113047,3.5402184837113047,3.5402184837113047,0.0029621231469000313,0.002363566682887601,0.0
harmonic_5_ratio_mean,harmonic_sideband,healthy_unused,5,1,758.6932977850086,758.6932977850086,758.6932977850086,0.08337097026563389,0.06310982437963328,0.0
harmonic_5_ratio_mean,harmonic_sideband,healthy_unused,6,1,9183.146287842275,9183.146287842275,9183.146287842275,1.1146416079676364,0.43268935015335386,0.0
harmonic_5_ratio_mean,harmonic_sideband,healthy_unused,7,1,2210.325235632923,2210.325235632923,2210.325235632923,0.3129488925200355,0.18454841306830957,0.0
kurtosis_a,current_shape,fault,0,48,-11.630765579246303,-11.834868184254855,13.768645289571433,-0.018848401885917878,0.015535874064616486,0.9166666666666666
kurtosis_a,current_shape,fault,1,48,-2.0418751759126077,-2.2300091199166574,12.19938258926114,-0.013299281966135562,0.015714291689069092,0.625
kurtosis_a,current_shape,fault,2,48,9.736084314471151,5.716499944528105,13.96227672184556,0.004944201444929878,0.011510936439920223,0.2916666666666667
kurtosis_a,current_shape,fault,3,48,19.08419425306261,13.66734077056877,21.603810801914875,0.010155011781000539,0.011668803836939625,0.125
kurtosis_a,current_shape,fault,4,48,29.132740808883437,22.206777610055163,29.253162972242688,0.011492721215122265,0.009241883062724585,0.020833333333333332
kurtosis_a,current_shape,fault,5,48,40.626984885141226,33.091436019400376,40.645260700390395,0.00933154830610646,0.007616665250443318,0.020833333333333332
kurtosis_a,current_shape,fault,6,48,50.90480422319724,41.54737771647303,50.922088185954614,0.006985662074846047,0.005782997041646843,0.020833333333333332
kurtosis_a,current_shape,fault,7,48,56.76343469239857,51.962967655169905,56.76343469239858,0.004995748127497485,0.004172225048542867,0.0
kurtosis_a,current_shape,healthy_adaptation,0,1,5.331309659368625,5.331309659368625,5.331309659368625,0.005713470405206553,0.0049741992833539795,0.0
kurtosis_a,current_shape,healthy_adaptation,1,1,-5.133962986613821,-5.133962986613821,5.133962986613821,-0.0021967651890122705,0.0017496376315140354,1.0
kurtosis_a,current_shape,healthy_adaptation,2,1,-8.512115556609158,-8.512115556609158,8.512115556609158,-0.005492083658492515,0.004460337481628842,1.0
kurtosis_a,current_shape,healthy_adaptation,3,1,-6.059518193520103,-6.059518193520103,6.059518193520103,-0.0047155902596122045,0.003690330553466082,1.0
kurtosis_a,current_shape,healthy_all,0,8,-16.838384635331618,-20.02071432561258,18.171212050173775,-0.027402545341167477,0.021210889985645784,0.875
kurtosis_a,current_shape,healthy_all,1,8,-13.426384397085286,-14.980356375136726,13.426384397085286,-0.03274122361842413,0.021404326646067923,1.0
kurtosis_a,current_shape,healthy_all,2,8,-12.051384664981988,-12.678722599247081,12.051384664981988,-0.028968120819557706,0.018894797272049537,1.0
kurtosis_a,current_shape,healthy_all,3,8,-11.119002585519294,-11.968156683663981,11.119002585519294,-0.021344637804237822,0.01489713068258619,1.0
kurtosis_a,current_shape,healthy_all,4,8,-4.048290407730004,-11.293835516701593,15.779965837234146,-0.007446222326206942,0.013459584412887943,0.875
kurtosis_a,current_shape,healthy_all,5,8,141.88034876524463,-11.068825223006545,158.8799664534473,0.011489426865762199,0.018589234315340986,0.75
kurtosis_a,current_shape,healthy_all,6,8,-7.774497064368566,-10.825389729805613,12.105902576002546,-0.0023843768883417427,0.003602190694296988,0.875
kurtosis_a,current_shape,healthy_all,7,8,10.505140318552453,19.02470622907,15.915918307893447,0.0020769224078967183,0.0029392364465075857,0.25
kurtosis_a,current_shape,healthy_calibration,0,3,-20.158097026251514,-20.07043790125055,20.158097026251514,-0.03154949506012369,0.02308877567842214,1.0
kurtosis_a,current_shape,healthy_calibration,1,3,-14.305157248352039,-14.933057711293843,14.305157248352039,-0.0359350283500779,0.02346442505850915,1.0
kurtosis_a,current_shape,healthy_calibration,2,3,-12.574638901309035,-12.514841450327808,12.574638901309035,-0.03160966345004858,0.02063830629407965,1.0
kurtosis_a,current_shape,healthy_calibration,3,3,-12.409734095801495,-12.553000963702342,12.409734095801495,-0.024404743388988587,0.0170448966727169,1.0
kurtosis_a,current_shape,healthy_calibration,4,3,-11.620788446277537,-12.117450955946472,11.620788446277537,-0.014377922233005784,0.011102925514341123,1.0
kurtosis_a,current_shape,healthy_calibration,5,3,-10.968570322870413,-11.355594329621102,10.968570322870415,-0.007907844032050153,0.006709852250836634,1.0
kurtosis_a,current_shape,healthy_calibration,6,3,-10.209695598531368,-10.594234012983014,10.209695598531368,-0.0038878017008755054,0.003533712695626837,1.0
kurtosis_a,current_shape,healthy_calibration,7,3,10.031727189029258,19.236609058890213,17.07305657989829,0.0020321644772144714,0.0032538418065978423,0.3333333333333333
kurtosis_a,current_shape,healthy_health_test,0,4,-19.89102391581676,-20.08868810760793,19.891023915816756,-0.03257133698854382,0.023861648391636466,1.0
kurtosis_a,current_shape,healthy_health_test,1,4,-14.840410111253087,-15.079766869096087,14.840410111253087,-0.03798198467703677,0.024772925090375476,1.0
kurtosis_a,current_shape,healthy_health_test,2,4,-12.543761264829913,-12.887507680681608,12.543761264829913,-0.032855973136955846,0.021195780453132126,1.0
kurtosis_a,current_shape,healthy_health_test,3,4,-11.41582505080744,-11.968156683663981,11.415825050807442,-0.023206820501831153,0.01608800622226819,1.0
kurtosis_a,current_shape,healthy_health_test,4,4,-11.112664910255997,-11.60745215846691,11.112664910255997,-0.013924969845676838,0.010759521041408374,1.0
kurtosis_a,current_shape,healthy_health_test,5,4,-5.672385971605918,-11.367437483610281,11.873993920493827,-0.003799346524437505,0.00738608810693161,0.75
kurtosis_a,current_shape,healthy_health_test,6,4,-3.7681827947190545,-10.286338904245262,12.430993817987012,-0.001352391161520808,0.004359804885767805,0.75
kurtosis_a,current_shape,healthy_health_test,7,4,11.736827885152811,19.02470622907,17.277386820683024,0.002381996225264897,0.0032920060281024276,0.25
kurtosis_a,current_shape,healthy_unused,4,1,46.92670171801657,46.92670171801657,46.92670171801657,0.03926386747206917,0.03132981459444668,0.0
kurtosis_a,current_shape,healthy_unused,5,1,1190.638044976992,1190.638044976992,1190.638044976992,0.13083633311999807,0.09903996534249156,0.0
kurtosis_a,current_shape,healthy_unused,6,1,-16.49415854047821,-16.49415854047821,16.49415854047821,-0.002002045358024196,0.0007771679244241706,1.0
kurtosis_a,current_shape,healthy_unused,7,1,6.998629440720599,6.998629440720599,6.998629440720599,0.0009909009304707426,0.0005843420398574485,0.0
kurtosis_b,current_shape,fault,0,48,-24.452365013505432,-25.02838219687235,24.452365013505432,-0.03961668404183373,0.02740621778508348,1.0
kurtosis_b,current_shape,fault,1,48,-20.0190744118463,-20.14732747708195,20.0190744118463,-0.048263253110920536,0.030575732835793807,1.0
kurtosis_b,current_shape,fault,2,48,-20.210814898666495,-18.710319555201764,20.210814898666495,-0.03865823562034845,0.026060506689059192,1.0
kurtosis_b,current_shape,fault,3,48,-20.463105161872836,-19.332790264582098,20.46310516187284,-0.024002809133744026,0.017688567045712655,1.0
kurtosis_b,current_shape,fault,4,48,-20.511124143570825,-18.97388414901303,20.511124143570825,-0.012767583142704757,0.010038799997906913,1.0
kurtosis_b,current_shape,fault,5,48,-20.163565404030496,-19.169595803437602,20.684601841775088,-0.007024991518376656,0.0057484996643546475,0.9791666666666666
kurtosis_b,current_shape,fault,6,48,-21.216418973591924,-20.81926625336505,21.216418973591924,-0.003863330439876885,0.0031932806396123598,1.0
kurtosis_b,current_shape,fault,7,48,-20.55480105074262,-18.13337648584168,21.45746644029018,-0.0021677007752213856,0.001819134347635704,0.9791666666666666
kurtosis_b,current_shape,healthy_adaptation,0,1,0.873901149138482,0.873901149138482,0.873901149138482,0.0009365444274850143,0.000815364093910399,0.0
kurtosis_b,current_shape,healthy_adaptation,1,1,-9.494979283204165,-9.494979283204165,9.494979283204165,-0.004062795157292893,0.003235857583635865,1.0
kurtosis_b,current_shape,healthy_adaptation,2,1,-2.7374845717950302,-2.7374845717950302,2.7374845717950302,-0.0017662464967897976,0.001434438355512881,1.0
kurtosis_b,current_shape,healthy_adaptation,3,1,0.8444992830872747,0.8444992830872747,0.8444992830872747,0.000657199543989228,0.0005143117665839934,0.0
kurtosis_b,current_shape,healthy_all,0,8,-20.326084314944737,-22.99223226199836,20.54455960222936,-0.032627496831098085,0.02407267893501141,0.875
kurtosis_b,current_shape,healthy_all,1,8,-18.102476697605073,-19.76145632765056,18.102476697605073,-0.04339845494812104,0.028395587368970746,1.0
kurtosis_b,current_shape,healthy_all,2,8,-16.45261890289847,-18.38124923455909,16.45261890289847,-0.04170750743840395,0.02707254984342572,1.0
kurtosis_b,current_shape,healthy_all,3,8,-14.922987586162561,-17.588567694692003,15.13411240693438,-0.030095184626982404,0.02105192516979426,0.875
kurtosis_b,current_shape,healthy_all,4,8,-14.29554241607821,-16.20776868751301,14.29554241607821,-0.017693148391211253,0.013676832808700114,1.0
kurtosis_b,current_shape,healthy_all,5,8,866.0272115489491,-14.252421758097398,888.2741619723624,0.08839448807592115,0.07973512049938403,0.875
kurtosis_b,current_shape,healthy_all,6,8,45.659326701628146,-10.9597584747729,63.09215205295828,0.003392086880759535,0.005679815465963035,0.75
kurtosis_b,current_shape,healthy_all,7,8,0.4700416346622174,0.9378296933965846,5.307370077523125,0.00010182674617833406,0.0010097344327798245,0.25
kurtosis_b,current_shape,healthy_calibration,0,3,-23.747003769754212,-23.453268869893037,23.747003769754212,-0.03711422017508942,0.027161103909183453,1.0
kurtosis_b,current_shape,healthy_calibration,1,3,-19.760944841896627,-20.04704208731382,19.760944841896627,-0.049771191369599586,0.032500919622692144,1.0
kurtosis_b,current_shape,healthy_calibration,2,3,-18.37852497388701,-18.202846664863085,18.37852497388701,-0.04620873978418568,0.03016190440709288,1.0
kurtosis_b,current_shape,healthy_calibration,3,3,-17.30019124324615,-17.72323919362745,17.30019124324615,-0.03403991966579339,0.023775104245777775,1.0
kurtosis_b,current_shape,healthy_calibration,4,3,-16.286876873051916,-16.467851372479966,16.286876873051913,-0.020164964934067758,0.015571347018851314,1.0
kurtosis_b,current_shape,healthy_calibration,5,3,-13.747332861488374,-14.621999578869117,13.747332861488374,-0.009909775016877648,0.008408155621528699,1.0
kurtosis_b,current_shape,healthy_calibration,6,3,-11.277591343623635,-11.87999778127246,11.277591343623635,-0.004291205837036041,0.0038990940603716192,1.0
kurtosis_b,current_shape,healthy_calibration,7,3,-0.6772713608640064,1.5258264224235099,5.767544894106244,-0.000131580186783316,0.001096805150502468,0.3333333333333333
kurtosis_b,current_shape,healthy_health_test,0,4,-23.060391089858435,-23.593105383740557,23.060391089858435,-0.03765346463775036,0.027570688914657627,1.0
kurtosis_b,current_shape,healthy_health_test,1,4,-19.010499942986637,-19.80848071932445,19.010499942986637,-0.04845281757971918,0.031606520625013415,1.0
kurtosis_b,current_shape,healthy_health_test,2,4,-18.43697293243293,-18.915098705487765,18.43697293243293,-0.048316898414471184,0.03116506179265356,1.0
kurtosis_b,current_shape,healthy_health_test,3,4,-17.08195656066233,-17.81672060431597,17.08195656066233,-0.03482472939061708,0.024143944213609197,1.0
kurtosis_b,current_shape,healthy_health_test,4,4,-15.541629190906294,-16.308745831656925,15.541629190906294,-0.019564510691519425,0.01511815048662067,1.0
kurtosis_b,current_shape,healthy_health_test,5,4,-11.936450777296907,-14.519386991304842,11.936450777296908,-0.008554624672685425,0.007237368484058492,1.0
kurtosis_b,current_shape,healthy_health_test,6,4,-8.2456420519555,-11.384682243135892,9.703621635269322,-0.0031090893677013696,0.0033455318852204604,0.75
kurtosis_b,current_shape,healthy_health_test,7,4,1.4311107957035951,1.9270595212536885,6.272155490197724,0.00029994216559129473,0.0011954517874095156,0.25
kurtosis_b,current_shape,healthy_unused,4,1,-3.337191945844754,-3.337191945844754,3.337191945844754,-0.0027922495614090496,0.002228019466564291,1.0
kurtosis_b,current_shape,healthy_unused,5,1,7017.205494085246,7017.205494085246,7017.205494085246,0.7711037283487439,0.5837070231942522,0.0
kurtosis_b,current_shape,healthy_unused,6,1,432.08995585171806,432.08995585171806,432.08995585171806,0.05244667002798988,0.020359114005707578,0.0
kurtosis_b,current_shape,healthy_unused,7,1,0.06770397707537684,0.06770397707537684,0.06770397707537684,9.5858674114418e-06,5.652861093130569e-06,0.0
kurtosis_c,current_shape,fault,0,48,-19.386819040899088,-18.41478214306303,19.386819040899088,-0.03158449134353635,0.021706371180048284,1.0
kurtosis_c,current_shape,fault,1,48,-16.822711783018025,-17.869219262987688,16.822711783018025,-0.04214223720959081,0.026475209163104526,1.0
kurtosis_c,current_shape,fault,2,48,-15.489705688946048,-17.728543079520737,16.20934944521189,-0.03298735553519949,0.02219316847724985,0.9583333333333334
kurtosis_c,current_shape,fault,3,48,-13.159747693768587,-15.938731669487392,15.689821906231879,-0.018853743596647526,0.014302219518627974,0.8958333333333334
kurtosis_c,current_shape,fault,4,48,-10.1184485478969,-11.382839743576104,15.656181434214124,-0.008227855458891915,0.007522461716306644,0.8125
kurtosis_c,current_shape,fault,5,48,-5.984000251975645,-7.81092352009728,17.469870634776434,-0.003468095648423803,0.004435589008718794,0.6875
kurtosis_c,current_shape,fault,6,48,-2.6399913557300834,-8.496497100548124,20.96391132962557,-0.0012016953063827198,0.0028983981156475796,0.6041666666666666
kurtosis_c,current_shape,fault,7,48,-1.4788884893164347,-11.521398615370138,23.44288037598746,-0.00027340164912713143,0.0020603437462657858,0.625
kurtosis_c,current_shape,healthy_adaptation,0,1,0.040985497741908926,0.040985497741908926,0.040985497741908926,4.392343408144647e-05,3.824014107630233e-05,0.0
kurtosis_c,current_shape,healthy_adaptation,1,1,2440.019863269663,2440.019863269663,2440.019863269663,1.0440571367781988,0.8315507115165458,0.0
kurtosis_c,current_shape,healthy_adaptation,2,1,1499.1249661300446,1499.1249661300446,1499.1249661300446,0.9672471753662076,0.7855395326351803,0.0
kurtosis_c,current_shape,healthy_adaptation,3,1,1128.008969568505,1128.008969568505,1128.008969568505,0.8778302069198657,0.686973094566159,0.0
kurtosis_c,current_shape,healthy_all,0,8,-14.933967754211213,-17.509016635606244,14.944214128646692,-0.023975079709523707,0.01756196633241238,0.875
kurtosis_c,current_shape,healthy_all,1,8,290.0008340312845,-17.221256239941745,320.0041317861312,0.0924463395981524,0.1287829848619432,0.875
kurtosis_c,current_shape,healthy_all,2,8,171.17750249769355,-18.74866167795306,203.60373903481764,0.07909964349827266,0.12529272967505767,0.875
kurtosis_c,current_shape,healthy_all,3,8,124.59615817694812,-19.146238339991335,157.40608421517814,0.07670390003898148,0.10884251103409001,0.875
kurtosis_c,current_shape,healthy_all,4,8,63.10979496798866,-18.873227796367026,95.88710767668742,0.045988395622400244,0.06893615285138048,0.875
kurtosis_c,current_shape,healthy_all,5,8,-11.892069830901942,-18.885576455377212,18.309429668130516,-0.010539907209769194,0.009502808426890054,0.875
kurtosis_c,current_shape,healthy_all,6,8,-14.667507446982867,-18.198123557356364,14.667507446982867,-0.0054940482590360605,0.004969236019052229,1.0
kurtosis_c,current_shape,healthy_all,7,8,-5.013268649988942,-1.3560192810805916,5.767843256997089,-0.001019072914401072,0.001066457559063322,0.75
kurtosis_c,current_shape,healthy_calibration,0,3,-16.962014385180964,-17.515240226450562,16.962014385180964,-0.02652940338756105,0.019412606840337018,1.0
kurtosis_c,current_shape,healthy_calibration,1,3,-17.54842679848112,-17.872154359324114,17.54842679848112,-0.04420048865305809,0.02886320801729826,1.0
kurtosis_c,current_shape,healthy_calibration,2,3,-18.812480713244113,-18.999834989385374,18.812480713244113,-0.047338004923954596,0.03090257926905471,1.0
kurtosis_c,current_shape,healthy_calibration,3,3,-18.943448568256823,-19.167865836882257,18.943448568256823,-0.037328411076378444,0.02607521098106795,1.0
kurtosis_c,current_shape,healthy_calibration,4,3,-19.01213653135503,-19.049262420305286,19.01213653135503,-0.023555358881543448,0.01819115390824713,1.0
kurtosis_c,current_shape,healthy_calibration,5,3,-18.50021602911407,-19.015077476885292,18.50021602911407,-0.013356223490346764,0.011336404194977353,1.0
kurtosis_c,current_shape,healthy_calibration,6,3,-18.329738968312398,-19.009093948056385,18.329738968312398,-0.006980931694850274,0.0063455439068121205,1.0
kurtosis_c,current_shape,healthy_calibration,7,3,-6.966323653169472,-1.4450055625286593,6.966323653169472,-0.001398539562438395,0.001319758998766606,1.0
kurtosis_c,current_shape,healthy_health_test,0,4,-17.15667109397218,-17.5814947709198,17.15667109397218,-0.028064087736896982,0.02055491749930292,1.0
kurtosis_c,current_shape,healthy_health_test,1,4,-16.841977655985886,-17.221256239941745,16.841977655985886,-0.04297123850845131,0.02803088583177625,1.0
kurtosis_c,current_shape,healthy_health_test,2,4,-18.316876002190977,-18.74866167795306,18.316876002190977,-0.04810900315204065,0.031023641739529213,1.0
kurtosis_c,current_shape,healthy_health_test,3,4,-18.602339612037422,-19.20919347056472,18.602339612037422,-0.03805344334471964,0.026385340190839313,1.0
kurtosis_c,current_shape,healthy_health_test,4,4,-18.51821031018248,-19.043839831745576,18.518210310182482,-0.023390401433057338,0.018077361350006052,1.0
kurtosis_c,current_shape,healthy_health_test,5,4,-16.326337477196905,-19.083747049576395,16.32633747719691,-0.011767834942671931,0.009969503202708323,1.0
kurtosis_c,current_shape,healthy_health_test,6,4,-14.941394718544048,-18.46771164245695,14.941394718544048,-0.0056739485285209924,0.005148861143479504,1.0
kurtosis_c,current_shape,healthy_health_test,7,4,-5.279726490660151,-1.4567530907170738,5.833011843557703,-0.0010569091480713588,0.0011031915246966155,0.75
kurtosis_c,current_shape,healthy_unused,4,1,635.9876105787043,635.9876105787043,635.9876105787043,0.5321348473560616,0.42460631568627827,0.0
kurtosis_c,current_shape,healthy_unused,5,1,25.6694393489143,25.6694393489143,25.6694393489143,0.0028207525635744633,0.0021352420193550834,0.0
kurtosis_c,current_shape,healthy_unused,6,1,-2.585263796749545,-2.585263796749545,2.585263796749545,-0.00031379687365369374,0.00012181185806345128,1.0
kurtosis_c,current_shape,healthy_unused,7,1,1.9117277222374889,1.9117277222374889,1.9117277222374889,0.0002706719643920446,0.00015961737742029497,0.0
phase_rms_cv,sequence_imbalance,fault,0,48,42.05010135979786,25.57252559862774,43.391512547256184,0.06444693303495337,0.04841338240356133,0.0625
phase_rms_cv,sequence_imbalance,fault,1,48,63.592127108510745,31.32044826382814,64.5082290097876,0.09418857395212894,0.06601844872618097,0.125
phase_rms_cv,sequence_imbalance,fault,2,48,156.996362456926,29.301158208505555,157.5133385032983,0.09745256552871552,0.07565674638996552,0.0625
phase_rms_cv,sequence_imbalance,fault,3,48,390.640876755225,62.502688698540354,391.9087673317741,0.11785948285369376,0.09676668994566519,0.10416666666666667
phase_rms_cv,sequence_imbalance,fault,4,48,772.2851336413095,205.4888614976295,772.8324040865494,0.14424216671978876,0.11706825468599952,0.041666666666666664
phase_rms_cv,sequence_imbalance,fault,5,48,1171.0121785447138,411.1359879645312,1171.4378329175854,0.1535214632998036,0.12276057419853476,0.041666666666666664
phase_rms_cv,sequence_imbalance,fault,6,48,1512.9843708246165,721.1426399356985,1513.3360136196509,0.14724272227253174,0.11741839510563307,0.041666666666666664
phase_rms_cv,sequence_imbalance,fault,7,48,1856.6481347670097,1265.3118728083948,1856.6481347670099,0.13630029665759505,0.10966403772197075,0.0
phase_rms_cv,sequence_imbalance,healthy_adaptation,0,1,158.31589829913773,158.31589829913773,158.31589829913773,0.16966435217588463,0.1477113276433419,0.0
phase_rms_cv,sequence_imbalance,healthy_adaptation,1,1,-9.318169579820447,-9.318169579820447,9.318169579820447,-0.003987140267983082,0.0031756014206164615,1.0
phase_rms_cv,sequence_imbalance,healthy_adaptation,2,1,139.1290513174492,139.1290513174492,139.1290513174492,0.08976715413230545,0.07290344195255324,0.0
phase_rms_cv,sequence_imbalance,healthy_adaptation,3,1,74.3046156835324,74.3046156835324,74.3046156835324,0.05782474955454248,0.04525254067455833,0.0
phase_rms_cv,sequence_imbalance,healthy_all,0,8,84.51847458040125,77.59643277075803,84.51847458040126,0.12518009456822787,0.09468612255766488,0.0
phase_rms_cv,sequence_imbalance,healthy_all,1,8,75.92641944043051,86.93376969342941,78.25596183538562,0.19592450275092377,0.1285751826104027,0.125
phase_rms_cv,sequence_imbalance,healthy_all,2,8,95.56681175751373,93.13674486743712,95.56681175751373,0.21262300108264448,0.1396491551394058,0.0
phase_rms_cv,sequence_imbalance,healthy_all,3,8,79.23193659701111,78.44517662498227,79.23193659701111,0.14770180634336666,0.10336474142015889,0.0
phase_rms_cv,sequence_imbalance,healthy_all,4,8,85.253220914233,83.01447473258318,85.253220914233,0.09935462723595244,0.07711104642726041,0.0
phase_rms_cv,sequence_imbalance,healthy_all,5,8,54.6267429741986,76.526472072402,71.45573238505978,0.0443845027301266,0.03908703330705456,0.125
phase_rms_cv,sequence_imbalance,healthy_all,6,8,53.178339112896445,73.71570625257937,67.17321577172699,0.0220343239119774,0.021112823051647044,0.125
phase_rms_cv,sequence_imbalance,healthy_all,7,8,40.90302064311856,28.92030189100517,41.036129883042776,0.007784312380990918,0.0070058020466475125,0.125
phase_rms_cv,sequence_imbalance,healthy_calibration,0,3,73.39012632247793,73.38537051981933,73.39012632247791,0.11467683872723865,0.08393325010444223,0.0
phase_rms_cv,sequence_imbalance,healthy_calibration,1,3,89.73625310488968,88.50389356983713,89.73625310488968,0.22670745510386045,0.1480514944658821,0.0
phase_rms_cv,sequence_imbalance,healthy_calibration,2,3,85.38763965884341,83.45561916039075,85.3876396588434,0.21473887385137433,0.14014955569729307,0.0
phase_rms_cv,sequence_imbalance,healthy_calibration,3,3,81.57266960180347,82.30775990345293,81.57266960180347,0.16041480709108988,0.11203776099955069,0.0
phase_rms_cv,sequence_imbalance,healthy_calibration,4,3,80.10787760313988,79.42749147156285,80.1078776031399,0.09908266469448397,0.07652544129992045,0.0
phase_rms_cv,sequence_imbalance,healthy_calibration,5,3,78.17142166257388,80.75961953584238,78.17142166257388,0.056370031972694405,0.04783264012864901,0.0
phase_rms_cv,sequence_imbalance,healthy_calibration,6,3,75.88399885305463,74.17519172802369,75.88399885305465,0.028906913919877836,0.026278694506023634,0.0
phase_rms_cv,sequence_imbalance,healthy_calibration,7,3,42.64174538229766,27.17785867524354,42.64174538229766,0.008576242341288065,0.008095665934900046,0.0
phase_rms_cv,sequence_imbalance,healthy_health_test,0,4,74.41537984415963,77.59643277075803,74.41537984415963,0.12193647204705563,0.08949447562616261,0.0
phase_rms_cv,sequence_imbalance,healthy_health_test,1,4,86.88019144714886,86.93376969342941,86.88019144714886,0.222815199240948,0.14531784401623973,0.0
phase_rms_cv,sequence_imbalance,healthy_health_test,2,4,92.31063094153261,94.67780647725704,92.31063094153262,0.24175005824368184,0.1559602830177035,0.0
phase_rms_cv,sequence_imbalance,healthy_health_test,3,4,78.70821707178652,79.62648297552434,78.70821707178652,0.1606363199797803,0.11138802692201519,0.0
phase_rms_cv,sequence_imbalance,healthy_health_test,4,4,76.98648556455404,77.96814636479525,76.98648556455404,0.09641859341109511,0.07450299994333452,0.0
phase_rms_cv,sequence_imbalance,healthy_health_test,5,4,67.45390911232796,80.28574234703979,67.45390911232796,0.048340778396719075,0.04089971311778232,0.0
phase_rms_cv,sequence_imbalance,healthy_health_test,6,4,63.43855574483246,75.41213163477815,63.43855574483246,0.024087147271921915,0.02185721788154523,0.0
phase_rms_cv,sequence_imbalance,healthy_health_test,7,4,35.232300123343364,26.938089178183283,35.4985186031918,0.0070703735428260485,0.0067214772973394855,0.25
phase_rms_cv,sequence_imbalance,healthy_unused,4,1,133.75619224622818,133.75619224622818,133.75619224622818,0.1119146501597872,0.08930004774498385,0.0
phase_rms_cv,sequence_imbalance,healthy_unused,5,1,-67.31595764344469,-67.31595764344469,67.31595764344469,-0.0073971876639466905,0.005599493599360185,1.0
phase_rms_cv,sequence_imbalance,healthy_unused,6,1,-55.979506635322196,-55.979506635322196,55.979506635322196,-0.0067947395515019805,0.0026376293689245145,1.0
phase_rms_cv,sequence_imbalance,healthy_unused,7,1,58.36972850468202,58.36972850468202,58.36972850468202,0.008264277852758956,0.004873509379122021,0.0
rms_ratio_a,current_shape,fault,0,48,117.28982056054633,72.0008919349865,117.28982056054633,0.17699210233247223,0.12796098046339616,0.0
rms_ratio_a,current_shape,fault,1,48,207.9458819078624,94.54910449799331,207.9458819078624,0.28541163658383734,0.19317960532409104,0.0
rms_ratio_a,current_shape,fault,2,48,402.47850609415013,112.57473936412765,402.4785060941502,0.29284170102612045,0.21896525208568265,0.0
rms_ratio_a,current_shape,fault,3,48,816.3637062935296,212.17012401495774,816.3637062935296,0.3136767866315648,0.2480343186832192,0.0
rms_ratio_a,current_shape,fault,4,48,1415.9465379622254,430.21397013544964,1415.9465379622252,0.3121747760971566,0.2559615605310935,0.0
rms_ratio_a,current_shape,fault,5,48,2126.325906850949,743.9954980888779,2126.325906850949,0.2906857083212951,0.24499064481008972,0.0
rms_ratio_a,current_shape,fault,6,48,2902.2848860330137,1548.9405360099377,2902.2852316329463,0.2680112184010384,0.2294472093287353,0.020833333333333332
rms_ratio_a,current_shape,fault,7,48,3610.3191612158967,2185.305436651174,3610.3191612158967,0.24281492349755504,0.21075275290897447,0.0
rms_ratio_a,current_shape,healthy_adaptation,0,1,572.2708689555924,572.2708689555924,572.2708689555924,0.613292583332485,0.5339380992887932,0.0
rms_ratio_a,current_shape,healthy_adaptation,1,1,24.324051749593657,24.324051749593657,24.324051749593657,0.010407988970423738,0.008289556508870314,0.0
rms_ratio_a,current_shape,healthy_adaptation,2,1,-0.1095427453469183,-0.1095427453469183,0.1095427453469183,-7.0677837680328e-05,5.740025610108355e-05,1.0
rms_ratio_a,current_shape,healthy_adaptation,3,1,36.988293907964334,36.988293907964334,36.988293907964334,0.028784737152632398,0.02252638357866683,0.0
rms_ratio_a,current_shape,healthy_all,0,8,159.012595372458,98.62237306593244,159.012595372458,0.21728162788574187,0.16964860620584032,0.0
rms_ratio_a,current_shape,healthy_all,1,8,51.85106473678625,58.06026888274002,51.85106473678625,0.12503234932381285,0.08176677849482085,0.0
rms_ratio_a,current_shape,healthy_all,2,8,22.870631659509186,26.007282331014395,22.89801734584592,0.0582793399560755,0.037855000199684845,0.125
rms_ratio_a,current_shape,healthy_all,3,8,19.093188119416986,18.5443570023986,19.093188119416986,0.032175996819417935,0.022692170801792963,0.0
rms_ratio_a,current_shape,healthy_all,4,8,18.169082113604595,14.761562866879379,18.169082113604595,0.019296561748053182,0.015059534188584647,0.0
rms_ratio_a,current_shape,healthy_all,5,8,9.697597858583908,9.209364310695316,9.697597858583908,0.006497368111627601,0.005501338889026154,0.0
rms_ratio_a,current_shape,healthy_all,6,8,4.304914309922817,3.9057040179887794,4.348905050066373,0.0016406158594780864,0.0014926141506809284,0.125
rms_ratio_a,current_shape,healthy_all,7,8,29.42071979333794,8.011673237653952,32.113120904174956,0.00448105920009758,0.0035405666677558656,0.125
rms_ratio_a,current_shape,healthy_calibration,0,3,100.35057966638372,99.6669635635701,100.35057966638374,0.15731399779034158,0.11514731755174112,0.0
rms_ratio_a,current_shape,healthy_calibration,1,3,48.468605004683475,43.85486617918344,48.468605004683475,0.12108335077174542,0.07905565810606602,0.0
rms_ratio_a,current_shape,healthy_calibration,2,3,25.130399685767287,24.316832132615883,25.130399685767287,0.06300262460606461,0.041150444938083605,0.0
rms_ratio_a,current_shape,healthy_calibration,3,3,19.33559994871604,18.6057532507941,19.33559994871604,0.03777732345999219,0.026371966644466532,0.0
rms_ratio_a,current_shape,healthy_calibration,4,3,12.186457778713782,11.72211372934133,12.18645777871378,0.014965522342757045,0.01155694249066288,0.0
rms_ratio_a,current_shape,healthy_calibration,5,3,9.26595061136142,9.584104057326568,9.26595061136142,0.006624304972663933,0.0056099717256323,0.0
rms_ratio_a,current_shape,healthy_calibration,6,3,4.62580332531902,4.144204016601435,4.62580332531902,0.001757751145353835,0.0015962558483037612,0.0
rms_ratio_a,current_shape,healthy_calibration,7,3,7.458198008953506,6.74829111863209,7.458198008953507,0.0015043735149083415,0.0014208240694136513,0.0
rms_ratio_a,current_shape,healthy_health_test,0,4,99.69453875623014,97.10752270773767,99.69453875623014,0.1632546115956063,0.11945219942567653,0.0
rms_ratio_a,current_shape,healthy_health_test,1,4,61.26966278266147,62.150698346253606,61.26966278266147,0.1566501883262107,0.10216942428287461,0.0
rms_ratio_a,current_shape,healthy_health_test,2,4,26.920849241029636,28.732587329942753,26.920849241029636,0.06932438091702263,0.044832816631781715,0.0
rms_ratio_a,current_shape,healthy_health_test,3,4,14.437602800305855,15.289915866720506,14.437602800305855,0.02882281675568362,0.019973770725569315,0.0
rms_ratio_a,current_shape,healthy_health_test,4,4,12.368201118757016,12.031957509708755,12.368201118757018,0.014960526933998292,0.011550284170776252,0.0
rms_ratio_a,current_shape,healthy_health_test,5,4,10.832820473465263,11.402711439615508,10.832820473465263,0.007849268466390693,0.006661033292164886,0.0
rms_ratio_a,current_shape,healthy_health_test,6,4,5.184466865999925,4.343359063075219,5.184466865999925,0.00196825791435846,0.0017859636696752512,0.0
rms_ratio_a,current_shape,healthy_health_test,7,4,5.08690523015368,7.31810798609167,10.471707451827708,0.001014979370985358,0.001994380786020469,0.25
rms_ratio_a,current_shape,healthy_unused,4,1,59.32047909766736,59.32047909766736,59.32047909766736,0.04963381922016116,0.03960430935358353,0.0
rms_ratio_a,current_shape,healthy_unused,5,1,6.451649140725946,6.451649140725946,6.451649140725946,0.0007089561094662324,0.000536662766652783,0.0
rms_ratio_a,current_shape,healthy_unused,6,1,-0.1759629605742216,-0.1759629605742216,0.1759629605742216,-2.1358217670654282e-05,8.290981835138533e-06,1.0
rms_ratio_a,current_shape,healthy_unused,7,1,192.6435433992283,192.6435433992283,192.6435433992283,0.02727543557211418,0.016084537989724094,0.0
rms_ratio_b,current_shape,fault,0,48,6.811238709300052,5.179891571905793,30.19309417469911,0.01183214404568484,0.03348781626084164,0.4583333333333333
rms_ratio_b,current_shape,fault,1,48,-0.5697411936551636,1.3327034432738758,22.878188634178787,-0.01337530787446066,0.029790122061913643,0.4166666666666667
rms_ratio_b,current_shape,fault,2,48,39.76508738109339,17.33926194391318,43.14381835846674,0.03200765322010984,0.026886435095068884,0.22916666666666666
rms_ratio_b,current_shape,fault,3,48,107.47154457011516,24.710693214059447,109.93237188258841,0.044830161903728044,0.0349864872806341,0.08333333333333333
rms_ratio_b,current_shape,fault,4,48,241.67946081344564,31.791505591435097,243.7074683641914,0.05631709323234491,0.04416287026535151,0.08333333333333333
rms_ratio_b,current_shape,fault,5,48,400.04294451164907,67.91330384672898,402.48722758204434,0.06512607802680163,0.04893186868345459,0.08333333333333333
rms_ratio_b,current_shape,fault,6,48,544.2245268261228,90.90612776688067,548.0531632813677,0.06568096109954884,0.048309619702494096,0.125
rms_ratio_b,current_shape,fault,7,48,763.830781890848,110.57006202769188,772.4144340503444,0.06605441677997223,0.04765093788906843,0.1875
rms_ratio_b,current_shape,healthy_adaptation,0,1,-19.03332645869309,-19.03332645869309,19.03332645869309,-0.020397679816493045,0.017758405510042298,1.0
rms_ratio_b,current_shape,healthy_adaptation,1,1,-0.2927340116782265,-0.2927340116782265,0.2927340116782265,-0.00012525760083805827,9.976278445943935e-05,1.0
rms_ratio_b,current_shape,healthy_adaptation,2,1,42.62418280609071,42.62418280609071,42.62418280609071,0.02750145675174333,0.0223350163575012,0.0
rms_ratio_b,current_shape,healthy_adaptation,3,1,105.65389673218598,105.65389673218598,105.65389673218598,0.08222113877851782,0.06434468727571165,0.0
rms_ratio_b,current_shape,healthy_all,0,8,-11.265145575641617,-10.54683213004075,11.265145575641617,-0.016720732706782475,0.012541225336458198,1.0
rms_ratio_b,current_shape,healthy_all,1,8,-3.017070775895333,-3.1728987206148997,3.6732490563811018,-0.0073006931101423575,0.0058827442513022625,0.75
rms_ratio_b,current_shape,healthy_all,2,8,10.604196308449465,5.392483649944321,10.604196308449465,0.01740886312037573,0.011818920520574998,0.0
rms_ratio_b,current_shape,healthy_all,3,8,21.547242425816584,9.558050779812021,21.547242425816584,0.0273623185960366,0.019932317721458634,0.0
rms_ratio_b,current_shape,healthy_all,4,8,11.5250141850128,10.98417584908271,11.5250141850128,0.014148011692613283,0.010960823999588434,0.0
rms_ratio_b,current_shape,healthy_all,5,8,24.12813267842606,14.538747514534702,24.12813267842606,0.0156475242445,0.013353253500816363,0.0
rms_ratio_b,current_shape,healthy_all,6,8,32.11601020873046,18.892941487260792,32.11601020873046,0.010965359455525913,0.009671835276462799,0.0
rms_ratio_b,current_shape,healthy_all,7,8,131.08719564690452,64.96187782202306,131.08719564690452,0.02228357952362235,0.01750609826523001,0.0
rms_ratio_b,current_shape,healthy_calibration,0,3,-10.888011039236426,-10.447766350331735,10.888011039236426,-0.01707831506357647,0.012501996130303972,1.0
rms_ratio_b,current_shape,healthy_calibration,1,3,-1.4375289869886387,0.9363284037154982,3.18733773495069,-0.003287779878122133,0.005120010175653612,0.3333333333333333
rms_ratio_b,current_shape,healthy_calibration,2,3,6.040477330277434,5.474342510508324,6.040477330277436,0.015332981546359816,0.010006239586451643,0.0
rms_ratio_b,current_shape,healthy_calibration,3,3,9.077454446738008,8.851760268629327,9.077454446738008,0.018013260049263003,0.012590133707056174,0.0
rms_ratio_b,current_shape,healthy_calibration,4,3,11.347435688510316,11.107296157356888,11.347435688510316,0.014104512494709473,0.010895600162802154,0.0
rms_ratio_b,current_shape,healthy_calibration,5,3,14.68183329096506,13.84271153680553,14.681833290965061,0.010643013688338197,0.009042093789128753,0.0
rms_ratio_b,current_shape,healthy_calibration,6,3,18.61842035686706,18.832295545210407,18.61842035686706,0.0071009776010852515,0.006458646771657647,0.0
rms_ratio_b,current_shape,healthy_calibration,7,3,58.60607649045857,56.87314907682158,58.60607649045857,0.01183903982894195,0.011183226362316572,0.0
rms_ratio_b,current_shape,healthy_health_test,0,4,-9.60595125718264,-10.438923818463659,9.60595125718264,-0.015533309161759332,0.011266352197677841,1.0
rms_ratio_b,current_shape,healthy_health_test,1,4,-4.88281130862963,-5.6322633679735,4.88281130862963,-0.0121042369114836,0.007900540174749456,1.0
rms_ratio_b,current_shape,healthy_health_test,2,4,6.0219889176681765,5.08753039500818,6.0219889176681765,0.016442625893045765,0.010549407261935966,0.0
rms_ratio_b,current_shape,healthy_health_test,3,4,9.872919833533166,9.352563211285133,9.872919833533164,0.02065940746049649,0.014335863343697228,0.0
rms_ratio_b,current_shape,healthy_health_test,4,4,12.302873362869043,11.469268191188608,12.302873362869043,0.015846279885561275,0.012256734439010097,0.0
rms_ratio_b,current_shape,healthy_health_test,5,4,29.48369876800158,14.26218475377937,29.48369876800158,0.022459929659584883,0.019279343187978224,0.0
rms_ratio_b,current_shape,healthy_health_test,6,4,39.081848425110444,18.502228668349442,39.081848425110444,0.015247196314742029,0.013972609320750923,0.0
rms_ratio_b,current_shape,healthy_health_test,7,4,78.04452656474461,61.020961573053086,78.04452656474461,0.015841158661220763,0.014921010223446978,0.0
rms_ratio_b,current_shape,healthy_unused,4,1,8.946312963095282,8.946312963095282,8.946312963095282,0.0074854365145327435,0.005972853752260619,0.0
rms_ratio_b,current_shape,healthy_unused,5,1,31.044766482506972,31.044766482506972,31.044766482506972,0.003411434252645877,0.0025823738872317397,0.0
rms_ratio_b,current_shape,healthy_unused,6,1,44.74542689880071,44.74542689880071,44.74542689880071,0.005431157581983428,0.0021083046137257626,0.0
rms_ratio_b,current_shape,healthy_unused,7,1,560.7012294448821,560.7012294448821,560.7012294448821,0.07938688205726989,0.04681506614110244,0.0
rms_ratio_c,current_shape,fault,0,48,-8.867174235471174,-5.408303443160959,17.653281139740276,-0.01437102851204545,0.019374381118839688,0.5833333333333334
rms_ratio_c,current_shape,fault,1,48,-3.954251891028086,-2.10047100635111,18.896282655316444,0.0019436136139492092,0.02526941359205517,0.625
rms_ratio_c,current_shape,fault,2,48,-17.86081260251494,-7.474371992028687,27.80505281575606,-0.015623484952985755,0.021453863669737425,0.7083333333333334
rms_ratio_c,current_shape,fault,3,48,-42.86110453996662,-21.7993281851154,46.96564385400624,-0.018182972380206944,0.019121928711859342,0.75
rms_ratio_c,current_shape,fault,4,48,-90.003590624946,-38.99883300985594,92.52834689121859,-0.023839974511458865,0.020745812473533087,0.8958333333333334
rms_ratio_c,current_shape,fault,5,48,-172.64206415532556,-70.53253834723301,173.1728798505502,-0.03137778749829844,0.02395339666069199,0.9791666666666666
rms_ratio_c,current_shape,fault,6,48,-275.8426683799014,-111.98736881792226,275.8426683799014,-0.03561608654811831,0.02631451550571169,1.0
rms_ratio_c,current_shape,fault,7,48,-424.1914889526677,-153.8405938306393,424.1914889526677,-0.039119861024427334,0.028161165160586487,1.0
rms_ratio_c,current_shape,healthy_adaptation,0,1,-12.041741364759673,-12.041741364759673,12.041741364759673,-0.012904921550336998,0.011235142037128477,1.0
rms_ratio_c,current_shape,healthy_adaptation,1,1,-37.9197764825709,-37.9197764825709,37.9197764825709,-0.01622544711935685,0.012922934599547306,1.0
rms_ratio_c,current_shape,healthy_adaptation,2,1,-84.52811737545147,-84.52811737545147,84.52811737545147,-0.05453820369724687,0.04429262357564112,1.0
rms_ratio_c,current_shape,healthy_adaptation,3,1,-100.43738633101596,-100.43738633101596,100.43738633101596,-0.07816158736678534,0.06116776015030133,1.0
rms_ratio_c,current_shape,healthy_all,0,8,3.0038680841994614,4.433470305493236,6.014303425389379,0.005649126182912326,0.006707080579450443,0.125
rms_ratio_c,current_shape,healthy_all,1,8,-3.274237529898509,1.756155139690423,6.426894117257721,0.0015754023300290864,0.004352505193528263,0.25
rms_ratio_c,current_shape,healthy_all,2,8,-12.188404906797029,-1.7742050195853778,12.188404906797027,-0.01118866783323309,0.00835129433937984,1.0
rms_ratio_c,current_shape,healthy_all,3,8,-15.066555657183443,-2.7682269792882535,15.066555657183443,-0.014975829748763927,0.011268154834305922,1.0
rms_ratio_c,current_shape,healthy_all,4,8,-6.500876623602555,-3.672484532768688,6.500876623602555,-0.006836025808268336,0.005357158673351401,1.0
rms_ratio_c,current_shape,healthy_all,5,8,-4.497906527322279,-3.1406081790393374,7.123147926800282,-0.004260822539713776,0.0038873158436408366,0.875
rms_ratio_c,current_shape,healthy_all,6,8,-8.481673718047773,-4.7528216322675405,8.481673718047773,-0.0028712969097440056,0.002526346512827715,1.0
rms_ratio_c,current_shape,healthy_all,7,8,-22.26425913884697,-23.752709200861943,22.26425913884697,-0.004258237444870517,0.0038126033889276083,1.0
rms_ratio_c,current_shape,healthy_calibration,0,3,5.132329991745784,4.835000569600894,5.132329991745784,0.008073130920100707,0.005906490763952211,0.0
rms_ratio_c,current_shape,healthy_calibration,1,3,0.9285580091098472,0.3947002769264522,1.5183914131458571,0.002170144022069722,0.00244272469850913,0.3333333333333333
rms_ratio_c,current_shape,healthy_calibration,2,3,-1.5448982844548569,-1.9180069598470078,1.5448982844548567,-0.003941451019066201,0.0025670998494259677,1.0
rms_ratio_c,current_shape,healthy_calibration,3,3,-2.316112416520069,-2.389124859856381,2.316112416520069,-0.004619556609385333,0.0032299293715261136,1.0
rms_ratio_c,current_shape,healthy_calibration,4,3,-3.2787859501489165,-3.1340990206635393,3.2787859501489165,-0.004091149134018201,0.003160984930233458,1.0
rms_ratio_c,current_shape,healthy_calibration,5,3,-3.7395645511168567,-3.4519217886001154,3.7395645511168567,-0.0027226833908522243,0.002315418147299294,1.0
rms_ratio_c,current_shape,healthy_calibration,6,3,-4.622375982428376,-4.593750782871766,4.622375982428376,-0.0017643167548639588,0.0016052612108177287,1.0
rms_ratio_c,current_shape,healthy_calibration,7,3,-19.036690700021207,-22.298919941444165,19.036690700021207,-0.0038457721157425834,0.0036328360608883776,1.0
rms_ratio_c,current_shape,healthy_health_test,0,4,5.168924015779503,4.433470305493236,5.168924015779503,0.00846963456333337,0.006175507576654608,0.0
rms_ratio_c,current_shape,healthy_health_test,1,4,2.2350505540133225,2.6709403679792167,2.235050554013323,0.005579558423345094,0.003642233213287852,0.0
rms_ratio_c,current_shape,healthy_health_test,2,4,-2.0861067563900453,-1.6137394876246254,2.0861067563900453,-0.005786696477854809,0.0037041078977799254,1.0
rms_ratio_c,current_shape,healthy_health_test,3,4,-3.2866804192228454,-3.0057655465764705,3.2866804192228454,-0.00694659519879252,0.004821922602391925,1.0
rms_ratio_c,current_shape,healthy_health_test,4,4,-3.726449906224384,-3.265502593407083,3.726449906224384,-0.004900520598290762,0.0037928493365644855,1.0
rms_ratio_c,current_shape,healthy_health_test,5,4,-8.816381040784918,-3.5254160802740726,8.816381040784918,-0.006768113959934771,0.005819694559921137,1.0
rms_ratio_c,current_shape,healthy_health_test,6,4,-10.319908974713822,-4.6078114604176665,10.319908974713822,-0.004033776695988046,0.003699070156884572,1.0
rms_ratio_c,current_shape,healthy_health_test,7,4,-22.093875294244036,-23.60942498759978,22.093875294244036,-0.004477219287715406,0.00421951052028726,1.0
rms_ratio_c,current_shape,healthy_unused,4,1,-27.264855513476157,-27.264855513476157,27.264855513476157,-0.02281267667092904,0.018202917249852894,1.0
rms_ratio_c,current_shape,healthy_unused,5,1,10.500965597912016,10.500965597912016,10.500965597912016,0.0011539256945855495,0.0008734940675442632,0.0
rms_ratio_c,current_shape,healthy_unused,6,1,-12.706625898241773,-12.706625898241773,12.706625898241773,-0.0015423182294079865,0.0005987078426302469,1.0
rms_ratio_c,current_shape,healthy_unused,7,1,-32.628499833735994,-32.628499833735994,32.628499833735994,-0.004619706060874758,0.002724276847606693,1.0
sequence_unbalance,sequence_imbalance,fault,0,48,-8.665721447368957,-13.470066089421314,15.411129177383271,-0.015647498030964248,0.0167023784579764,0.8958333333333334
sequence_unbalance,sequence_imbalance,fault,1,48,22.752871383321068,4.416901318042113,32.317538316101356,0.02547619709001848,0.03489767302077552,0.4166666666666667
sequence_unbalance,sequence_imbalance,fault,2,48,84.56370723451778,42.17129454629077,89.98975226832482,0.0636917045425025,0.05798243198565501,0.25
sequence_unbalance,sequence_imbalance,fault,3,48,191.50539028175152,91.16014991318963,195.00528005239792,0.08307897008528581,0.07024736597670668,0.1875
sequence_unbalance,sequence_imbalance,fault,4,48,496.5138778988733,168.55851977243734,499.9407877890008,0.09945150058831181,0.08312163679425862,0.125
sequence_unbalance,sequence_imbalance,fault,5,48,1059.8766436477883,297.13344714758716,1061.9892940575287,0.11747427189109466,0.09290668113255642,0.08333333333333333
sequence_unbalance,sequence_imbalance,fault,6,48,1728.650424674682,517.5060919339554,1729.5758642882392,0.13381417182630392,0.10222627499916037,0.041666666666666664
sequence_unbalance,sequence_imbalance,fault,7,48,1950.44709626699,927.7230901627017,1950.44709626699,0.1349372153778913,0.10122191488686481,0.0
sequence_unbalance,sequence_imbalance,healthy_adaptation,0,1,-25.453720680331298,-25.453720680331298,25.453720680331298,-0.027278302912663626,0.023748738538250783,1.0
sequence_unbalance,sequence_imbalance,healthy_adaptation,1,1,-54.19731840547941,-54.19731840547941,54.19731840547941,-0.023190424769598525,0.018470267132159178,1.0
sequence_unbalance,sequence_imbalance,healthy_adaptation,2,1,7.01877310730277,7.01877310730277,7.01877310730277,0.004528567408293024,0.0036778279802890746,0.0
sequence_unbalance,sequence_imbalance,healthy_adaptation,3,1,-14.742430896667718,-14.742430896667718,14.742430896667718,-0.011472737818276455,0.008978344718646773,1.0
sequence_unbalance,sequence_imbalance,healthy_all,0,8,-15.179956459996841,-14.424449298548186,15.179956459996843,-0.02258216448323979,0.017001505201565258,1.0
sequence_unbalance,sequence_imbalance,healthy_all,1,8,-19.67391978191679,-14.965457722367045,19.673919781916794,-0.035791047436221586,0.023770704723254935,1.0
sequence_unbalance,sequence_imbalance,healthy_all,2,8,-14.40416527879928,-16.72242140993078,16.158858555624974,-0.03877301743379463,0.025952022130351735,0.875
sequence_unbalance,sequence_imbalance,healthy_all,3,8,-17.98339418209246,-18.980842324364374,17.98339418209246,-0.033649920702154223,0.02352088317384771,1.0
sequence_unbalance,sequence_imbalance,healthy_all,4,8,-23.14672355832343,-21.698748720723298,23.14672355832343,-0.026838089668848507,0.020839456973465745,1.0
sequence_unbalance,sequence_imbalance,healthy_all,5,8,-16.650991818106892,-21.216414719511786,17.157318418576082,-0.012098677602914323,0.01029001931308115,0.875
sequence_unbalance,sequence_imbalance,healthy_all,6,8,127.57633091755025,-21.14487291458059,161.58508623214829,0.011118060013978087,0.012701658390845633,0.75
sequence_unbalance,sequence_imbalance,healthy_all,7,8,321.5717458785979,-3.113170423555186,335.92207605427194,0.04512916452246773,0.028846943260555744,0.75
sequence_unbalance,sequence_imbalance,healthy_calibration,0,3,-14.109092700134077,-13.459055093308395,14.109092700134077,-0.022033373389890393,0.016125336574448472,1.0
sequence_unbalance,sequence_imbalance,healthy_calibration,1,3,-14.769340915830602,-14.794312018109595,14.769340915830602,-0.037274750509418385,0.02434154383569506,1.0
sequence_unbalance,sequence_imbalance,healthy_calibration,2,3,-17.075094663915284,-16.82171531158267,17.075094663915284,-0.042821389452753066,0.02794756210315548,1.0
sequence_unbalance,sequence_imbalance,healthy_calibration,3,3,-18.41768242613682,-19.11577621218367,18.41768242613682,-0.036123111692177134,0.025223511542035837,1.0
sequence_unbalance,sequence_imbalance,healthy_calibration,4,3,-20.888227794213623,-21.51586317202075,20.88822779421362,-0.0258320196553963,0.01994445098372101,1.0
sequence_unbalance,sequence_imbalance,healthy_calibration,5,3,-21.337351959258473,-21.743603937740826,21.337351959258473,-0.015398959751443267,0.013069193956230752,1.0
sequence_unbalance,sequence_imbalance,healthy_calibration,6,3,-21.887174072856965,-21.63653694780063,21.887174072856965,-0.008334717315027834,0.007575777742720423,1.0
sequence_unbalance,sequence_imbalance,healthy_calibration,7,3,-8.883518001367365,-3.7193988676428615,8.883518001367365,-0.0017841465849880729,0.0016837808918726965,1.0
sequence_unbalance,sequence_imbalance,healthy_health_test,0,4,-13.414663224810301,-13.232063415832167,13.414663224810301,-0.021819723195895875,0.015971823337731467,1.0
sequence_unbalance,sequence_imbalance,healthy_health_test,1,4,-14.721504275590782,-14.716181825084503,14.72150427559078,-0.03782842579797975,0.02466768478669878,1.0
sequence_unbalance,sequence_imbalance,healthy_health_test,2,4,-17.75670283648779,-17.707838365491583,17.75670283648779,-0.046562134630097715,0.030023915688264596,1.0
sequence_unbalance,sequence_imbalance,healthy_health_test,3,4,-18.467918820415377,-19.712230181786417,18.467918820415377,-0.03733932318060648,0.025879546511506847,1.0
sequence_unbalance,sequence_imbalance,healthy_health_test,4,4,-20.543179945571794,-20.95334951624288,20.543179945571794,-0.025864737562051314,0.0199881002386456,1.0
sequence_unbalance,sequence_imbalance,healthy_health_test,5,4,-17.805296267239118,-22.055379720674246,17.80529626723912,-0.012703774396934462,0.010736025767247886,1.0
sequence_unbalance,sequence_imbalance,healthy_health_test,6,4,-17.409489972596848,-21.96033327079956,17.7772595473138,-0.006588661453586566,0.006105507341033216,0.75
sequence_unbalance,sequence_imbalance,healthy_health_test,7,4,-6.945451736524016,-3.6741618489606482,8.429931612773046,-0.0013897319800657156,0.001596377527524996,0.75
sequence_unbalance,sequence_imbalance,healthy_unused,4,1,-40.336385301659405,-40.336385301659405,40.336385301659405,-0.033749708136393906,0.026929901881980526,1.0
sequence_unbalance,sequence_imbalance,healthy_unused,5,1,2.025306401876762,2.025306401876762,2.025306401876762,0.00022255601875306556,0.00016846956696539705,0.0
sequence_unbalance,sequence_imbalance,healthy_unused,6,1,1155.9101294493603,1155.9101294493603,1155.9101294493603,0.14030327787125446,0.05446390453447093,0.0
sequence_unbalance,sequence_imbalance,healthy_unused,7,1,2627.006327978981,2627.006327978981,2627.006327978981,0.3719446838549689,0.21933869329872788,0.0
sideband_lower_ratio,harmonic_sideband,fault,0,48,-0.38677384144270377,-0.6009952454136415,4.676887022978877,-0.0007006248133734251,0.005227894357474735,0.5208333333333334
sideband_lower_ratio,harmonic_sideband,fault,1,48,1.7381214063151837,1.4756089099796725,1.7490737696478895,0.0037791453440585167,0.002425751205704214,0.020833333333333332
sideband_lower_ratio,harmonic_sideband,fault,2,48,1.550253322571664,1.4070582056207441,1.629891710320136,0.002262193088688475,0.0016766527270613337,0.08333333333333333
sideband_lower_ratio,harmonic_sideband,fault,3,48,0.7834991263282296,0.7833199102710942,1.2826735714257076,0.00022138983835317248,0.0008826734319914042,0.2708333333333333
sideband_lower_ratio,harmonic_sideband,fault,4,48,-0.33491500152384096,-0.7615732467591372,1.3992784144841532,-0.000622412011458492,0.0006029082342331212,0.7291666666666666
sideband_lower_ratio,harmonic_sideband,fault,5,48,-2.246682680942433,-2.905136759057636,2.8331646685101908,-0.0010597275839620741,0.0009056230650093272,0.875
sideband_lower_ratio,harmonic_sideband,fault,6,48,-5.231898930821532,-5.999083939430703,5.472937381325175,-0.0011724531561318168,0.0010012206987197036,0.9166666666666666
sideband_lower_ratio,harmonic_sideband,fault,7,48,-9.258543537071745,-10.500330158339132,9.258543537071745,-0.0011051364562310252,0.0009374091946483744,1.0
sideband_lower_ratio,harmonic_sideband,healthy_adaptation,0,1,26.82770509649094,26.82770509649094,26.82770509649094,0.02875077774539972,0.02503068851581225,0.0
sideband_lower_ratio,harmonic_sideband,healthy_adaptation,1,1,0.9424788739820541,0.9424788739820541,0.9424788739820541,0.00040327614109053486,0.00032119368782469455,0.0
sideband_lower_ratio,harmonic_sideband,healthy_adaptation,2,1,-0.06138127680689569,-0.06138127680689569,0.06138127680689569,-3.960368078260056e-05,3.21637092202604e-05,1.0
sideband_lower_ratio,harmonic_sideband,healthy_adaptation,3,1,-0.5284965324578219,-0.5284965324578219,0.5284965324578219,-0.00041128238600917114,0.000321861712242338,1.0
sideband_lower_ratio,harmonic_sideband,healthy_all,0,8,6.011790286545607,3.397566430510694,6.132833294867716,0.007920540444750712,0.00640629408920386,0.125
sideband_lower_ratio,harmonic_sideband,healthy_all,1,8,0.9071499339470398,0.8429228784469056,0.9071499339470398,0.002058332147656102,0.0013502599540370008,0.0
sideband_lower_ratio,harmonic_sideband,healthy_all,2,8,-0.22335765098941332,-0.11447034888474991,0.22335765098941332,-0.0005582129277104683,0.0003639959169605615,1.0
sideband_lower_ratio,harmonic_sideband,healthy_all,3,8,-1.7090251408630994,-1.8825342174678226,1.7090251408630994,-0.0033687538138292544,0.00234808574044574,1.0
sideband_lower_ratio,harmonic_sideband,healthy_all,4,8,-3.352546114133134,-3.9767457014403123,3.6729201873086077,-0.004275464052965121,0.003514216083480024,0.875
sideband_lower_ratio,harmonic_sideband,healthy_all,5,8,-3.945379885632347,-6.638280965242656,6.465504661149733,-0.003613368196653123,0.0032854266969638973,0.875
sideband_lower_ratio,harmonic_sideband,healthy_all,6,8,0.13304913360049497,-10.238877545635535,16.637942558596333,-0.0021270253020189644,0.003253519485010443,0.875
sideband_lower_ratio,harmonic_sideband,healthy_all,7,8,-8.209166691903661,-7.565046647757903,8.83684800660619,-0.0016726448481146198,0.0016461375874578799,0.875
sideband_lower_ratio,harmonic_sideband,healthy_calibration,0,3,0.9767611132313704,0.2638598835330385,1.2995424687569932,0.0015772948501915343,0.0015059129806404491,0.3333333333333333
sideband_lower_ratio,harmonic_sideband,healthy_calibration,1,3,1.0233584483166107,0.7893026431799508,1.0233584483166107,0.002563535099160173,0.0016736864929243966,0.0
sideband_lower_ratio,harmonic_sideband,healthy_calibration,2,3,-0.4641566320242805,-0.485738966792458,0.4641566320242805,-0.0011719270248940316,0.0007653397642801634,1.0
sideband_lower_ratio,harmonic_sideband,healthy_calibration,3,3,-1.9110470282046392,-1.8926934686476484,1.9110470282046392,-0.003768009828803152,0.0026322541716889323,1.0
sideband_lower_ratio,harmonic_sideband,healthy_calibration,4,3,-3.9966194306018292,-3.9809161369073487,3.9966194306018292,-0.004955166569538078,0.0038271348059505006,1.0
sideband_lower_ratio,harmonic_sideband,healthy_calibration,5,3,-6.535841835120269,-6.603882866683957,6.535841835120269,-0.004723125732164601,0.004009763657279463,1.0
sideband_lower_ratio,harmonic_sideband,healthy_calibration,6,3,-10.191096033441395,-10.172372921524921,10.191096033441395,-0.0038845149196684143,0.0035322296967377318,1.0
sideband_lower_ratio,harmonic_sideband,healthy_calibration,7,3,-10.002078201097737,-7.535508750638161,10.002078201097737,-0.0020138828035612282,0.0019013658640628815,1.0
sideband_lower_ratio,harmonic_sideband,healthy_health_test,0,4,4.5840834640449515,4.140704737605257,4.5840834640449515,0.007470415315507845,0.005425481313974322,0.0
sideband_lower_ratio,harmonic_sideband,healthy_health_test,1,4,0.811161313161108,0.8324841251916232,0.811161313161108,0.0020931939356694405,0.0013649566164245306,0.0
sideband_lower_ratio,harmonic_sideband,healthy_health_test,2,4,-0.08325250875889237,-0.07857522553752164,0.08325250875889237,-0.00022757966655476277,0.00014594608340593528,1.0
sideband_lower_ratio,harmonic_sideband,healthy_health_test,3,4,-1.852640877458264,-1.8534871749902935,1.852640877458264,-0.0038086796595538513,0.002641515424064196,1.0
sideband_lower_ratio,harmonic_sideband,healthy_health_test,4,4,-4.02800172849037,-4.035226248542127,4.02800172849037,-0.0051026121876164045,0.00394418875926714,1.0
sideband_lower_ratio,harmonic_sideband,healthy_health_test,5,4,-5.509003170441878,-6.67268925539897,5.509003170441879,-0.00396132250643073,0.003353900972596195,1.0
sideband_lower_ratio,harmonic_sideband,healthy_health_test,6,4,-8.86157139991479,-10.369191660732424,8.861571399914789,-0.0033763115183462564,0.003067655013011344,1.0
sideband_lower_ratio,harmonic_sideband,healthy_health_test,7,4,-9.544456047686548,-7.632455955236933,9.544456047686548,-0.0019237478508059712,0.0018138432900998867,1.0
sideband_lower_ratio,harmonic_sideband,healthy_unused,4,1,1.2814962927018958,1.2814962927018958,1.2814962927018958,0.001072236035358888,0.0008555692129201303,0.0
sideband_lower_ratio,harmonic_sideband,healthy_unused,5,1,10.080499102069547,10.080499102069547,10.080499102069547,0.001107721648991738,0.0008385187134880087,0.0
sideband_lower_ratio,harmonic_sideband,healthy_unused,6,1,67.0839667687873,67.0839667687873,67.0839667687873,0.008142588416238552,0.0031608467378249727,0.0
sideband_lower_ratio,harmonic_sideband,healthy_unused,7,1,2.510725258810118,2.510725258810118,2.510725258810118,0.00035548102899061085,0.0002096299470748469,0.0
sideband_upper_ratio,harmonic_sideband,fault,0,48,216.85029901279992,204.81839232920726,216.85029901279992,0.3552879448169852,0.2442852416001318,0.0
sideband_upper_ratio,harmonic_sideband,fault,1,48,2.30102774857367,0.6613002494803308,2.4770996779702776,0.006194489167695472,0.0038962683746174252,0.2708333333333333
sideband_upper_ratio,harmonic_sideband,fault,2,48,-0.23148500665849747,-0.4528511832398695,1.0444934302917126,-0.0015354865142177536,0.0012377667095457938,0.6875
sideband_upper_ratio,harmonic_sideband,fault,3,48,-0.10565341754078846,-0.3303391420515444,1.2509696753685244,-0.001167255406226835,0.0010435143780617388,0.6041666666666666
sideband_upper_ratio,harmonic_sideband,fault,4,48,0.13818487549707373,-0.29872699144375237,1.536196103046071,-0.0006534123201568982,0.0006947873581460515,0.6041666666666666
sideband_upper_ratio,harmonic_sideband,fault,5,48,0.03875501213114884,-0.40223869750420826,1.6297745851194463,-0.0003944111521851778,0.0004595641727354325,0.5833333333333334
sideband_upper_ratio,harmonic_sideband,fault,6,48,-0.15950212133142544,-0.7860045081440035,1.9248285783399417,-0.00025454909687618906,0.00030790159748613047,0.6458333333333334
sideband_upper_ratio,harmonic_sideband,fault,7,48,-0.4811245081637916,-1.2698485255777272,2.22408383914984,-0.00015917323336836424,0.00020031735712571243,0.7291666666666666
sideband_upper_ratio,harmonic_sideband,healthy_adaptation,0,1,122.97018607785725,122.97018607785725,122.97018607785725,0.13178497663213695,0.11473319888434745,0.0
sideband_upper_ratio,harmonic_sideband,healthy_adaptation,1,1,25.096792197337766,25.096792197337766,25.096792197337766,0.010738635942396874,0.008552903901574802,0.0
sideband_upper_ratio,harmonic_sideband,healthy_adaptation,2,1,-0.03747543638326543,-0.03747543638326543,0.03747543638326543,-2.4179445213898924e-05,1.963707992790246e-05,1.0
sideband_upper_ratio,harmonic_sideband,healthy_adaptation,3,1,-0.09356367738436629,-0.09356367738436629,0.09356367738436629,-7.281238402733622e-05,5.698157614501515e-05,1.0
sideband_upper_ratio,harmonic_sideband,healthy_all,0,8,175.7939137954025,179.76264322051662,175.7939137954025,0.2740136800792466,0.20317853843539707,0.0
sideband_upper_ratio,harmonic_sideband,healthy_all,1,8,5.528841752192633,2.3162683125142483,5.528841752192633,0.00746316198308491,0.005062223582870622,0.0
sideband_upper_ratio,harmonic_sideband,healthy_all,2,8,-1.4461497087859037,-1.6544569523844657,1.4461497087859037,-0.003713627196085749,0.0024085818476446887,1.0
sideband_upper_ratio,harmonic_sideband,healthy_all,3,8,-1.866889737094209,-2.1691839887358793,1.8668897370942088,-0.0037326042690759374,0.0025967409608768166,1.0
sideband_upper_ratio,harmonic_sideband,healthy_all,4,8,-2.30240981393339,-2.7473352499484918,2.532170225699618,-0.0029286717419758214,0.002413577296606004,0.875
sideband_upper_ratio,harmonic_sideband,healthy_all,5,8,-0.4924598151241041,-3.558302656168676,5.367307209260179,-0.0018511378656472662,0.0020005957384848718,0.875
sideband_upper_ratio,harmonic_sideband,healthy_all,6,8,-1.0927780770949223,-4.656389823644616,7.051678570980183,-0.0011945424819134538,0.0015562359201763722,0.875
sideband_upper_ratio,harmonic_sideband,healthy_all,7,8,-6.07641635451103,-6.658264384337844,6.07641635451103,-0.0012226343070492808,0.0011506878779610236,1.0
sideband_upper_ratio,harmonic_sideband,healthy_calibration,0,3,196.5505306603927,200.59913592532806,196.5505306603927,0.3072388506753092,0.22487756792268165,0.0
sideband_upper_ratio,harmonic_sideband,healthy_calibration,1,3,4.285375822042988,2.3915201298428848,4.285375822042988,0.010736605383852524,0.00700949238732398,0.0
sideband_upper_ratio,harmonic_sideband,healthy_calibration,2,3,-1.7377079448097057,-1.7588911657390807,1.7377079448097057,-0.004371728928066194,0.0028539184226800125,1.0
sideband_upper_ratio,harmonic_sideband,healthy_calibration,3,3,-2.151582166079619,-2.1899761096188697,2.151582166079619,-0.004231671444176239,0.0029555168655090412,1.0
sideband_upper_ratio,harmonic_sideband,healthy_calibration,4,3,-2.799558374225611,-2.7620718830388595,2.799558374225611,-0.0034696121029566054,0.0026794949865605795,1.0
sideband_upper_ratio,harmonic_sideband,healthy_calibration,5,3,-3.4640233649618106,-3.6376676938346937,3.4640233649618106,-0.002500405229834515,0.0021221770554331484,1.0
sideband_upper_ratio,harmonic_sideband,healthy_calibration,6,3,-4.653267527790561,-4.700669758646412,4.653267527790561,-0.0017731916812829325,0.001612193566883441,1.0
sideband_upper_ratio,harmonic_sideband,healthy_calibration,7,3,-6.956661069799327,-7.014621918274779,6.956661069799327,-0.0014026252812527355,0.0013245734097007296,1.0
sideband_upper_ratio,harmonic_sideband,healthy_health_test,0,4,173.4323830760462,175.04260398310078,173.43238307604616,0.284651977993977,0.20901560120769605,0.0
sideband_upper_ratio,harmonic_sideband,healthy_health_test,1,4,1.5694535885185839,1.4332929558414154,1.5694535885185839,0.004189210942681208,0.0027291018998545588,0.0
sideband_upper_ratio,harmonic_sideband,healthy_health_test,2,4,-1.5796495998687115,-1.6148741194935936,1.5796495998687115,-0.0041424128348183775,0.0026718156082973926,1.0
sideband_upper_ratio,harmonic_sideband,healthy_health_test,3,4,-2.096701930282612,-2.1943129832955615,2.096701930282612,-0.004273251859012861,0.0029625988785855987,1.0
sideband_upper_ratio,harmonic_sideband,healthy_health_test,4,4,-2.7349112589638,-2.831278469364831,2.7349112589638,-0.0034473763932289197,0.0026641377205655686,1.0
sideband_upper_ratio,harmonic_sideband,healthy_health_test,5,4,-3.2617495006629262,-3.5706452732451854,3.261749500662926,-0.002362656990707598,0.002004057854137217,1.0
sideband_upper_ratio,harmonic_sideband,healthy_health_test,6,4,-4.654506002232183,-4.675704631055907,4.654506002232183,-0.001782476906917677,0.0016225565781731203,1.0
sideband_upper_ratio,harmonic_sideband,healthy_health_test,7,4,-6.820442889099326,-6.658264384337844,6.8204428890993265,-0.0013770323839910734,0.0012983527626059756,1.0
sideband_upper_ratio,harmonic_sideband,healthy_unused,4,1,0.919041647064912,0.919041647064912,0.919041647064912,0.0007689679459789246,0.0006135825309040192,0.0
sideband_upper_ratio,harmonic_sideband,healthy_unused,5,1,19.499389576544303,19.499389576544303,19.499389576544303,0.002142740727155807,0.0016220033250306627,0.0
sideband_upper_ratio,harmonic_sideband,healthy_unused,6,1,23.83560197554104,23.83560197554104,23.83560197554104,0.002893142816211876,0.0011230803480681724,0.0
sideband_upper_ratio,harmonic_sideband,healthy_unused,7,1,-0.4595760702929627,-0.4595760702929627,0.4595760702929627,-6.506907667174553e-05,3.83717441620983e-05,1.0
spectral_entropy,spectral_entropy,fault,0,48,-5.391478964846379,-3.971695639086822,6.056086366460568,-0.008682948243991946,0.006817670501154329,0.9166666666666666
spectral_entropy,spectral_entropy,fault,1,48,-9.439469944212577,-11.850875546030018,11.093682683004667,-0.027176414414755597,0.017559152768782036,0.8958333333333334
spectral_entropy,spectral_entropy,fault,2,48,-3.462901503367671,-6.1972393729482445,9.764289743369739,-0.01588195383330208,0.01201462096870474,0.75
spectral_entropy,spectral_entropy,fault,3,48,2.646753561138622,-1.207214448527031,10.697602666353623,-0.005718348804388654,0.007082041889864894,0.5416666666666666
spectral_entropy,spectral_entropy,fault,4,48,9.49649448967263,4.861251870869191,13.805042919151523,8.140976468608329e-05,0.00411288632488863,0.3541666666666667
spectral_entropy,spectral_entropy,fault,5,48,16.36755574838678,10.503737145831774,19.043686872287932,0.002107645713755783,0.0032163827785706947,0.16666666666666666
spectral_entropy,spectral_entropy,fault,6,48,25.476277389424336,19.0066752534766,26.902809626225423,0.0028975854275160827,0.0027660359017112404,0.10416666666666667
spectral_entropy,spectral_entropy,fault,7,48,30.768692233492825,27.441316351917674,33.11484357479936,0.00263944653920462,0.002180717607093548,0.0625
spectral_entropy,spectral_entropy,healthy_adaptation,0,1,-6.219703565862406,-6.219703565862406,6.219703565862406,-0.006665546464791352,0.005803085357388694,1.0
spectral_entropy,spectral_entropy,healthy_adaptation,1,1,-6.844875036200421,-6.844875036200421,6.844875036200421,-0.002928845268629758,0.0023327108079223276,1.0
spectral_entropy,spectral_entropy,healthy_adaptation,2,1,-1.2158553134143089,-1.2158553134143089,1.2158553134143089,-0.0007844793757186804,0.0006371066030052524,1.0
spectral_entropy,spectral_entropy,healthy_adaptation,3,1,-3.590675798842089,-3.590675798842089,3.590675798842089,-0.0027943072834655156,0.0021867713215595664,1.0
spectral_entropy,spectral_entropy,healthy_all,0,8,-9.828268705852265,-10.533754624298233,9.828268705852265,-0.01532889506627271,0.011333549139702116,1.0
spectral_entropy,spectral_entropy,healthy_all,1,8,-14.73464213281091,-16.23775877171324,14.734642132810908,-0.03556055158994972,0.023259190674337838,1.0
spectral_entropy,spectral_entropy,healthy_all,2,8,-13.742972711581404,-15.785298380435997,13.742972711581404,-0.03505584189856514,0.022744678984556958,1.0
spectral_entropy,spectral_entropy,healthy_all,3,8,-13.109789195833578,-14.779224445102793,13.109789195833578,-0.025740713397109635,0.01793235275448151,1.0
spectral_entropy,spectral_entropy,healthy_all,4,8,-12.68369497400338,-13.760650269680935,12.68369497400338,-0.015521790554453081,0.012007352263157947,1.0
spectral_entropy,spectral_entropy,healthy_all,5,8,-15.795429041200178,-12.869623846970871,15.79542904120018,-0.008377882913477441,0.007062974778029148,1.0
spectral_entropy,spectral_entropy,healthy_all,6,8,-16.623939032749647,-10.932588011053717,16.623939032749647,-0.004397920593305234,0.003526488213579611,1.0
spectral_entropy,spectral_entropy,healthy_all,7,8,-15.451977841715426,-13.828576571502118,15.451977841715426,-0.002836783683447924,0.0024425733127208696,1.0
spectral_entropy,spectral_entropy,healthy_calibration,0,3,-10.525821199286101,-10.84770745451085,10.525821199286101,-0.016450305801353367,0.01203758258491716,1.0
spectral_entropy,spectral_entropy,healthy_calibration,1,3,-15.880699264316513,-16.488331121319955,15.880699264316513,-0.039944044700630364,0.026082908105367328,1.0
spectral_entropy,spectral_entropy,healthy_calibration,2,3,-15.621413216916963,-16.03275747711529,15.621413216916963,-0.03925625469866854,0.025626225946120965,1.0
spectral_entropy,spectral_entropy,healthy_calibration,3,3,-14.737022024279447,-14.990015675215998,14.737022024279447,-0.02898293910216222,0.020242421221981843,1.0
spectral_entropy,spectral_entropy,healthy_calibration,4,3,-13.823246080245637,-14.084669264102653,13.823246080245637,-0.017111419198488395,0.013213289764525876,1.0
spectral_entropy,spectral_entropy,healthy_calibration,5,3,-12.15145336362268,-12.61208331620545,12.15145336362268,-0.008764767270690496,0.0074377440298061025,1.0
spectral_entropy,spectral_entropy,healthy_calibration,6,3,-10.085166660611462,-10.500414485604534,10.085166660611462,-0.0038395584062038356,0.0034895388141613012,1.0
spectral_entropy,spectral_entropy,healthy_calibration,7,3,-12.271081837478953,-13.317472598566793,12.271081837478953,-0.0024751063240977546,0.002337533776259029,1.0
spectral_entropy,spectral_entropy,healthy_health_test,0,4,-10.207245620774353,-10.53722138440571,10.207245620774353,-0.016653674165332557,0.01218814000136919,1.0
spectral_entropy,spectral_entropy,healthy_health_test,1,4,-15.847541058334327,-16.32023658697893,15.847541058334327,-0.04043085833726921,0.0263730225676696,1.0
spectral_entropy,spectral_entropy,healthy_health_test,2,4,-15.465921682121508,-16.015178679058515,15.465921682121508,-0.04047337292919921,0.026110411858771877,1.0
spectral_entropy,spectral_entropy,healthy_health_test,3,4,-14.269142923747047,-14.927492111510777,14.269142923747047,-0.029045645646731233,0.020136196762086746,1.0
spectral_entropy,spectral_entropy,healthy_health_test,4,4,-13.428492757776587,-14.01597814543295,13.428492757776587,-0.016895164010308272,0.013055576894632895,1.0
spectral_entropy,spectral_entropy,healthy_health_test,5,4,-12.463501078514314,-12.654055499876042,12.463501078514314,-0.00908180175620257,0.00771467374895438,1.0
spectral_entropy,spectral_entropy,healthy_health_test,6,4,-10.695054947497802,-10.932588011053717,10.695054947497804,-0.004096828040337576,0.0037295765463699363,1.0
spectral_entropy,spectral_entropy,healthy_health_test,7,4,-12.348099315421,-12.701848999725732,12.348099315421,-0.0024930575666758264,0.002351116942004891,1.0
spectral_entropy,spectral_entropy,healthy_unused,4,1,-6.285850520183786,-6.285850520183786,6.285850520183786,-0.0052594107989263755,0.0041966412331543666,1.0
spectral_entropy,spectral_entropy,healthy_unused,5,1,-40.05506792467613,-40.05506792467613,40.05506792467613,-0.004401554470937763,0.0033318711389973507,1.0
spectral_entropy,spectral_entropy,healthy_unused,6,1,-59.95579249017159,-59.95579249017159,59.95579249017159,-0.007277377366480065,0.0028249830806732377,1.0
spectral_entropy,spectral_entropy,healthy_unused,7,1,-37.410179959602544,-37.410179959602544,37.410179959602544,-0.005296720228586824,0.0031235174049703057,1.0
thd_2_to_5_mean,harmonic_sideband,fault,0,48,-16.899383132995734,-11.004468953056293,17.089910959387247,-0.027990712356878587,0.019080089553225255,0.9583333333333334
thd_2_to_5_mean,harmonic_sideband,fault,1,48,-10.9413749775162,-9.90236051528059,11.19959908724134,-0.026718908006228007,0.016820414595450736,0.9583333333333334
thd_2_to_5_mean,harmonic_sideband,fault,2,48,-12.229123225077158,-12.563465186030177,12.456565557350217,-0.025731971611193057,0.01700361764972343,0.9583333333333334
thd_2_to_5_mean,harmonic_sideband,fault,3,48,-11.997406394236153,-15.461953453625526,16.232197866494165,-0.018349016003920703,0.013701526975804299,0.9375
thd_2_to_5_mean,harmonic_sideband,fault,4,48,-19.370296201078023,-23.809513020795713,23.068485819456033,-0.014777262006798198,0.011749937683326639,0.9375
thd_2_to_5_mean,harmonic_sideband,fault,5,48,-21.417594588972193,-26.736005802558353,26.65963925893629,-0.008931110829337754,0.007593336166331323,0.9166666666666666
thd_2_to_5_mean,harmonic_sideband,fault,6,48,-20.87647883389045,-27.177137536797186,27.078667513634514,-0.004897039030654642,0.00435645450744409,0.9375
thd_2_to_5_mean,harmonic_sideband,fault,7,48,-246.1438691185114,-31.64416127448117,251.57090565194986,-0.010437665855028736,0.006711975669450638,0.9583333333333334
thd_2_to_5_mean,harmonic_sideband,healthy_adaptation,0,1,-2.239315223099056,-2.239315223099056,2.239315223099056,-0.002399834575847947,0.002089317801746696,1.0
thd_2_to_5_mean,harmonic_sideband,healthy_adaptation,1,1,-6.262949323802,-6.262949323802,6.262949323802,-0.002679845782088626,0.0021343924468798705,1.0
thd_2_to_5_mean,harmonic_sideband,healthy_adaptation,2,1,-3.486940284338968,-3.486940284338968,3.486940284338968,-0.0022498011952960385,0.0018271521742162782,1.0
thd_2_to_5_mean,harmonic_sideband,healthy_adaptation,3,1,-1.512379179279371,-1.512379179279371,1.512379179279371,-0.0011769517474634582,0.0009210598789337729,1.0
thd_2_to_5_mean,harmonic_sideband,healthy_all,0,8,-6.833948160595701,-7.443200404441228,6.833948160595701,-0.010763872863464306,0.007923497441485365,1.0
thd_2_to_5_mean,harmonic_sideband,healthy_all,1,8,-7.342571982845941,-7.113719963449848,7.342571982845941,-0.017078337580853344,0.011192189667341805,1.0
thd_2_to_5_mean,harmonic_sideband,healthy_all,2,8,-7.013463607400054,-7.38675208196348,7.013463607400054,-0.01696001307820069,0.011058210352976652,1.0
thd_2_to_5_mean,harmonic_sideband,healthy_all,3,8,-7.826707152641835,-9.382660250454311,7.826707152641836,-0.015372089251103211,0.010699285114592961,1.0
thd_2_to_5_mean,harmonic_sideband,healthy_all,4,8,-9.78146974764866,-12.230718850235203,10.982799747528334,-0.012485301806968366,0.010434437642150516,0.875
thd_2_to_5_mean,harmonic_sideband,healthy_all,5,8,-86.2893607444093,-14.534922513282423,86.2893607444093,-0.017696803177507037,0.014301677818732735,1.0
thd_2_to_5_mean,harmonic_sideband,healthy_all,6,8,-632.0277659112031,-16.40756084088398,632.0277659112031,-0.08049975165211011,0.03414288226714508,1.0
thd_2_to_5_mean,harmonic_sideband,healthy_all,7,8,-271.6858810090215,-32.37349066018758,271.68588100902144,-0.039974212672034076,0.025360358128820277,1.0
thd_2_to_5_mean,harmonic_sideband,healthy_calibration,0,3,-8.300390024838464,-8.64068290398475,8.300390024838464,-0.01295988129519155,0.009486587156640818,1.0
thd_2_to_5_mean,harmonic_sideband,healthy_calibration,1,3,-8.592601532907663,-8.877149934686077,8.592601532907663,-0.02174669280217255,0.014202143455592306,1.0
thd_2_to_5_mean,harmonic_sideband,healthy_calibration,2,3,-8.162160525655002,-7.712867524967911,8.162160525655002,-0.020407641048746854,0.013315813547752587,1.0
thd_2_to_5_mean,harmonic_sideband,healthy_calibration,3,3,-8.70840552572357,-9.0845851864331,8.70840552572357,-0.017079526681113247,0.011925965696330823,1.0
thd_2_to_5_mean,harmonic_sideband,healthy_calibration,4,3,-11.987245532535189,-12.231229934719101,11.987245532535189,-0.014840109202750905,0.011459666054531316,1.0
thd_2_to_5_mean,harmonic_sideband,healthy_calibration,5,3,-13.649041073677617,-14.400453736176258,13.649041073677617,-0.009846693035585339,0.00835615099309255,1.0
thd_2_to_5_mean,harmonic_sideband,healthy_calibration,6,3,-15.532178954021807,-16.070007299535057,15.532178954021807,-0.005915561601774986,0.005377178829339597,1.0
thd_2_to_5_mean,harmonic_sideband,healthy_calibration,7,3,-28.647294093761186,-31.79408288309587,28.647294093761186,-0.005778475224191431,0.005457313574000103,1.0
thd_2_to_5_mean,harmonic_sideband,healthy_health_test,0,4,-6.8827749967877905,-6.935533529341047,6.8827749967877905,-0.011207876111572965,0.008209725065053443,1.0
thd_2_to_5_mean,harmonic_sideband,healthy_health_test,1,4,-6.674955485060636,-6.79115830388881,6.674955485060636,-0.017176694114555118,0.011199173631269415,1.0
thd_2_to_5_mean,harmonic_sideband,healthy_health_test,2,4,-7.033571749474113,-7.552014751385565,7.033571749474114,-0.018051845071017227,0.011672772501584792,1.0
thd_2_to_5_mean,harmonic_sideband,healthy_health_test,3,4,-8.74401536617115,-9.707159809010289,8.74401536617115,-0.017640295554505622,0.012223830987204361,1.0
thd_2_to_5_mean,harmonic_sideband,healthy_health_test,4,4,-11.773835345775604,-12.34874565039834,11.773835345775604,-0.014845682104115372,0.011472078192966528,1.0
thd_2_to_5_mean,harmonic_sideband,healthy_health_test,5,4,-16.203815842823836,-14.534922513282423,16.203815842823836,-0.011949821730470782,0.010180142660654931,1.0
thd_2_to_5_mean,harmonic_sideband,healthy_health_test,6,4,-17.307757773572774,-16.40756084088398,17.307757773572774,-0.006647727763859145,0.006057790070286989,1.0
thd_2_to_5_mean,harmonic_sideband,healthy_health_test,7,4,-28.55339689123976,-29.942060941692716,28.553396891239764,-0.005766032381959438,0.005437501993625409,1.0
thd_2_to_5_mean,harmonic_sideband,healthy_unused,4,1,4.8053199995187,4.8053199995187,4.8053199995187,0.0040206415689672806,0.0032081902017440716,0.0
thd_2_to_5_mean,harmonic_sideband,healthy_unused,5,1,-584.5524993629462,-584.5524993629462,584.5524993629462,-0.06423505939141715,0.0486243989279645,1.0
thd_2_to_5_mean,harmonic_sideband,healthy_unused,6,1,-4940.394559333268,-4940.394559333268,4940.394559333268,-0.5996604173561193,0.2327803613679939,1.0
thd_2_to_5_mean,harmonic_sideband,healthy_unused,7,1,-1973.3315782259292,-1973.3315782259292,1973.3315782259292,-0.27939414617586056,0.16476091633406026,1.0
zero_sequence_ratio,sequence_imbalance,fault,0,48,83.39758143846336,88.13505160512184,83.39758143846335,0.1347286687832501,0.0934146321718496,0.0
zero_sequence_ratio,sequence_imbalance,fault,1,48,103.01527737802576,104.90187832161405,103.06100240110767,0.24489278688268293,0.15662717853279295,0.020833333333333332
zero_sequence_ratio,sequence_imbalance,fault,2,48,122.28566988786542,124.84256516560419,122.28566988786542,0.22501221870436164,0.15263161739516848,0.0
zero_sequence_ratio,sequence_imbalance,fault,3,48,137.41958073351822,141.87483211870673,137.4195807335182,0.1529435109474835,0.11319664971002545,0.0
zero_sequence_ratio,sequence_imbalance,fault,4,48,157.51240260899348,158.10870540418375,157.51240260899348,0.09085889926653719,0.07184015818986378,0.0
zero_sequence_ratio,sequence_imbalance,fault,5,48,176.73965990250622,177.10814568376998,176.73965990250622,0.055335784193347164,0.04558360062612834,0.0
zero_sequence_ratio,sequence_imbalance,fault,6,48,202.69224959509484,191.11275893067744,202.69224959509484,0.033895671841615675,0.028442536300556875,0.0
zero_sequence_ratio,sequence_imbalance,fault,7,48,224.3648760877284,209.47707361998295,224.36487608772836,0.021502375261294965,0.018043912754977968,0.0
zero_sequence_ratio,sequence_imbalance,healthy_adaptation,0,1,-0.8744697687173546,-0.8744697687173546,0.8744697687173546,-0.0009371538070452505,0.0008158946252962018,1.0
zero_sequence_ratio,sequence_imbalance,healthy_adaptation,1,1,0.7857863050804799,0.7857863050804799,0.7857863050804799,0.0003362291480293484,0.00026779337780227596,0.0
zero_sequence_ratio,sequence_imbalance,healthy_adaptation,2,1,17.78009859849841,17.78009859849841,17.78009859849841,0.011471858941503613,0.009316748542536293,0.0
zero_sequence_ratio,sequence_imbalance,healthy_adaptation,3,1,14.506848793347356,14.506848793347356,14.506848793347356,0.011289404979546069,0.008834871952996424,0.0
zero_sequence_ratio,sequence_imbalance,healthy_all,0,8,69.8004193621565,79.51608855656293,70.01903680433584,0.11166225868186311,0.08187242821382094,0.125
zero_sequence_ratio,sequence_imbalance,healthy_all,1,8,77.03593929830197,90.28595688753347,77.03593929830197,0.19470381244069185,0.12708289729616157,0.0
zero_sequence_ratio,sequence_imbalance,healthy_all,2,8,81.69395375899998,92.77460012757317,81.69395375899998,0.20522316308251534,0.13334649056320877,0.0
zero_sequence_ratio,sequence_imbalance,healthy_all,3,8,81.40598210466722,94.55803628368764,81.40598210466722,0.16077331172737214,0.11193016752826784,0.0
zero_sequence_ratio,sequence_imbalance,healthy_all,4,8,82.90521106777302,94.41184336603033,82.90521106777302,0.10214491796899283,0.07897468080713177,0.0
zero_sequence_ratio,sequence_imbalance,healthy_all,5,8,88.26564645940437,92.6975782904046,88.26564645940437,0.05866563948213786,0.04972386120711447,0.0
zero_sequence_ratio,sequence_imbalance,healthy_all,6,8,71.35278328066984,91.55511542797777,86.8075940926351,0.029256855315761172,0.027827232727378796,0.125
zero_sequence_ratio,sequence_imbalance,healthy_all,7,8,77.08612391822383,95.86521932935652,95.4004618901165,0.016094843252816907,0.017176116510828864,0.125
zero_sequence_ratio,sequence_imbalance,healthy_calibration,0,3,82.31476858252314,82.32601450276017,82.31476858252314,0.12859216787848618,0.09410162621420774,0.0
zero_sequence_ratio,sequence_imbalance,healthy_calibration,1,3,90.94896078746585,92.40275676802214,90.94896078746582,0.22900480862376393,0.1495407438001218,0.0
zero_sequence_ratio,sequence_imbalance,healthy_calibration,2,3,92.50404266832179,93.24019929014383,92.50404266832179,0.2323666906020393,0.1516760935422631,0.0
zero_sequence_ratio,sequence_imbalance,healthy_calibration,3,3,92.97413154019074,95.73204080152948,92.97413154019074,0.18293193347218364,0.1277676807308873,0.0
zero_sequence_ratio,sequence_imbalance,healthy_calibration,4,3,93.58686127533453,94.64265626513273,93.58686127533453,0.1158657214272465,0.08947058925635071,0.0
zero_sequence_ratio,sequence_imbalance,healthy_calibration,5,3,91.8730158502139,94.32682612231197,91.8730158502139,0.06634113870527775,0.056311185103840596,0.0
zero_sequence_ratio,sequence_imbalance,healthy_calibration,6,3,91.47368586452869,93.66463340710403,91.47368586452869,0.03484446560712163,0.031675624959424394,0.0
zero_sequence_ratio,sequence_imbalance,healthy_calibration,7,3,100.79455055832626,96.3844136809782,100.79455055832626,0.02031931082998337,0.01918816515942059,0.0
zero_sequence_ratio,sequence_imbalance,healthy_health_test,0,4,78.08337972959998,82.00863203465619,78.08337972959998,0.1271146799066229,0.09296466311066204,0.0
zero_sequence_ratio,sequence_imbalance,healthy_health_test,1,4,85.66371142973445,90.64946264775296,85.66371142973445,0.2175699611265534,0.14194328839778123,0.0
zero_sequence_ratio,sequence_imbalance,healthy_health_test,2,4,89.56485086713404,94.00520853946898,89.56485086713404,0.2333033434781253,0.15060672383408613,0.0
zero_sequence_ratio,sequence_imbalance,healthy_health_test,3,4,89.45465335585453,95.50155975179689,89.45465335585453,0.18152532210572003,0.1258258565201211,0.0
zero_sequence_ratio,sequence_imbalance,healthy_health_test,4,4,88.86205582968331,94.83769539306155,88.86205582968331,0.1117358992515239,0.08633440875322265,0.0
zero_sequence_ratio,sequence_imbalance,healthy_health_test,5,4,90.17428581382283,93.15248750413986,90.17428581382282,0.06565763994719366,0.05576261635896393,0.0
zero_sequence_ratio,sequence_imbalance,healthy_health_test,6,4,89.55511297490844,92.38309810899456,89.55511297490844,0.034256251740276536,0.03116955055521278,0.0
zero_sequence_ratio,sequence_imbalance,healthy_health_test,7,4,96.89067288959563,100.47197233034977,96.89067288959563,0.01954323887545484,0.018431975812517643,0.0
zero_sequence_ratio,sequence_imbalance,healthy_unused,4,1,27.032881397447287,27.032881397447287,27.032881397447287,0.022618582464107532,0.01804804367511144,0.0
zero_sequence_ratio,sequence_imbalance,healthy_unused,5,1,69.80898086930188,69.80898086930188,69.80898086930188,0.007671139952495009,0.005806868909538262,0.0
zero_sequence_ratio,sequence_imbalance,healthy_unused,6,1,-61.81924324786108,-61.81924324786108,61.81924324786108,-0.007503561256381656,0.002912784719906069,1.0
zero_sequence_ratio,sequence_imbalance,healthy_unused,7,1,-73.25735188757068,-73.25735188757068,73.25735188757068,-0.010372141969234227,0.006116533358298561,1.0
