scope,feature,feature_family,block_id,block_label,independent_motors,healthy_units,fault_units,matched_fault_health_pairs,healthy_raw_mean,fault_raw_mean,raw_hedges_g_fault_minus_health,raw_single_feature_auc_fault_higher,raw_direction_free_auc,matched_raw_difference_mean,matched_raw_difference_median,matched_raw_dz,robust_z_hedges_g_fault_minus_health,robust_z_single_feature_auc_fault_higher,robust_z_direction_free_auc,matched_robust_z_dz,auroc_inferential_claimed
all_matched_loads,clarke_radius_cv,current_shape,-1,all_blocks,1,128,768,768,0.12097091346126544,0.1148020956534061,-0.04670391306474746,0.6123453776041666,0.6123453776041666,-0.0061688178078593255,0.0027456459105150433,-0.05158174137268601,-0.027089126376406036,0.5995686848958334,0.5995686848958334,-0.0298824553939088,False
all_matched_loads,clarke_radius_cv,current_shape,0,0,1,16,96,96,0.11417743232350869,0.06602070125238622,-0.5035333702196841,0.4915364583333333,0.5084635416666667,-0.04815673107112248,-0.0013953532865843936,-0.3754952594997327,-0.4415387095145297,0.49283854166666663,0.5071614583333334,-0.3717332892128567,False
all_matched_loads,clarke_radius_cv,current_shape,1,1,1,16,96,96,0.11205204506119447,0.06859458407293993,-0.470227355271993,0.5618489583333334,0.5618489583333334,-0.04345746098825454,0.0005851564547764108,-0.3275484989014806,-0.41571347784778667,0.5286458333333334,0.5286458333333334,-0.3218335510428003,False
all_matched_loads,clarke_radius_cv,current_shape,2,2,1,16,96,96,0.10535582969860671,0.07920121451721493,-0.2816432451448355,0.6178385416666666,0.6178385416666666,-0.026154615181391797,0.003778479363323352,-0.230842128719316,-0.2502901105653346,0.572265625,0.572265625,-0.21984297089932378,False
all_matched_loads,clarke_radius_cv,current_shape,3,3,1,16,96,96,0.10996386835009189,0.09622958709634351,-0.12686663203942009,0.634765625,0.634765625,-0.01373428125374838,0.005315994340663955,-0.12476845709478696,-0.10448996618267369,0.5944010416666666,0.5944010416666666,-0.10548904047332515,False
all_matched_loads,clarke_radius_cv,current_shape,4,4,1,16,96,96,0.11809753856982744,0.12036267604701305,0.017302570552698935,0.63671875,0.63671875,0.0022651374771856087,0.006226974711850155,0.02201034421884039,0.04169153369446544,0.6106770833333333,0.6106770833333333,0.05300137683768546,False
all_matched_loads,clarke_radius_cv,current_shape,5,5,1,16,96,96,0.13254910400650072,0.1436124937831286,0.07156387390293395,0.6588541666666666,0.6588541666666666,0.011063389776627899,0.010276864404900393,0.09383492738617795,0.09944791900757542,0.6438802083333333,0.6438802083333333,0.12860195542251746,False
all_matched_loads,clarke_radius_cv,current_shape,6,6,1,16,96,96,0.13628647630484952,0.16307011122515472,0.16434472698469602,0.6731770833333333,0.6731770833333333,0.02678363492030521,0.012942714671164826,0.24105310585573694,0.19833528113686222,0.669921875,0.669921875,0.2782286706837023,False
all_matched_loads,clarke_radius_cv,current_shape,7,7,1,16,96,96,0.13928501337554405,0.18132539723306787,0.2630626263217466,0.6901041666666666,0.6901041666666666,0.042040383857523865,0.01839640609724263,0.38115261077734924,0.3088813615793548,0.7076822916666666,0.7076822916666666,0.41060324895807715,False
all_matched_loads,crest_a,current_shape,-1,all_blocks,1,128,768,768,2.056160467903372,1.7057073627534838,-0.6095452705206317,0.40964762369791663,0.5903523763020834,-0.35045310514988764,-0.03627003062553724,-0.40793133798850545,-0.5098415364404476,0.4496663411458333,0.5503336588541667,-0.419204925300898,False
all_matched_loads,crest_a,current_shape,0,0,1,16,96,96,1.974400827600733,1.664915362857883,-0.5676122908955229,0.3919270833333333,0.6080729166666667,-0.30948546474284994,-0.03309260052083618,-0.4168568310025155,-0.4651398967086615,0.43815104166666663,0.5618489583333334,-0.4169688151423401,False
all_matched_loads,crest_a,current_shape,1,1,1,16,96,96,1.9705654663093406,1.6496301058342973,-0.6409319883789383,0.380859375,0.619140625,-0.3209353604750436,-0.035454721991143634,-0.40351838169681425,-0.516522324867404,0.43554687499999994,0.564453125,-0.42079253575924314,False
all_matched_loads,crest_a,current_shape,2,2,1,16,96,96,2.073227088146273,1.6692464833183027,-0.6843656807034738,0.4427083333333333,0.5572916666666667,-0.40398060482797066,-0.029999846282981135,-0.3854696466474055,-0.5776773808445645,0.46484375,0.53515625,-0.392861463740567,False
all_matched_loads,crest_a,current_shape,3,3,1,16,96,96,2.089890826125807,1.6865052611849924,-0.6674017650531243,0.44921875,0.55078125,-0.4033855649408143,-0.024156739716324482,-0.38079619324010217,-0.5582081133991429,0.4654947916666667,0.5345052083333333,-0.40197894555441877,False
all_matched_loads,crest_a,current_shape,4,4,1,16,96,96,2.0782069349487875,1.707452757685141,-0.6363138652212328,0.4186197916666667,0.5813802083333333,-0.37075417726364623,-0.02857941182519652,-0.40172080604243593,-0.5395587366335833,0.4537760416666667,0.5462239583333333,-0.41734890646081607,False
all_matched_loads,crest_a,current_shape,5,5,1,16,96,96,2.0849046077063123,1.7394257366855932,-0.582858346425223,0.39453125,0.60546875,-0.34547887102071934,-0.04018834983761643,-0.4436765082470526,-0.5044491749175484,0.4427083333333333,0.5572916666666667,-0.4254230043900896,False
all_matched_loads,crest_a,current_shape,6,6,1,16,96,96,2.090008835233009,1.76176553860755,-0.5270739868835529,0.38802083333333337,0.6119791666666666,-0.3282432966254593,-0.0482554877574346,-0.4346798698583799,-0.4491170870594812,0.43684895833333337,0.5631510416666666,-0.4396561735526797,False
all_matched_loads,crest_a,current_shape,7,7,1,16,96,96,2.0880791571567103,1.766717655854113,-0.5333928951967043,0.3580729166666667,0.6419270833333333,-0.32136150130259783,-0.06431347876502147,-0.44734292088891925,-0.43824100184760517,0.4212239583333333,0.5787760416666667,-0.4766255138069765,False
all_matched_loads,crest_b,current_shape,-1,all_blocks,1,128,768,768,2.04655637211898,1.7066299863538203,-0.562630408947291,0.35026041666666663,0.6497395833333334,-0.3399263857651598,-0.06605882300805122,-0.45001525151435334,-0.3960410274221024,0.40929158528645826,0.5907084147135417,-0.4252225160339888,False
all_matched_loads,crest_b,current_shape,0,0,1,16,96,96,1.9451036735735405,1.6426767432090277,-0.6038408025900119,0.3138020833333333,0.6861979166666667,-0.3024269303645129,-0.05312000254186455,-0.48262500410208403,-0.3835865722003052,0.38736979166666663,0.6126302083333334,-0.4400590742273239,False
all_matched_loads,crest_b,current_shape,1,1,1,16,96,96,1.9786557663797626,1.6356201212882182,-0.6782510324042674,0.34114583333333337,0.6588541666666666,-0.34303564509154444,-0.051706022626115455,-0.45070219094267033,-0.42706073981674564,0.40104166666666663,0.5989583333333334,-0.42079006743586084,False
all_matched_loads,crest_b,current_shape,2,2,1,16,96,96,2.004823204284353,1.6437502873208203,-0.6782195390176917,0.3424479166666667,0.6575520833333333,-0.3610729169635327,-0.05464628114234282,-0.4382156328613856,-0.429151047265599,0.40169270833333337,0.5983072916666666,-0.432724421608854,False
all_matched_loads,crest_b,current_shape,3,3,1,16,96,96,2.0377813258435697,1.653906382588125,-0.706950594665279,0.310546875,0.689453125,-0.3838749432554443,-0.07685616135871964,-0.4713198111002299,-0.46427607304786433,0.3821614583333333,0.6178385416666667,-0.4630698690154321,False
all_matched_loads,crest_b,current_shape,4,4,1,16,96,96,2.0135415340280653,1.7095505941587208,-0.5226931791387849,0.32682291666666663,0.6731770833333334,-0.30399093986934456,-0.0724697241626655,-0.49293664678558924,-0.3655546666638522,0.4036458333333333,0.5963541666666667,-0.4565561999779329,False
all_matched_loads,crest_b,current_shape,5,5,1,16,96,96,2.112491243333129,1.7634095574585356,-0.4936982883713424,0.3489583333333333,0.6510416666666667,-0.3490816858745931,-0.07021527072159806,-0.43296061506390554,-0.3999033564128901,0.41341145833333337,0.5865885416666666,-0.3823462963194901,False
all_matched_loads,crest_b,current_shape,6,6,1,16,96,96,2.1908416944113958,1.7958348439582064,-0.5138187991511582,0.357421875,0.642578125,-0.39500685045318945,-0.07784788641555584,-0.4339302941489435,-0.39309520754714594,0.423828125,0.576171875,-0.4227855588741329,False
all_matched_loads,crest_b,current_shape,7,7,1,16,96,96,2.0892125350980244,1.8082913608489075,-0.41934379554275714,0.3828125,0.6171875,-0.28092117424911683,-0.07065263728317128,-0.43264330228997355,-0.29080384092379447,0.43554687500000006,0.564453125,-0.4202068615574828,False
all_matched_loads,crest_c,current_shape,-1,all_blocks,1,128,768,768,2.1015611126333864,1.7501468723338711,-0.5487959042790803,0.39874267578125006,0.60125732421875,-0.35141424029951523,-0.051417411032724014,-0.4322051589807471,-0.5451131343365396,0.39894612630208337,0.6010538736979166,-0.4304187047315944,False
all_matched_loads,crest_c,current_shape,0,0,1,16,96,96,2.036575437228418,1.6927150152531656,-0.5354308291904395,0.3072916666666667,0.6927083333333333,-0.3438604219752524,-0.06281781092228589,-0.4936142369709301,-0.5357660666571595,0.3151041666666667,0.6848958333333333,-0.4854506000099796,False
all_matched_loads,crest_c,current_shape,1,1,1,16,96,96,2.0600111132573637,1.6613205288359598,-0.6685948652956778,0.3118489583333333,0.6881510416666667,-0.398690584421404,-0.0696875651302693,-0.47284826307622224,-0.6583997081450731,0.32161458333333337,0.6783854166666666,-0.46897122434377586,False
all_matched_loads,crest_c,current_shape,2,2,1,16,96,96,2.1410974660289446,1.6882988127079672,-0.6764994060561739,0.34375,0.65625,-0.45279865332097713,-0.06308069898735391,-0.4428766689041172,-0.6700435274687262,0.34635416666666663,0.6536458333333334,-0.4347464185186746,False
all_matched_loads,crest_c,current_shape,3,3,1,16,96,96,2.149750485249962,1.703255216869773,-0.6795936428065701,0.37499999999999994,0.625,-0.44649526838018927,-0.04544798607961009,-0.4300116102981702,-0.6694974585427655,0.37434895833333337,0.6256510416666666,-0.4361427755829773,False
all_matched_loads,crest_c,current_shape,4,4,1,16,96,96,2.0982642281331194,1.7570219760247034,-0.5532425298950161,0.4049479166666667,0.5950520833333333,-0.3412422521084162,-0.05028548096369223,-0.43669547150762944,-0.5441556191095133,0.40494791666666663,0.5950520833333334,-0.42757971913726833,False
all_matched_loads,crest_c,current_shape,5,5,1,16,96,96,2.1303001900040948,1.808503384250459,-0.485832371543482,0.4388020833333333,0.5611979166666667,-0.3217968057536356,-0.030351209107973842,-0.42448125995514446,-0.4769516475359481,0.4388020833333333,0.5611979166666667,-0.42408108900901853,False
all_matched_loads,crest_c,current_shape,6,6,1,16,96,96,2.150295867486349,1.8344587073499528,-0.45859679402893344,0.44335937499999994,0.556640625,-0.315837160136396,-0.03428171321932483,-0.40836354014535176,-0.4567236072610549,0.4485677083333333,0.5514322916666667,-0.41418832809075845,False
all_matched_loads,crest_c,current_shape,7,7,1,16,96,96,2.0461941136788404,1.8556013373789897,-0.303316804278539,0.41796875,0.58203125,-0.19059277629985083,-0.04248185288523054,-0.4443114128871744,-0.3125625390654645,0.41796875,0.58203125,-0.43790981123662026,False
all_matched_loads,fundamental_amplitude_cv,current_shape,-1,all_blocks,1,128,768,768,0.01639708977962873,0.059090524779454194,0.6122102053229391,0.7372029622395834,0.7372029622395834,0.042693434999825454,0.0157426858729474,0.5882246793181989,0.6254708237326797,0.7609761555989584,0.7609761555989584,0.608877046467787,False
all_matched_loads,fundamental_amplitude_cv,current_shape,0,0,1,16,96,96,0.00923372173623738,0.016016838866587436,0.487634281292377,0.7545572916666667,0.7545572916666667,0.006783117130350052,0.0020621620252624,0.6032370494909927,0.5305394639186451,0.763671875,0.763671875,0.6508913526735379,False
all_matched_loads,fundamental_amplitude_cv,current_shape,1,1,1,16,96,96,0.009559177442405788,0.023438501099396575,0.667053162980802,0.791015625,0.791015625,0.013879323656990785,0.0047669008485722465,0.722589723245671,0.6887675892005575,0.8203125,0.8203125,0.7432127546957195,False
all_matched_loads,fundamental_amplitude_cv,current_shape,2,2,1,16,96,96,0.008709726359469086,0.03374886851466407,0.7775182427210886,0.8079427083333334,0.8079427083333334,0.025039142155194986,0.010267662907715651,0.7611990307622146,0.7738129068103198,0.841796875,0.841796875,0.7508126941014508,False
all_matched_loads,fundamental_amplitude_cv,current_shape,3,3,1,16,96,96,0.010752735082943422,0.04683765439773652,0.7508566804923369,0.7936197916666667,0.7936197916666667,0.036084919314793094,0.014297709872631056,0.7166297272466338,0.7496547129908291,0.8242187500000001,0.8242187500000001,0.7176208271733326,False
all_matched_loads,fundamental_amplitude_cv,current_shape,4,4,1,16,96,96,0.015116326763517478,0.06264147437386798,0.7182396964828978,0.7786458333333334,0.7786458333333334,0.0475251476103505,0.01644909322500257,0.6817427678383554,0.7233846530141058,0.8131510416666667,0.8131510416666667,0.6979582490844999,False
all_matched_loads,fundamental_amplitude_cv,current_shape,5,5,1,16,96,96,0.020475389566720847,0.07992641224989024,0.7251822338829617,0.7532552083333334,0.7532552083333334,0.059451022683169395,0.023352103581728755,0.6735461609495185,0.7372909795826394,0.787109375,0.787109375,0.7054464828523349,False
all_matched_loads,fundamental_amplitude_cv,current_shape,6,6,1,16,96,96,0.025655764501265922,0.09628344931809563,0.7844931729282328,0.7552083333333333,0.7552083333333333,0.0706276848168297,0.02994565208178867,0.7443602653048998,0.7919384511222609,0.7675781250000001,0.7675781250000001,0.7768906860256477,False
all_matched_loads,fundamental_amplitude_cv,current_shape,7,7,1,16,96,96,0.031673876784469916,0.11383099941539508,0.865527600492601,0.7526041666666667,0.7526041666666667,0.08215712263092517,0.039128377148888574,0.7630077114772497,0.8808370574741153,0.7617187499999999,0.7617187499999999,0.8132497151656162,False
all_matched_loads,fundamental_hz,speed_proxy,-1,all_blocks,1,128,768,768,162.0182291670443,162.11458333371118,0.0008642826323395885,0.50775146484375,0.50775146484375,0.09635416666688983,0.0,0.24052113417528226,0.0008642826323395191,0.50775146484375,0.50775146484375,0.24052113417528576,False
all_matched_loads,fundamental_hz,speed_proxy,0,0,1,16,96,96,37.00000000008624,36.993055555641774,-0.15507213497003067,0.4895833333333333,0.5104166666666667,-0.006944444444460629,0.0,-0.1451032892080917,-0.15507213497005298,0.4895833333333333,0.5104166666666667,-0.14510328920809162,False
all_matched_loads,fundamental_hz,speed_proxy,1,1,1,16,96,96,54.66666666679408,54.66666666679408,,0.5,0.5,0.0,0.0,,-1.0631209955007588,0.5,0.5,,False
all_matched_loads,fundamental_hz,speed_proxy,2,2,1,16,96,96,78.66666666685002,78.67361111129448,0.15507213496987202,0.5104166666666666,0.5104166666666666,0.006944444444460629,0.0,0.1451032892080917,0.15507213496997033,0.5104166666666666,0.5104166666666666,0.14510328920809162,False
all_matched_loads,fundamental_hz,speed_proxy,3,3,1,16,96,96,109.66666666692228,109.69444444470014,0.2216760514487328,0.5208333333333334,0.5208333333333334,0.027777777777841923,0.0,0.2074255584995267,0.22167605144864186,0.5208333333333334,0.5208333333333334,0.20742555849952674,False
all_matched_loads,fundamental_hz,speed_proxy,4,4,1,16,96,96,152.58333333368898,152.6319444448002,0.2872893157997132,0.5247395833333333,0.5247395833333333,0.0486111111112244,0.0,0.17242381328487288,0.2872893157997251,0.5247395833333333,0.5247395833333333,0.17242381328487671,False
all_matched_loads,fundamental_hz,speed_proxy,5,5,1,16,96,96,207.20833333381628,207.43750000048348,0.6879018206181291,0.6796875,0.6796875,0.2291666666671972,0.0,0.5424024801293291,0.6879018206180333,0.6796875,0.6796875,0.542402480129332,False
all_matched_loads,fundamental_hz,speed_proxy,6,6,1,16,96,96,279.85416666731896,279.88888888954125,0.06845040759397861,0.43359375,0.56640625,0.034722222222303145,0.0,0.04984118097466416,0.06845040759408019,0.43359375,0.56640625,0.04984118097465741,False
all_matched_loads,fundamental_hz,speed_proxy,7,7,1,16,96,96,376.50000000087755,376.93055555643406,0.8478365925569648,0.8372395833333334,0.8372395833333334,0.4305555555565519,0.3333333333341102,0.7175537397490853,0.8478365925571514,0.8372395833333334,0.8372395833333334,0.7175537397491054,False
all_matched_loads,harmonic_2_ratio_max,harmonic_sideband,-1,all_blocks,1,128,768,768,0.01972118079974404,0.010337606826036084,-0.4990124424628881,0.422637939453125,0.577362060546875,-0.009383573973707954,-0.0009773143638042263,-0.36818394091142626,-0.43624813377055527,0.45204671223958337,0.5479532877604166,-0.3697533372065536,False
all_matched_loads,harmonic_2_ratio_max,harmonic_sideband,0,0,1,16,96,96,0.02165646709874232,0.012527780960728914,-0.48666736557886964,0.41536458333333337,0.5846354166666666,-0.009128686138013403,-0.0010601739952082073,-0.4133128750221613,-0.4345068942288599,0.455078125,0.544921875,-0.4081884332828925,False
all_matched_loads,harmonic_2_ratio_max,harmonic_sideband,1,1,1,16,96,96,0.021209110436512357,0.010597166558946181,-0.5977868998121064,0.3880208333333333,0.6119791666666667,-0.010611943877566178,-0.0017231099674533635,-0.4415940899417231,-0.5235361470545554,0.43750000000000006,0.5625,-0.43731369820585125,False
all_matched_loads,harmonic_2_ratio_max,harmonic_sideband,2,2,1,16,96,96,0.017296427407347548,0.0098011792590303,-0.5056425833041741,0.49088541666666674,0.5091145833333333,-0.007495248148317248,-0.0007170111219666068,-0.4159159487347674,-0.4177876778143071,0.4915364583333333,0.5084635416666667,-0.41059067527783033,False
all_matched_loads,harmonic_2_ratio_max,harmonic_sideband,3,3,1,16,96,96,0.016942573321272605,0.008628573579347933,-0.6027304577792334,0.4173177083333333,0.5826822916666667,-0.008313999741924672,-0.0009972031807160965,-0.4165720740349952,-0.4944421117341005,0.45442708333333337,0.5455729166666666,-0.40316278313753756,False
all_matched_loads,harmonic_2_ratio_max,harmonic_sideband,4,4,1,16,96,96,0.015780798511173463,0.008199282131485831,-0.5858074872815603,0.3444010416666667,0.6555989583333333,-0.007581516379687632,-0.0009440866340491602,-0.4268172430201388,-0.4642273205697095,0.4114583333333333,0.5885416666666667,-0.42478389359808477,False
all_matched_loads,harmonic_2_ratio_max,harmonic_sideband,5,5,1,16,96,96,0.01535234294031477,0.008417782008207246,-0.5327340942372596,0.373046875,0.626953125,-0.006934560932107525,-0.0009129817684745431,-0.39358669891709974,-0.41458060730850876,0.419921875,0.580078125,-0.41030624296043694,False
all_matched_loads,harmonic_2_ratio_max,harmonic_sideband,6,6,1,16,96,96,0.023712240696724028,0.00989611379787476,-0.6900637808911217,0.37760416666666663,0.6223958333333334,-0.013816126898849266,-0.0011666189607714894,-0.39287987975510025,-0.6217516324529266,0.42057291666666663,0.5794270833333334,-0.4004198601998327,False
all_matched_loads,harmonic_2_ratio_max,harmonic_sideband,7,7,1,16,96,96,0.02581948598586524,0.014632976312667521,-0.3457065699105656,0.5026041666666667,0.5026041666666667,-0.011186509673197722,-0.0002629132896283864,-0.28373938935798615,-0.30567784522751,0.4895833333333333,0.5104166666666667,-0.27918812543157584,False
all_matched_loads,harmonic_2_ratio_mean,harmonic_sideband,-1,all_blocks,1,128,768,768,0.014184464723957638,0.007338705814578142,-0.5205412516544126,0.4322306315104167,0.5677693684895833,-0.006845758909379496,-0.0006568452323094032,-0.3575085798814916,-0.27443197167095823,0.44033813476562506,0.559661865234375,-0.36563636219766377,False
all_matched_loads,harmonic_2_ratio_mean,harmonic_sideband,0,0,1,16,96,96,0.015352857145309623,0.009744597098280126,-0.4072486560991629,0.4381510416666667,0.5618489583333333,-0.005608260047029495,-0.0006182552006247194,-0.4055879251389381,-0.23523646417937777,0.44335937499999994,0.556640625,-0.3873205366078272,False
all_matched_loads,harmonic_2_ratio_mean,harmonic_sideband,1,1,1,16,96,96,0.015116750080651775,0.007765445768122151,-0.5685885464607097,0.4114583333333333,0.5885416666666667,-0.007351304312529624,-0.0009982754231242566,-0.4266985001792893,-0.308555315511612,0.42382812499999994,0.576171875,-0.40545429229927366,False
all_matched_loads,harmonic_2_ratio_mean,harmonic_sideband,2,2,1,16,96,96,0.012568253792955408,0.007019095178317889,-0.5204774612593126,0.505859375,0.505859375,-0.0055491586146375225,-0.00040546727735001954,-0.4017406273698827,-0.24306867475319444,0.4739583333333333,0.5260416666666667,-0.3718305337585951,False
all_matched_loads,harmonic_2_ratio_mean,harmonic_sideband,3,3,1,16,96,96,0.011761564756309692,0.006094340737501845,-0.5932978227821961,0.42968749999999994,0.5703125,-0.005667224018807849,-0.0006847223270584498,-0.4157150747694872,-0.25209636927863127,0.43554687499999994,0.564453125,-0.385171665370723,False
all_matched_loads,harmonic_2_ratio_mean,harmonic_sideband,4,4,1,16,96,96,0.01079986434750059,0.00551974419070321,-0.6165980484761144,0.3548177083333333,0.6451822916666667,-0.0052801201567973825,-0.00065641858055081,-0.421699819359913,-0.23252267101640597,0.400390625,0.599609375,-0.4228286915075298,False
all_matched_loads,harmonic_2_ratio_mean,harmonic_sideband,5,5,1,16,96,96,0.011169760631245505,0.005613376263871432,-0.5979290248140082,0.38476562500000006,0.615234375,-0.0055563843673740706,-0.0005793150322477964,-0.373194011997119,-0.22610830191131462,0.416015625,0.583984375,-0.4101190798756389,False
all_matched_loads,harmonic_2_ratio_mean,harmonic_sideband,6,6,1,16,96,96,0.016713590997444166,0.006947065941142846,-0.6815533823541251,0.4088541666666667,0.5911458333333333,-0.009766525056301318,-0.0006228501152549097,-0.3751169688079443,-0.37599437212003173,0.4303385416666667,0.5696614583333333,-0.3972595500417064,False
all_matched_loads,harmonic_2_ratio_mean,harmonic_sideband,7,7,1,16,96,96,0.01999307604024433,0.010005981338685625,-0.46231397141762887,0.4798177083333333,0.5201822916666667,-0.009987094701558704,-0.0006622134291563702,-0.31398634599915626,-0.2930636509302531,0.4798177083333333,0.5201822916666667,-0.31425739532380276,False
all_matched_loads,harmonic_3_ratio_max,harmonic_sideband,-1,all_blocks,1,128,768,768,0.014149488055389084,0.03519530667522668,0.6018296130082161,0.8404744466145834,0.8404744466145834,0.021045818619837602,0.01503260468806436,0.7592685375138134,0.6101099949435896,0.8436991373697917,0.8436991373697917,0.7633571510888119,False
all_matched_loads,harmonic_3_ratio_max,harmonic_sideband,0,0,1,16,96,96,0.016069401605132413,0.015933649987993317,-0.010645584888000525,0.6608072916666666,0.6608072916666666,-0.00013575161713910103,0.0024414682382076333,-0.009793842465271178,-0.020264467364268193,0.6686197916666667,0.6686197916666667,-0.017631206659744905,False
all_matched_loads,harmonic_3_ratio_max,harmonic_sideband,1,1,1,16,96,96,0.015484454955358721,0.01769291429671679,0.15536408198007445,0.7428385416666666,0.7428385416666666,0.0022084593413580714,0.00462399169049714,0.1468621068812578,0.15562113878813968,0.755859375,0.755859375,0.13643913993676718,False
all_matched_loads,harmonic_3_ratio_max,harmonic_sideband,2,2,1,16,96,96,0.01194627339641723,0.024483465456171454,0.6459913182773777,0.8307291666666667,0.8307291666666667,0.012537192059754225,0.009374154681548454,0.8880154812410782,0.6916479551394031,0.8463541666666667,0.8463541666666667,0.9002699125585584,False
all_matched_loads,harmonic_3_ratio_max,harmonic_sideband,3,3,1,16,96,96,0.012736100820354413,0.032076608416058396,0.6958637990620349,0.8658854166666666,0.8658854166666666,0.01934050759570399,0.013094796090748944,0.9890210833595686,0.7406304273985178,0.876953125,0.876953125,1.0228244337020316,False
all_matched_loads,harmonic_3_ratio_max,harmonic_sideband,4,4,1,16,96,96,0.01138479416098953,0.03826180898218842,0.8230391543840505,0.880859375,0.880859375,0.026877014821198895,0.01882516301373662,1.111998991172,0.869069802532162,0.8834635416666667,0.8834635416666667,1.1634648687039746,False
all_matched_loads,harmonic_3_ratio_max,harmonic_sideband,5,5,1,16,96,96,0.013286516819705144,0.040896743416115953,0.7903706566705733,0.8704427083333333,0.8704427083333333,0.027610226596410815,0.021344588700825694,1.1296622356329125,0.8262438760611538,0.8763020833333334,0.8763020833333334,1.172966524324944,False
all_matched_loads,harmonic_3_ratio_max,harmonic_sideband,6,6,1,16,96,96,0.016283636995728233,0.051952191410425196,0.8261008669293518,0.8776041666666666,0.8776041666666666,0.03566855441469696,0.029342235337139998,1.2606306003808654,0.8468559465300453,0.8841145833333333,0.8841145833333333,1.2971614574878247,False
all_matched_loads,harmonic_3_ratio_max,harmonic_sideband,7,7,1,16,96,96,0.016004725689427006,0.06026507143614394,0.8306801689050476,0.888671875,0.888671875,0.04426034574671694,0.03320774845378639,1.1449287858149786,0.8171914540019823,0.8932291666666666,0.8932291666666666,1.1377992377766555,False
all_matched_loads,harmonic_3_ratio_mean,harmonic_sideband,-1,all_blocks,1,128,768,768,0.009890911633668356,0.0254700379048422,0.6116485906437654,0.8410746256510417,0.8410746256510417,0.01557912627117384,0.010383793459104916,0.7485813708486574,0.626822485108075,0.839019775390625,0.839019775390625,0.7500419422766091,False
all_matched_loads,harmonic_3_ratio_mean,harmonic_sideband,0,0,1,16,96,96,0.011745524490569889,0.01128962412893456,-0.0491212866984831,0.642578125,0.642578125,-0.000455900361635328,0.001418538002192547,-0.04448579694761304,-0.052637551874571,0.640625,0.640625,-0.0462043622293184,False
all_matched_loads,harmonic_3_ratio_mean,harmonic_sideband,1,1,1,16,96,96,0.010781744660668849,0.012879053949611164,0.19734231447255113,0.7356770833333333,0.7356770833333333,0.0020973092889423135,0.0032436108624854898,0.19684174301422536,0.2064563803556502,0.7389322916666667,0.7389322916666667,0.19366054036964978,False
all_matched_loads,harmonic_3_ratio_mean,harmonic_sideband,2,2,1,16,96,96,0.008273737596116191,0.018254867589974928,0.6585397894394611,0.8424479166666666,0.8424479166666666,0.009981129993858738,0.006820216716075321,0.8672908389456255,0.702098999457475,0.8522135416666666,0.8522135416666666,0.8720219343955413,False
all_matched_loads,harmonic_3_ratio_mean,harmonic_sideband,3,3,1,16,96,96,0.008821526628311092,0.02411683387616943,0.7007696863185442,0.8743489583333333,0.8743489583333333,0.015295307247858332,0.009808858178136214,0.9075259675891235,0.7357736508010918,0.880859375,0.880859375,0.9147986068938906,False
all_matched_loads,harmonic_3_ratio_mean,harmonic_sideband,4,4,1,16,96,96,0.008367733033825852,0.028165993333688744,0.7785247433519795,0.8821614583333334,0.8821614583333334,0.019798260299862893,0.013142302358385071,0.9864144819575761,0.8110498233979818,0.8860677083333334,0.8860677083333334,0.9959057531901409,False
all_matched_loads,harmonic_3_ratio_mean,harmonic_sideband,5,5,1,16,96,96,0.009219341633657969,0.02922299974666311,0.7798256171612938,0.8763020833333333,0.8763020833333333,0.020003658113005144,0.014277871179899317,1.0633875817063552,0.8114351124199642,0.8795572916666666,0.8795572916666666,1.0730268370063332,False
all_matched_loads,harmonic_3_ratio_mean,harmonic_sideband,6,6,1,16,96,96,0.01133465721586725,0.03691445553468199,0.8277809804893653,0.875,0.875,0.025579798318814743,0.019234319042748593,1.230734275818612,0.8512882712970442,0.8821614583333333,0.8821614583333333,1.2402191419776145,False
all_matched_loads,harmonic_3_ratio_mean,harmonic_sideband,7,7,1,16,96,96,0.010583027810329758,0.04291647507901367,0.8642282855027139,0.8860677083333333,0.8860677083333333,0.03233344726868391,0.025002085695450014,1.1611596770651471,0.8724970488586091,0.890625,0.890625,1.1598230686522888,False
all_matched_loads,harmonic_4_ratio_max,harmonic_sideband,-1,all_blocks,1,128,768,768,0.013923762892622843,0.0057659087748404446,-0.5235949118062876,0.464599609375,0.535400390625,-0.0081578541177824,-0.00022916085157304017,-0.33164271402593726,-0.5195470252917932,0.47612508138020837,0.5238749186197916,-0.33167267972813547,False
all_matched_loads,harmonic_4_ratio_max,harmonic_sideband,0,0,1,16,96,96,0.012616907917267182,0.00726926081181159,-0.5531093287698352,0.4889322916666667,0.5110677083333333,-0.005347647105455592,-0.00018384330483664025,-0.36908942016826346,-0.5548255266689043,0.494140625,0.505859375,-0.37113202498041054,False
all_matched_loads,harmonic_4_ratio_max,harmonic_sideband,1,1,1,16,96,96,0.010749647270521478,0.005959667064052528,-0.5790927266854178,0.48828125000000006,0.51171875,-0.0047899802064689505,-0.00017767559955759993,-0.3857733996773266,-0.5799677726665702,0.49283854166666663,0.5071614583333334,-0.38547178710902374,False
all_matched_loads,harmonic_4_ratio_max,harmonic_sideband,2,2,1,16,96,96,0.010403886207678337,0.005472451714874812,-0.5925559051393416,0.45768229166666663,0.5423177083333334,-0.004931434492803525,-0.00025299585849867026,-0.388225941500555,-0.5963241631966207,0.48307291666666674,0.5169270833333333,-0.389488791666159,False
all_matched_loads,harmonic_4_ratio_max,harmonic_sideband,3,3,1,16,96,96,0.01190098603115448,0.004767041405365747,-0.720961226746306,0.43359374999999994,0.56640625,-0.007133944625788734,-0.0004377517730260234,-0.3924747726238384,-0.7220131490308507,0.46940104166666663,0.5305989583333334,-0.39098762252534286,False
all_matched_loads,harmonic_4_ratio_max,harmonic_sideband,4,4,1,16,96,96,0.010986679909405255,0.004158136574138477,-0.6903678486920268,0.423828125,0.576171875,-0.006828543335266776,-0.0003452853369697932,-0.38529903324384496,-0.6919735560556785,0.46484375,0.53515625,-0.3839103947890754,False
all_matched_loads,harmonic_4_ratio_max,harmonic_sideband,5,5,1,16,96,96,0.01232380595667359,0.0041708625714330025,-0.6817308991865925,0.4388020833333333,0.5611979166666667,-0.00815294338524059,-0.0003117747682725,-0.37044018923725996,-0.6825771890606409,0.4661458333333333,0.5338541666666667,-0.3678122236114919,False
all_matched_loads,harmonic_4_ratio_max,harmonic_sideband,6,6,1,16,96,96,0.02163801255979349,0.005432231869747579,-0.7596584896452195,0.41406249999999994,0.5859375,-0.01620578069004591,-0.00030660661153467984,-0.38296333682442385,-0.761557370385306,0.4459635416666667,0.5540364583333333,-0.3835108654950843,False
all_matched_loads,harmonic_4_ratio_max,harmonic_sideband,7,7,1,16,96,96,0.02077017728848892,0.008897618187299814,-0.3884904146882963,0.5078125,0.5078125,-0.011872559101189109,-4.665568007057672e-05,-0.32580007640351455,-0.37870792654259494,0.48046875,0.51953125,-0.3239850934566606,False
all_matched_loads,harmonic_4_ratio_mean,harmonic_sideband,-1,all_blocks,1,128,768,768,0.00998974912562122,0.004061150537077528,-0.577182956473276,0.46284993489583337,0.5371500651041666,-0.0059285985885436905,-0.00018635587718906002,-0.32957717779438034,-0.57744801525842,0.4681294759114583,0.5318705240885417,-0.3293800517047428,False
all_matched_loads,harmonic_4_ratio_mean,harmonic_sideband,0,0,1,16,96,96,0.009014695822500023,0.005364590061981649,-0.5347094193969159,0.486328125,0.513671875,-0.003650105760518373,-0.00015611023426169012,-0.36499687728389035,-0.534169711314244,0.49283854166666663,0.5071614583333334,-0.36476345854171344,False
all_matched_loads,harmonic_4_ratio_mean,harmonic_sideband,1,1,1,16,96,96,0.007790211029895584,0.004495393129543625,-0.5561511524642415,0.5006510416666667,0.5006510416666667,-0.0032948179003519586,-4.150481163428326e-05,-0.37934747279673575,-0.5551326081808321,0.49609375,0.50390625,-0.3791267783397532,False
all_matched_loads,harmonic_4_ratio_mean,harmonic_sideband,2,2,1,16,96,96,0.007315504670407327,0.004177960450830112,-0.5390486679202112,0.4576822916666667,0.5423177083333333,-0.003137544219577216,-0.00018071785706120006,-0.38336822682325966,-0.5377786308579403,0.462890625,0.537109375,-0.3829978199736312,False
all_matched_loads,harmonic_4_ratio_mean,harmonic_sideband,3,3,1,16,96,96,0.00850965630498145,0.003602882265803011,-0.7036107040889256,0.42708333333333337,0.5729166666666666,-0.00490677403917844,-0.0003810009658108065,-0.3997969614105289,-0.70265028944973,0.43880208333333337,0.5611979166666666,-0.39976364977965023,False
all_matched_loads,harmonic_4_ratio_mean,harmonic_sideband,4,4,1,16,96,96,0.007404467505070626,0.0029879861631807217,-0.6725505004879785,0.41731770833333337,0.5826822916666666,-0.004416481341889904,-0.0002629104059408467,-0.3866098085755827,-0.6717056538910169,0.4466145833333333,0.5533854166666667,-0.386810832530626,False
all_matched_loads,harmonic_4_ratio_mean,harmonic_sideband,5,5,1,16,96,96,0.00888247219663553,0.00278051800761637,-0.7395330291640793,0.42708333333333337,0.5729166666666666,-0.00610195418901916,-0.00017562042642175,-0.38406225544285577,-0.7393052395610749,0.44921874999999994,0.55078125,-0.38445999525750313,False
all_matched_loads,harmonic_4_ratio_mean,harmonic_sideband,6,6,1,16,96,96,0.016024705256214286,0.003640007176027832,-0.7986671279009289,0.41536458333333337,0.5846354166666666,-0.012384698080186454,-0.0002678008701380265,-0.383530877846929,-0.798740067715479,0.435546875,0.564453125,-0.38354264900843293,False
all_matched_loads,harmonic_4_ratio_mean,harmonic_sideband,7,7,1,16,96,96,0.014976280219264925,0.005439867041636903,-0.5222958300778869,0.49153645833333337,0.5084635416666666,-0.009536413177628022,-8.017783716699996e-05,-0.35663486843657777,-0.5243644848486573,0.49023437499999994,0.509765625,-0.35654227267590166,False
all_matched_loads,harmonic_5_ratio_max,harmonic_sideband,-1,all_blocks,1,128,768,768,0.03223544747737981,0.021210186286933122,-0.38328989143050857,0.5791829427083334,0.5791829427083334,-0.01102526119044669,0.0019255278751454628,-0.2312072431787557,-0.3819035871074727,0.5635172526041666,0.5635172526041666,-0.23106014203805023,False
all_matched_loads,harmonic_5_ratio_max,harmonic_sideband,0,0,1,16,96,96,0.03516739762434234,0.030127746776658134,-0.39276405359873423,0.5768229166666666,0.5768229166666666,-0.005039650847684205,0.0010704425556639571,-0.23645308971595447,-0.3791583466232964,0.5540364583333334,0.5540364583333334,-0.2355661205270029,False
all_matched_loads,harmonic_5_ratio_max,harmonic_sideband,1,1,1,16,96,96,0.02913484044574396,0.02260291303557017,-0.5338513018522779,0.5983072916666666,0.5983072916666666,-0.006531927410173791,0.000990076748736168,-0.2716012394612078,-0.5138549319837812,0.5638020833333334,0.5638020833333334,-0.2708923184984663,False
all_matched_loads,harmonic_5_ratio_max,harmonic_sideband,2,2,1,16,96,96,0.02721859811174071,0.02304380966265271,-0.3872984511885082,0.6126302083333334,0.6126302083333334,-0.0041747884490879955,0.001341002130869644,-0.20365064017309528,-0.36413294893604214,0.5774739583333333,0.5774739583333333,-0.20251337224275945,False
all_matched_loads,harmonic_5_ratio_max,harmonic_sideband,3,3,1,16,96,96,0.02500060967080491,0.021515563013540167,-0.3192314699365054,0.6041666666666666,0.6041666666666666,-0.003485046657264746,0.001422169329407542,-0.18187305165493212,-0.2983379520085612,0.5696614583333333,0.5696614583333333,-0.18058825486284533,False
all_matched_loads,harmonic_5_ratio_max,harmonic_sideband,4,4,1,16,96,96,0.022983111027022055,0.017781887806254768,-0.36453546428820893,0.6516927083333334,0.6516927083333334,-0.005201223220767287,0.0019357582653428372,-0.2259395879382709,-0.35070373501322105,0.611328125,0.611328125,-0.22531991297555795,False
all_matched_loads,harmonic_5_ratio_max,harmonic_sideband,5,5,1,16,96,96,0.028654731309040993,0.014227963292897598,-0.6193035837182189,0.6634114583333333,0.6634114583333333,-0.014426768016143392,0.0020204443758469835,-0.31395827957523104,-0.6131713272822534,0.6145833333333333,0.6145833333333333,-0.3140721422873179,False
all_matched_loads,harmonic_5_ratio_max,harmonic_sideband,6,6,1,16,96,96,0.048072555638059046,0.017393525230698894,-0.7009353525717956,0.6842447916666666,0.6842447916666666,-0.030679030407360152,0.002514939000058307,-0.34007214957260806,-0.700186679234039,0.638671875,0.638671875,-0.34019022066873805,False
all_matched_loads,harmonic_5_ratio_max,harmonic_sideband,7,7,1,16,96,96,0.04165173599228449,0.022988081477192546,-0.3214367088911909,0.822265625,0.822265625,-0.018663654515091943,0.003163207765495596,-0.26128753608850086,-0.3239100005454306,0.7493489583333333,0.7493489583333333,-0.26163668803303786,False
all_matched_loads,harmonic_5_ratio_mean,harmonic_sideband,-1,all_blocks,1,128,768,768,0.02648311551813544,0.016748696823464925,-0.47894567436312824,0.5307515462239584,0.5307515462239584,-0.009734418694670517,0.0007622186063821331,-0.2603616050745034,-0.4757945820912464,0.5263163248697917,0.5263163248697917,-0.260271539210125,False
all_matched_loads,harmonic_5_ratio_mean,harmonic_sideband,0,0,1,16,96,96,0.030572664366979765,0.026389233911682592,-0.4447387682362925,0.546875,0.546875,-0.004183430455297169,0.0006998558374900522,-0.25416608093677756,-0.43579849016959354,0.5358072916666665,0.5358072916666665,-0.25381692409160317,False
all_matched_loads,harmonic_5_ratio_mean,harmonic_sideband,1,1,1,16,96,96,0.02485442312034937,0.019198219013912776,-0.6325387250107858,0.5481770833333334,0.5481770833333334,-0.005656204106436591,0.0006142524090770405,-0.3122889977020109,-0.6200903523367658,0.5442708333333333,0.5442708333333333,-0.3120225519614731,False
all_matched_loads,harmonic_5_ratio_mean,harmonic_sideband,2,2,1,16,96,96,0.022589234111160643,0.01898480346610579,-0.5213857287586865,0.5377604166666667,0.5377604166666667,-0.0036044306450548516,0.0005617885850836887,-0.2837459265722744,-0.5045701750293148,0.533203125,0.533203125,-0.2833589949985034,False
all_matched_loads,harmonic_5_ratio_mean,harmonic_sideband,3,3,1,16,96,96,0.020815673629907636,0.016828091885552038,-0.5879644266459537,0.5045572916666666,0.5045572916666666,-0.003987581744355598,0.0002516197950411239,-0.3143183317260284,-0.5604009918717747,0.5071614583333334,0.5071614583333334,-0.3140110822819475,False
all_matched_loads,harmonic_5_ratio_mean,harmonic_sideband,4,4,1,16,96,96,0.019040269570972795,0.013030785650962112,-0.6158101718975868,0.5501302083333334,0.5501302083333334,-0.006009483920010684,0.0004384366131437887,-0.33092779882368906,-0.5993557344220007,0.5403645833333334,0.5403645833333334,-0.33090108349909514,False
all_matched_loads,harmonic_5_ratio_mean,harmonic_sideband,5,5,1,16,96,96,0.02268263021264038,0.010308699024761432,-0.7256874522756118,0.5885416666666666,0.5885416666666666,-0.012373931187878946,0.0008360520514870636,-0.349449122928557,-0.7186782529433444,0.5572916666666667,0.5572916666666667,-0.3495041260597711,False
all_matched_loads,harmonic_5_ratio_mean,harmonic_sideband,6,6,1,16,96,96,0.03866588834402356,0.013237898013245103,-0.7412495226328454,0.6334635416666666,0.6334635416666666,-0.025427990330778454,0.0010633496892191296,-0.3511551029891315,-0.7395092812381506,0.5852864583333333,0.5852864583333333,-0.3511135900817072,False
all_matched_loads,harmonic_5_ratio_mean,harmonic_sideband,7,7,1,16,96,96,0.032644140789049404,0.016011843621497556,-0.4488523417935647,0.73828125,0.73828125,-0.016632297167551848,0.0021151320244623194,-0.298716413884861,-0.4468950473188512,0.6595052083333333,0.6595052083333333,-0.29870901356641744,False
all_matched_loads,kurtosis_a,current_shape,-1,all_blocks,1,128,768,768,1.9656968356792657,1.6135961264726884,-0.6721982982039371,0.4975077311197916,0.5024922688802085,-0.35210070920657716,0.00011748618840934366,-0.35590715436687703,-0.5463965923133121,0.4858500162760417,0.5141499837239583,-0.36232484339934073,False
all_matched_loads,kurtosis_a,current_shape,0,0,1,16,96,96,1.8302034673328307,1.569184261488819,-0.7671507875309415,0.5520833333333334,0.5520833333333334,-0.2610192058440118,0.001444660185851987,-0.3622975555877533,-0.5211276674435842,0.5091145833333334,0.5091145833333334,-0.3665470799230768,False
all_matched_loads,kurtosis_a,current_shape,1,1,1,16,96,96,1.8492902048360302,1.5718764546176658,-0.7813685436056526,0.603515625,0.603515625,-0.2774137502183645,0.0038278964060478593,-0.3507909310436882,-0.5390304833033331,0.5240885416666666,0.5240885416666666,-0.3607856495650048,False
all_matched_loads,kurtosis_a,current_shape,2,2,1,16,96,96,1.9604152632569385,1.5829160555139055,-0.7809521808563245,0.6399739583333334,0.6399739583333334,-0.37749920774303275,0.011619552837560887,-0.3379336983697285,-0.6168125534767233,0.5475260416666667,0.5475260416666667,-0.35806884686088647,False
all_matched_loads,kurtosis_a,current_shape,3,3,1,16,96,96,1.9766286550539727,1.598872355390018,-0.7402251608063805,0.5520833333333333,0.5520833333333333,-0.3777562996639548,0.0037121660467115403,-0.33577252911804023,-0.5950564287655509,0.51171875,0.51171875,-0.3593399307477009,False
all_matched_loads,kurtosis_a,current_shape,4,4,1,16,96,96,1.969163853766036,1.6261974513959576,-0.6596749949255526,0.4622395833333333,0.5377604166666667,-0.34296640237007797,-0.01456540470822254,-0.34760129263165135,-0.5378803600358845,0.47395833333333337,0.5260416666666666,-0.3672754251766692,False
all_matched_loads,kurtosis_a,current_shape,5,5,1,16,96,96,2.067311881654603,1.646765697102517,-0.6634562995212568,0.4231770833333333,0.5768229166666667,-0.420546184552086,-0.035134072640374825,-0.365494490779228,-0.5897038113996026,0.4615885416666667,0.5384114583333333,-0.3425582243987313,False
all_matched_loads,kurtosis_a,current_shape,6,6,1,16,96,96,2.050317548260111,1.6578279256570507,-0.6021686586447904,0.38541666666666663,0.6145833333333334,-0.39248962260306025,-0.051075414618902304,-0.3811387379161182,-0.522025504913642,0.439453125,0.560546875,-0.3934210333234874,False
all_matched_loads,kurtosis_a,current_shape,7,7,1,16,96,96,2.022243811273604,1.6551288106155742,-0.5750255608606901,0.369140625,0.630859375,-0.36711500065802943,-0.06083111860615453,-0.3949635608385402,-0.4775198040796429,0.427734375,0.572265625,-0.4160020485158951,False
all_matched_loads,kurtosis_b,current_shape,-1,all_blocks,1,128,768,768,1.9639675475638427,1.6033018871642646,-0.6221746631718016,0.37383015950520837,0.6261698404947916,-0.360665660399578,-0.018811649812425557,-0.3677605459058572,-0.613392691024019,0.4186299641927083,0.5813700358072917,-0.36646162128883036,False
all_matched_loads,kurtosis_b,current_shape,0,0,1,16,96,96,1.7976837302387725,1.557543226077974,-0.7981840481209385,0.48046875,0.51953125,-0.24014050416079827,-0.0018699012773069068,-0.38084175505675816,-0.7837626821221456,0.4856770833333333,0.5143229166666667,-0.3784904047508249,False
all_matched_loads,kurtosis_b,current_shape,1,1,1,16,96,96,1.812313795712485,1.5458436464835146,-0.8559060572955141,0.41015625000000006,0.58984375,-0.2664701492289705,-0.0043539884463157374,-0.38572521589921965,-0.8449993987337721,0.44921875000000006,0.55078125,-0.38536594969289395,False
all_matched_loads,kurtosis_b,current_shape,2,2,1,16,96,96,1.90114057424918,1.5425135253903992,-0.8782965628106659,0.2975260416666667,0.7024739583333333,-0.35862704885878083,-0.01372970850883981,-0.38676419428941883,-0.87865704103859,0.390625,0.609375,-0.3897410890564014,False
all_matched_loads,kurtosis_b,current_shape,3,3,1,16,96,96,1.8890740943604472,1.55259936301029,-0.8294470758900155,0.2825520833333333,0.7174479166666667,-0.3364747313501571,-0.023922623477307225,-0.4089584108246027,-0.825462629831692,0.3658854166666667,0.6341145833333333,-0.40866607018860057,False
all_matched_loads,kurtosis_b,current_shape,4,4,1,16,96,96,1.8923759770426545,1.597262048168109,-0.6254136848584998,0.30924479166666663,0.6907552083333334,-0.29511392887454563,-0.02997074709998293,-0.4210738580318699,-0.6240551862952622,0.37434895833333337,0.6256510416666666,-0.417995887851379,False
all_matched_loads,kurtosis_b,current_shape,5,5,1,16,96,96,2.1804466338570165,1.6545831149068624,-0.6503912410567106,0.376953125,0.623046875,-0.5258635189501545,-0.03169989261452544,-0.3748511609545505,-0.6470629174903276,0.41145833333333337,0.5885416666666666,-0.36869921103729975,False
all_matched_loads,kurtosis_b,current_shape,6,6,1,16,96,96,2.2281527290903336,1.6847824248106773,-0.6166046982119302,0.38997395833333337,0.6100260416666666,-0.5433703042796562,-0.045360975186285346,-0.3833944502491638,-0.6089338176465905,0.42317708333333337,0.5768229166666666,-0.3851882746636458,False
all_matched_loads,kurtosis_b,current_shape,7,7,1,16,96,96,2.010552845959851,1.69128774846629,-0.4345142421928765,0.4036458333333333,0.5963541666666667,-0.3192650974935613,-0.05276220702296153,-0.3582663475916765,-0.41355242532061615,0.43424479166666663,0.5657552083333334,-0.35826842671303777,False
all_matched_loads,kurtosis_c,current_shape,-1,all_blocks,1,128,768,768,1.9895395706976418,1.635075286897739,-0.6176333942571207,0.5123087565104166,0.5123087565104166,-0.35446428379990297,-0.001984424785972161,-0.3382151689582881,-0.5503250044762734,0.4911193847656251,0.5088806152343749,-0.3276832020527921,False
all_matched_loads,kurtosis_c,current_shape,0,0,1,16,96,96,1.8212350692097996,1.55211086793276,-0.7558397794729589,0.3287760416666667,0.6712239583333333,-0.26912420127703973,-0.009462811746576594,-0.3833130179379364,-0.5736115514662775,0.388671875,0.611328125,-0.36322014423145743,False
all_matched_loads,kurtosis_c,current_shape,1,1,1,16,96,96,1.9505829885059551,1.539947365960258,-0.8525613485373694,0.34895833333333337,0.6510416666666666,-0.410635622545697,-0.009691149227061602,-0.3737671435854942,-0.712111207623204,0.4016927083333333,0.5983072916666667,-0.3512952291303209,False
all_matched_loads,kurtosis_c,current_shape,2,2,1,16,96,96,1.9619382259730596,1.5569743802335836,-0.8255048271968213,0.4680989583333333,0.5319010416666667,-0.40496384573947547,-0.002744000215366138,-0.3704319482152696,-0.6946562614910626,0.4407552083333333,0.5592447916666667,-0.35051669022551735,False
all_matched_loads,kurtosis_c,current_shape,3,3,1,16,96,96,2.058866746544048,1.5927694201998694,-0.7832151483434064,0.5885416666666667,0.5885416666666667,-0.4660973263441784,0.0011327259666172873,-0.35553217768311746,-0.6902474022792572,0.5221354166666666,0.5221354166666666,-0.361819306298865,False
all_matched_loads,kurtosis_c,current_shape,4,4,1,16,96,96,1.953793977149843,1.6543555682160764,-0.5703673415342521,0.634765625,0.634765625,-0.29943840893376666,0.007852666296950916,-0.33755172254828764,-0.4930630542651286,0.5592447916666667,0.5592447916666667,-0.32285931942962576,False
all_matched_loads,kurtosis_c,current_shape,5,5,1,16,96,96,2.165893413737039,1.7053185538013544,-0.614958236051196,0.6393229166666667,0.6393229166666667,-0.46057485993568464,0.00971502754766107,-0.34100799517634167,-0.5664052464003796,0.5651041666666666,0.5651041666666666,-0.326847927413609,False
all_matched_loads,kurtosis_c,current_shape,6,6,1,16,96,96,2.1025326339336026,1.7333682987835284,-0.5145661157259411,0.6009114583333333,0.6009114583333333,-0.36916433515007413,0.014416091393979702,-0.3314181021277181,-0.47565663857492346,0.544921875,0.544921875,-0.322805576608552,False
all_matched_loads,kurtosis_c,current_shape,7,7,1,16,96,96,1.901473510527787,1.7457578400544798,-0.26461648840841545,0.5865885416666667,0.5865885416666667,-0.15571567047330728,0.020569794377841566,-0.2743444797616514,-0.2549141020080665,0.537109375,0.537109375,-0.26624658523573536,False
all_matched_loads,phase_rms_cv,sequence_imbalance,-1,all_blocks,1,128,768,768,0.014986351703954357,0.05746629143087071,0.6485922700931889,0.736480712890625,0.736480712890625,0.04247993972691636,0.014598601625817335,0.6268493360685454,0.6716359518571333,0.780975341796875,0.780975341796875,0.6296906093156195,False
all_matched_loads,phase_rms_cv,sequence_imbalance,0,0,1,16,96,96,0.01171480740724223,0.01632850903527396,0.38069187766624835,0.734375,0.734375,0.004613701628031728,0.001329392879069536,0.4238138386969869,0.4750116533068915,0.6848958333333333,0.6848958333333333,0.4840362147687508,False
all_matched_loads,phase_rms_cv,sequence_imbalance,1,1,1,16,96,96,0.011150158274414632,0.023014800115184808,0.6019652680085278,0.7727864583333334,0.7727864583333334,0.011864641840770176,0.00409092350006578,0.6296652551590267,0.7063058419279392,0.7610677083333333,0.7610677083333333,0.6689398012023362,False
all_matched_loads,phase_rms_cv,sequence_imbalance,2,2,1,16,96,96,0.011485862677297506,0.03292918326763085,0.6911346803142228,0.7864583333333334,0.7864583333333334,0.021443320590333343,0.008617329351197741,0.7090066671946726,0.7634023870789681,0.7975260416666666,0.7975260416666666,0.7274823758776067,False
all_matched_loads,phase_rms_cv,sequence_imbalance,3,3,1,16,96,96,0.01324110484755201,0.04576136773084998,0.7095852208824123,0.7773437500000001,0.7773437500000001,0.032520262883297964,0.01212538228486362,0.7180446092492427,0.7582368401747557,0.8092447916666667,0.8092447916666667,0.7309520026384051,False
all_matched_loads,phase_rms_cv,sequence_imbalance,4,4,1,16,96,96,0.014685338958803654,0.06089886070435006,0.7498459854798432,0.7838541666666667,0.7838541666666667,0.04621352174554641,0.019367562890842818,0.7438005915861841,0.7822585426300948,0.8255208333333333,0.8255208333333333,0.7476444939752583,False
all_matched_loads,phase_rms_cv,sequence_imbalance,5,5,1,16,96,96,0.016783925887775032,0.07720892659770996,0.8051431392671791,0.7669270833333335,0.7669270833333335,0.06042500070993493,0.025589949245303723,0.7829150386890674,0.8304262518432233,0.8326822916666667,0.8326822916666667,0.7833243650236993,False
all_matched_loads,phase_rms_cv,sequence_imbalance,6,6,1,16,96,96,0.01867050855903723,0.09327173924066512,0.8897477775381144,0.7734375,0.7734375,0.0746012306816279,0.034934549028711376,0.8397792523602328,0.9104265612340817,0.8391927083333334,0.8391927083333334,0.8362962601866056,False
all_matched_loads,phase_rms_cv,sequence_imbalance,7,7,1,16,96,96,0.022159107019512556,0.11031694475530102,0.9826927218927711,0.7760416666666667,0.7760416666666667,0.08815783773578846,0.051025005252320225,0.9046893592692032,0.9990817608654582,0.8444010416666667,0.8444010416666667,0.8991342405489755,False
all_matched_loads,rms_ratio_a,current_shape,-1,all_blocks,1,128,768,768,0.9945962828906365,1.0470141119496263,0.785056853920954,0.8082580566406249,0.8082580566406249,0.052417829058989916,0.03485902511203176,0.8207745451257731,0.7347170506629289,0.8680216471354167,0.8680216471354167,0.6736516897708013,False
all_matched_loads,rms_ratio_a,current_shape,0,0,1,16,96,96,0.9951107074336616,1.0026286522882686,0.41652994596119,0.6341145833333333,0.6341145833333333,0.007517944854607079,0.005867655955364648,0.38916101037830997,0.18912263453133948,0.6145833333333333,0.6145833333333333,0.2815044366558268,False
all_matched_loads,rms_ratio_a,current_shape,1,1,1,16,96,96,0.9954913645266237,1.0139898427350873,0.7229378709567557,0.7194010416666666,0.7194010416666666,0.018498478208463637,0.01590722796169397,0.7287346000444022,0.5500902600172703,0.71484375,0.71484375,0.6057813715077124,False
all_matched_loads,rms_ratio_a,current_shape,2,2,1,16,96,96,0.996176183753399,1.0278074041334018,0.8959799093182149,0.7955729166666666,0.7955729166666666,0.03163122038000295,0.026508687422888755,0.9694813175321001,0.8560362450940325,0.8235677083333333,0.8235677083333333,0.7896293204225728,False
all_matched_loads,rms_ratio_a,current_shape,3,3,1,16,96,96,0.9951509412455841,1.041758610674998,0.9727922715366263,0.8385416666666666,0.8385416666666666,0.04660766942941372,0.03897877636034569,1.0703770105232253,0.9694775479101111,0.9127604166666667,0.9127604166666667,0.8602251557782747,False
all_matched_loads,rms_ratio_a,current_shape,4,4,1,16,96,96,0.9946176803423277,1.054760693187495,0.9770584331840398,0.8515625,0.8515625,0.060143012845167466,0.04894837110673078,1.0864657696608315,0.9703391764507677,0.9498697916666666,0.9498697916666666,0.8717404180109748,False
all_matched_loads,rms_ratio_a,current_shape,5,5,1,16,96,96,0.9928957226923236,1.067237984520559,0.998651898205402,0.8723958333333333,0.8723958333333333,0.07434226182823522,0.055514303347657445,1.0849301412889647,0.9764249247468634,0.9778645833333334,0.9778645833333334,0.8704572308569974,False
all_matched_loads,rms_ratio_a,current_shape,6,6,1,16,96,96,0.9932827705036786,1.0785120163751423,0.9941660204587264,0.865234375,0.865234375,0.08522924587146363,0.06090417159232975,1.090463486058099,0.9593483702106718,0.9713541666666667,0.9713541666666667,0.8693234526410983,False
all_matched_loads,rms_ratio_a,current_shape,7,7,1,16,96,96,0.9940448926274932,1.0894176916820586,0.9772197208975475,0.8509114583333333,0.8509114583333333,0.09537279905456557,0.06461106103015468,1.072107787635191,0.9313145262905329,0.96875,0.96875,0.8529019321121102,False
all_matched_loads,rms_ratio_b,current_shape,-1,all_blocks,1,128,768,768,1.00258584257644,0.9689395091209908,-0.3987976551109578,0.42368570963541663,0.5763142903645834,-0.03364633345544938,-0.008149731023224915,-0.3885758483761056,-0.505117417572811,0.33327229817708337,0.6667277018229166,-0.47055491053762644,False
all_matched_loads,rms_ratio_b,current_shape,0,0,1,16,96,96,1.000351104576242,1.0083192284483917,0.416230870071679,0.6666666666666667,0.6666666666666667,0.007968123872149643,0.0019012636060201649,0.343481031515681,0.3272820002638492,0.560546875,0.560546875,0.34385757567382425,False
all_matched_loads,rms_ratio_b,current_shape,1,1,1,16,96,96,1.0012629759300682,1.004535959698898,0.11354462655445238,0.5865885416666666,0.5865885416666666,0.0032729837688298784,0.0009088471737728199,0.10481499830313884,0.05270438003344479,0.4993489583333333,0.5006510416666667,0.05430206739623785,False
all_matched_loads,rms_ratio_b,current_shape,2,2,1,16,96,96,1.00005035315332,0.9948013494797356,-0.1192634485541672,0.5110677083333334,0.5110677083333334,-0.00524900367358441,-0.0011965141684464609,-0.11697598317398485,-0.18695136534730186,0.423828125,0.576171875,-0.18832106633196097,False
all_matched_loads,rms_ratio_b,current_shape,3,3,1,16,96,96,1.0001935584970165,0.9810361793811669,-0.30149151217805525,0.42643229166666663,0.5735677083333334,-0.019157379115849634,-0.007420423267403942,-0.30447432972013133,-0.4049753295275867,0.34700520833333337,0.6529947916666666,-0.40442641844722493,False
all_matched_loads,rms_ratio_b,current_shape,4,4,1,16,96,96,1.0016110052081286,0.9657004935508843,-0.4244151612770682,0.37760416666666663,0.6223958333333334,-0.03591051165724445,-0.014064380742797311,-0.4312565387982257,-0.5540023851589707,0.29166666666666663,0.7083333333333334,-0.546429033703071,False
all_matched_loads,rms_ratio_b,current_shape,5,5,1,16,96,96,1.0042151419328378,0.9483757737886419,-0.5484644969367782,0.3294270833333333,0.6705729166666667,-0.05583936814419583,-0.024509724531626587,-0.5544680322415976,-0.7081538324172431,0.24153645833333331,0.7584635416666667,-0.685163625984063,False
all_matched_loads,rms_ratio_b,current_shape,6,6,1,16,96,96,1.0058759519908604,0.9326588987518379,-0.6519805873367719,0.3046875,0.6953125,-0.07321705323902246,-0.03455926017311034,-0.6534744730491792,-0.8201939954835914,0.23893229166666666,0.7610677083333334,-0.7904093417512014,False
all_matched_loads,rms_ratio_b,current_shape,7,7,1,16,96,96,1.007126649323048,0.9160881898683702,-0.7693464630058648,0.25651041666666663,0.7434895833333334,-0.09103845945467771,-0.052224948117821635,-0.7735651809377851,-0.9571799057874331,0.19531249999999997,0.8046875,-0.9199822907609748,False
all_matched_loads,rms_ratio_c,current_shape,-1,all_blocks,1,128,768,768,1.0028178745329233,0.9840463789293827,-0.2273988730797761,0.3198649088541667,0.6801350911458333,-0.018771495603540512,-0.011961602739082255,-0.21180019670081746,-0.21542697353142365,0.25437418619791663,0.7456258138020834,-0.19922596679865334,False
all_matched_loads,rms_ratio_c,current_shape,0,0,1,16,96,96,1.004538187990096,0.9890521192633394,-1.0311162148097677,0.17122395833333331,0.8287760416666667,-0.01548606872675666,-0.006618088330654803,-0.7737625354806779,-1.0759012645719406,0.11002604166666667,0.8899739583333334,-0.747861727346498,False
all_matched_loads,rms_ratio_c,current_shape,1,1,1,16,96,96,1.0032456595433081,0.9814741975660146,-0.9140293695901924,0.16861979166666669,0.8313802083333333,-0.021771461977293505,-0.009452553880546832,-0.7695287149287272,-0.9114160712196719,0.11458333333333334,0.8854166666666666,-0.7258880320242254,False
all_matched_loads,rms_ratio_c,current_shape,2,2,1,16,96,96,1.0037734630932809,0.9773912463868624,-0.7033343570655092,0.20572916666666666,0.7942708333333334,-0.026382216706418545,-0.012198454095087019,-0.634970380393161,-0.6793149021767846,0.13736979166666666,0.8626302083333334,-0.5942529549793171,False
all_matched_loads,rms_ratio_c,current_shape,3,3,1,16,96,96,1.0046555002573991,0.977205209943835,-0.48571685878919746,0.287109375,0.712890625,-0.02745029031356405,-0.012113887202495732,-0.450518493024056,-0.4628025782806697,0.20052083333333334,0.7994791666666666,-0.42203498412702967,False
all_matched_loads,rms_ratio_c,current_shape,4,4,1,16,96,96,1.0037713144495435,0.9795388132616205,-0.3071521752186912,0.34375,0.65625,-0.024232501187922983,-0.012510279907145094,-0.2909169378790629,-0.291833651807954,0.24348958333333334,0.7565104166666666,-0.27332895276954355,False
all_matched_loads,rms_ratio_c,current_shape,5,5,1,16,96,96,1.0028891353748386,0.984386241690799,-0.182949118238455,0.3984375,0.6015625,-0.018502893684039394,-0.011847790973616656,-0.17372040593607474,-0.17475143778041502,0.3131510416666667,0.6868489583333333,-0.16473214330906272,False
all_matched_loads,rms_ratio_c,current_shape,6,6,1,16,96,96,1.0008412775054611,0.9888290848730197,-0.09948322043670405,0.4466145833333333,0.5533854166666667,-0.012012192632441165,-0.012303061139833704,-0.09420267255215939,-0.09513492831316395,0.361328125,0.638671875,-0.08964748377466415,False
all_matched_loads,rms_ratio_c,current_shape,7,7,1,16,96,96,0.9988284580494587,0.994494118449571,-0.03113627899129444,0.47395833333333337,0.5260416666666666,-0.004334339599887803,-0.013150050918215528,-0.02935951282415748,-0.03219617033163369,0.4173177083333333,0.5826822916666667,-0.03026082641271868,False
all_matched_loads,sequence_unbalance,sequence_imbalance,-1,all_blocks,1,128,768,768,0.023582261104261225,0.08740586758471736,0.5576546361672516,0.7379048665364583,0.7379048665364583,0.06382360648045612,0.02082556774003063,0.5388994500490889,0.5525153815742844,0.6762593587239583,0.6762593587239583,0.5480076841075812,False
all_matched_loads,sequence_unbalance,sequence_imbalance,0,0,1,16,96,96,0.013059739516488532,0.02227293951417701,0.4905548132425663,0.7545572916666667,0.7545572916666667,0.009213199997688474,0.0028676204071971935,0.6092517125546041,0.4447725853868106,0.6236979166666666,0.6236979166666666,0.631883180135186,False
all_matched_loads,sequence_unbalance,sequence_imbalance,1,1,1,16,96,96,0.013645036870466882,0.032393333010539434,0.6527502923352981,0.7838541666666666,0.7838541666666666,0.01874829614007255,0.0062150959728199465,0.698798673547843,0.6013077320860547,0.6523437500000001,0.6523437500000001,0.7125360761449133,False
all_matched_loads,sequence_unbalance,sequence_imbalance,2,2,1,16,96,96,0.012396415077373948,0.04666984675587321,0.7660795264974323,0.7981770833333334,0.7981770833333334,0.034273431678499264,0.012696310553551053,0.7450388708115726,0.7182054696728413,0.6959635416666667,0.6959635416666667,0.743898273713556,False
all_matched_loads,sequence_unbalance,sequence_imbalance,3,3,1,16,96,96,0.01451020089752768,0.06562973421833507,0.7459223947738879,0.7975260416666667,0.7975260416666667,0.051119533320807396,0.017903651735232243,0.6971020177068831,0.7160275700243032,0.7135416666666666,0.7135416666666666,0.6988309153285802,False
all_matched_loads,sequence_unbalance,sequence_imbalance,4,4,1,16,96,96,0.020760356508017608,0.08969547487634567,0.6910272401344869,0.7799479166666666,0.7799479166666666,0.06893511836832807,0.02279056683561054,0.6525532203252069,0.6747588989177704,0.7200520833333334,0.7200520833333334,0.6595915007040989,False
all_matched_loads,sequence_unbalance,sequence_imbalance,5,5,1,16,96,96,0.028408925413301,0.11974441550264332,0.654842140612016,0.763671875,0.763671875,0.09133549008934233,0.031479103482815525,0.613678898478385,0.6469743582855381,0.7200520833333334,0.7200520833333334,0.6245997334100931,False
all_matched_loads,sequence_unbalance,sequence_imbalance,6,6,1,16,96,96,0.03976105786634337,0.14710482564107333,0.6830886319980625,0.7552083333333333,0.7552083333333333,0.10734376777472998,0.04054088400780692,0.6470996423672012,0.6780353310843933,0.71484375,0.71484375,0.6659172746527116,False
all_matched_loads,sequence_unbalance,sequence_imbalance,7,7,1,16,96,96,0.046116356684570814,0.17573637115875182,0.799486440321632,0.755859375,0.755859375,0.129620014474181,0.06041156459339256,0.7387941437263352,0.7890162615243568,0.7265625,0.7265625,0.7560899013379213,False
all_matched_loads,sideband_lower_ratio,harmonic_sideband,-1,all_blocks,1,128,768,768,0.02496516879258619,0.018384705472636435,-0.19876240435567133,0.44938151041666663,0.5506184895833334,-0.006580463319949756,-0.0004722539314050904,-0.3248798711166503,-0.19465778723608948,0.45889282226562494,0.541107177734375,-0.3273951276452137,False
all_matched_loads,sideband_lower_ratio,harmonic_sideband,0,0,1,16,96,96,0.11359878673155312,0.10024067649968453,-0.819329794475281,0.55859375,0.55859375,-0.013358110231868612,0.00012739293377694166,-0.35820286758403735,-0.688599726296286,0.5032552083333334,0.5032552083333334,-0.35867963750026927,False
all_matched_loads,sideband_lower_ratio,harmonic_sideband,1,1,1,16,96,96,0.025479270423651036,0.016779773316777862,-0.8549813120579113,0.45312500000000006,0.546875,-0.008699497106873176,-0.0005959093692405092,-0.3730904578120042,-0.8562672815240601,0.4641927083333333,0.5358072916666667,-0.376952281969854,False
all_matched_loads,sideband_lower_ratio,harmonic_sideband,2,2,1,16,96,96,0.011985809823197819,0.008763751031661379,-0.5747504338974103,0.470703125,0.529296875,-0.0032220587915364404,-0.0002612011264459821,-0.3811925696473262,-0.5691811080866876,0.46809895833333337,0.5319010416666666,-0.3870128288601938,False
all_matched_loads,sideband_lower_ratio,harmonic_sideband,3,3,1,16,96,96,0.00704593514987019,0.004569293593188157,-0.46746312294535847,0.47591145833333337,0.5240885416666666,-0.002476641556682033,-0.00022060450306164345,-0.4194436129239291,-0.4609817529748146,0.48307291666666663,0.5169270833333334,-0.4191033176790362,False
all_matched_loads,sideband_lower_ratio,harmonic_sideband,4,4,1,16,96,96,0.008597187677339448,0.004507794605957151,-0.582644863762541,0.4348958333333333,0.5651041666666667,-0.004089393071382296,-0.0002893743007064164,-0.3996512284054675,-0.5755936638946773,0.45507812500000006,0.544921875,-0.398080819016082,False
all_matched_loads,sideband_lower_ratio,harmonic_sideband,5,5,1,16,96,96,0.01064940116448818,0.0042460348867316275,-0.777814440971495,0.33984375,0.66015625,-0.0064033662777565545,-0.0006967221189211868,-0.4542164675265584,-0.7638336967861465,0.388671875,0.611328125,-0.45721772206236433,False
all_matched_loads,sideband_lower_ratio,harmonic_sideband,6,6,1,16,96,96,0.014862861200482878,0.004097825517769676,-0.8344975191545645,0.404296875,0.595703125,-0.010765035682713203,-0.0006003331436885633,-0.38620598235567277,-0.8341500593174064,0.4251302083333333,0.5748697916666667,-0.3958825938637674,False
all_matched_loads,sideband_lower_ratio,harmonic_sideband,7,7,1,16,96,96,0.007502098170106849,0.0038724943293211057,-0.5254327763985445,0.3997395833333333,0.6002604166666667,-0.003629603840785745,-0.00064689474464452,-0.40810203000045775,-0.49499599498070523,0.41276041666666663,0.5872395833333334,-0.41305734899627544,False
all_matched_loads,sideband_upper_ratio,harmonic_sideband,-1,all_blocks,1,128,768,768,0.03720664158047675,0.03071919506444325,-0.11227496469704913,0.4478251139322917,0.5521748860677083,-0.006487446516033492,-0.0004364182555702497,-0.3323407756879879,-0.1104647603983604,0.45700073242187506,0.542999267578125,-0.33072547031886257,False
all_matched_loads,sideband_upper_ratio,harmonic_sideband,0,0,1,16,96,96,0.19080504099935017,0.1767482656327093,-0.9418703200202925,0.20963541666666666,0.7903645833333334,-0.01405677536664087,-0.0006039686640080255,-0.38348822212304157,-0.5617658294562028,0.32291666666666663,0.6770833333333334,-0.38168148150097936,False
all_matched_loads,sideband_upper_ratio,harmonic_sideband,1,1,1,16,96,96,0.0517618282981552,0.041537059609614,-0.8542919531143396,0.5592447916666666,0.5592447916666666,-0.0102247686885412,0.00032853288209631903,-0.3564509491263338,-0.8118305007420995,0.5084635416666666,0.5084635416666666,-0.3554672132481898,False
all_matched_loads,sideband_upper_ratio,harmonic_sideband,2,2,1,16,96,96,0.011375934627732674,0.00819242265004135,-0.6336770535599664,0.4303385416666667,0.5696614583333333,-0.0031835119776913233,-0.00025220412381964314,-0.3867609969742465,-0.629160506643559,0.44075520833333337,0.5592447916666666,-0.38485513639611035,False
all_matched_loads,sideband_upper_ratio,harmonic_sideband,3,3,1,16,96,96,0.0072365156489388365,0.004294745559962183,-0.5777767511846839,0.36783854166666663,0.6321614583333334,-0.0029417700889766535,-0.00046835830506588324,-0.44519181028129784,-0.5618171585135674,0.4036458333333333,0.5963541666666667,-0.4529074459157414,False
all_matched_loads,sideband_upper_ratio,harmonic_sideband,4,4,1,16,96,96,0.007951684895877425,0.0038539073906394884,-0.6232420553152679,0.42838541666666663,0.5716145833333334,-0.004097777505237936,-0.0003048270823424867,-0.3890401107008545,-0.6118509594295855,0.46223958333333337,0.5377604166666666,-0.3952996158324617,False
all_matched_loads,sideband_upper_ratio,harmonic_sideband,5,5,1,16,96,96,0.009136814429307595,0.003917595277863506,-0.7247455685784755,0.36393229166666663,0.6360677083333334,-0.005219219151444088,-0.0005791519780440468,-0.44510694216098495,-0.7090719819662683,0.41015624999999994,0.58984375,-0.4439175670476584,False
all_matched_loads,sideband_upper_ratio,harmonic_sideband,6,6,1,16,96,96,0.010921801440802079,0.0037735099222960047,-0.7995442264162198,0.4303385416666667,0.5696614583333333,-0.0071482915185060725,-0.0004966011637437901,-0.4139693362314122,-0.7830759311843889,0.4348958333333333,0.5651041666666667,-0.41368334608835344,False
all_matched_loads,sideband_upper_ratio,harmonic_sideband,7,7,1,16,96,96,0.008463512303650013,0.0034360544724202236,-0.7037666511415607,0.384765625,0.615234375,-0.00502745783122979,-0.0005442545420555098,-0.4156742705469531,-0.6735283418641297,0.4010416666666667,0.5989583333333333,-0.42218683415592373,False
all_matched_loads,spectral_entropy,spectral_entropy,-1,all_blocks,1,128,768,768,0.19449881493338692,0.16321828620723763,-0.6967207845003273,0.528472900390625,0.528472900390625,-0.031280528726149275,0.0004354227096711738,-0.3594433274831037,-0.6053540468405904,0.4961140950520833,0.5038859049479167,-0.35838852692631545,False
all_matched_loads,spectral_entropy,spectral_entropy,0,0,1,16,96,96,0.19168922481792422,0.15765282103278408,-0.769648732774617,0.4934895833333333,0.5065104166666667,-0.03403640378514011,-0.00012093637483956421,-0.3774258192221058,-0.658572492128244,0.4713541666666667,0.5286458333333333,-0.3766522000274483,False
all_matched_loads,spectral_entropy,spectral_entropy,1,1,1,16,96,96,0.19518489565106997,0.15707384490020793,-0.8295297113675074,0.5123697916666666,0.5123697916666666,-0.03811105075086205,-6.66212483158013e-06,-0.3767531094192013,-0.7192563033292791,0.48177083333333326,0.5182291666666667,-0.3757721228040291,False
all_matched_loads,spectral_entropy,spectral_entropy,2,2,1,16,96,96,0.18795794660582577,0.15718759052548933,-0.7977312591760681,0.5279947916666667,0.5279947916666667,-0.030770356080336445,7.795902362695006e-05,-0.37364490692672153,-0.6607694944015491,0.48111979166666663,0.5188802083333334,-0.372614573777053,False
all_matched_loads,spectral_entropy,spectral_entropy,3,3,1,16,96,96,0.18724876451668138,0.15812771001343304,-0.7611717689925439,0.5690104166666667,0.5690104166666667,-0.02912105450324834,0.00040444154022796497,-0.3648983073802703,-0.6323447660142802,0.5143229166666667,0.5143229166666667,-0.36404376346626177,False
all_matched_loads,spectral_entropy,spectral_entropy,4,4,1,16,96,96,0.19204299362768193,0.16102322626765853,-0.720123925743136,0.6178385416666666,0.6178385416666666,-0.031019767360023407,0.0008215633942945805,-0.35593423533061974,-0.6218930990196273,0.5475260416666666,0.5475260416666666,-0.354960859620069,False
all_matched_loads,spectral_entropy,spectral_entropy,5,5,1,16,96,96,0.19655832457316952,0.1647549256016204,-0.6800884456538411,0.6406249999999999,0.6406249999999999,-0.03180339897154915,0.0008230456027603361,-0.3540238708531744,-0.5990566077429602,0.560546875,0.560546875,-0.35311726380742875,False
all_matched_loads,spectral_entropy,spectral_entropy,6,6,1,16,96,96,0.2004784260324188,0.1710477507034336,-0.5952603697918287,0.66015625,0.66015625,-0.029430675328985228,0.001259025725665136,-0.3410236043868165,-0.5286204690710765,0.5735677083333334,0.5735677083333334,-0.3398158351624106,False
all_matched_loads,spectral_entropy,spectral_entropy,7,7,1,16,96,96,0.20482994364232376,0.17887842061327422,-0.5046434776197808,0.7057291666666667,0.7057291666666667,-0.025951523029049486,0.0015386846644747793,-0.3238056788316351,-0.4481315769579308,0.59375,0.59375,-0.3220994169505846,False
all_matched_loads,thd_2_to_5_mean,harmonic_sideband,-1,all_blocks,1,128,768,768,0.03654697034269182,0.035797309277916745,-0.020532538755854972,0.7231852213541666,0.7231852213541666,-0.0007496610647750833,0.005830742885141172,-0.017636535008720585,-0.019687333411536022,0.729217529296875,0.729217529296875,-0.01671127261619198,False
all_matched_loads,thd_2_to_5_mean,harmonic_sideband,0,0,1,16,96,96,0.04128521725961436,0.03348956754538059,-0.4014576127908534,0.5729166666666666,0.5729166666666666,-0.007795649714233755,0.0008863369835138274,-0.28011688528034945,-0.39989074892560306,0.5703125,0.5703125,-0.27971621282045306,False
all_matched_loads,thd_2_to_5_mean,harmonic_sideband,1,1,1,16,96,96,0.03567648696779514,0.027641288599303714,-0.41034749961009725,0.5865885416666667,0.5865885416666667,-0.008035198368491427,0.001261271446019366,-0.26689916071321584,-0.4123898903665902,0.5865885416666667,0.5865885416666667,-0.26641805270221847,False
all_matched_loads,thd_2_to_5_mean,harmonic_sideband,2,2,1,16,96,96,0.03152019923211816,0.030776583886288223,-0.038040033386702914,0.6497395833333334,0.6497395833333334,-0.0007436153458299342,0.0027524303918035594,-0.03599177316002985,-0.037385133361245,0.6549479166666666,0.6549479166666666,-0.03445425628515376,False
all_matched_loads,thd_2_to_5_mean,harmonic_sideband,3,3,1,16,96,96,0.0302260868000796,0.03358759526825717,0.13452778741913965,0.697265625,0.697265625,0.0033615084681775723,0.004270297413045494,0.1482940872567154,0.14085133994711768,0.7102864583333334,0.7102864583333334,0.15078638602670077,False
all_matched_loads,thd_2_to_5_mean,harmonic_sideband,4,4,1,16,96,96,0.027078185173780158,0.03448341397608859,0.2488641056698456,0.78125,0.78125,0.007405228802308438,0.007841506029968949,0.31201396545253374,0.2577546430024673,0.7858072916666667,0.7858072916666667,0.3145887514689419,False
all_matched_loads,thd_2_to_5_mean,harmonic_sideband,5,5,1,16,96,96,0.03084999772047537,0.03385032707011315,0.08688590008611612,0.8098958333333334,0.8098958333333334,0.0030003293496377813,0.008827040978268696,0.07968201864191796,0.0905252343548218,0.8098958333333333,0.8098958333333333,0.08135313854781956,False
all_matched_loads,thd_2_to_5_mean,harmonic_sideband,6,6,1,16,96,96,0.050081125753689316,0.042315433770951934,-0.1462193890343969,0.8378906249999999,0.8378906249999999,-0.007765691982737383,0.012702570862158383,-0.10019775039188739,-0.14661543268407806,0.8385416666666665,0.8385416666666665,-0.09948562790847182,False
all_matched_loads,thd_2_to_5_mean,harmonic_sideband,7,7,1,16,96,96,0.0456584638339825,0.05023426410695055,0.07315641428175101,0.8580729166666667,0.8580729166666667,0.004575800272968042,0.016928355845206515,0.07525481784155448,0.07401626333365105,0.8587239583333333,0.8587239583333333,0.07564900481011924,False
all_matched_loads,zero_sequence_ratio,sequence_imbalance,-1,all_blocks,1,128,768,768,0.06056796310759631,0.027453239451351346,-0.6602164010448718,0.32610066731770837,0.6738993326822916,-0.03311472365624497,-0.006312706791215999,-0.4996855740287679,-0.6635146350922627,0.32407633463541663,0.6759236653645834,-0.5020051086438533,False
all_matched_loads,zero_sequence_ratio,sequence_imbalance,0,0,1,16,96,96,0.06194978476922028,0.030586612300491877,-0.5612005436773457,0.337890625,0.662109375,-0.03136317246872842,-0.005885898657364436,-0.4965577396407996,-0.5615695330671541,0.333984375,0.666015625,-0.49960857555766813,False
all_matched_loads,zero_sequence_ratio,sequence_imbalance,1,1,1,16,96,96,0.06178313945472635,0.02837658425766033,-0.6433049300587595,0.333984375,0.666015625,-0.033406555197066014,-0.006426456846972219,-0.49467216899501715,-0.6441896954841987,0.33398437500000006,0.666015625,-0.4979880323464136,False
all_matched_loads,zero_sequence_ratio,sequence_imbalance,2,2,1,16,96,96,0.06333555910099703,0.02718672059402942,-0.7036240737124703,0.3255208333333333,0.6744791666666667,-0.036148838506967616,-0.006135813031567553,-0.49014532377759096,-0.7048062890414438,0.3216145833333333,0.6783854166666667,-0.4929254150975472,False
all_matched_loads,zero_sequence_ratio,sequence_imbalance,3,3,1,16,96,96,0.06254564026878927,0.026778074335065516,-0.7094442672028737,0.326171875,0.673828125,-0.035767565933723745,-0.006353959974841628,-0.49425729070156554,-0.7109154306611203,0.322265625,0.677734375,-0.4967060956557225,False
all_matched_loads,zero_sequence_ratio,sequence_imbalance,4,4,1,16,96,96,0.06301863366610765,0.02676480027839258,-0.7080929272677091,0.32552083333333337,0.6744791666666666,-0.03625383338771506,-0.006451231492538032,-0.4949557233931266,-0.7103532237017195,0.3229166666666667,0.6770833333333333,-0.49711282833765635,False
all_matched_loads,zero_sequence_ratio,sequence_imbalance,5,5,1,16,96,96,0.05899916897370421,0.026828167615164215,-0.654243886742985,0.32096354166666663,0.6790364583333334,-0.03217100135854001,-0.006507830746553986,-0.5081276026387912,-0.6580771204540186,0.31770833333333337,0.6822916666666666,-0.5106155314198103,False
all_matched_loads,zero_sequence_ratio,sequence_imbalance,6,6,1,16,96,96,0.057754843516845414,0.026728741521698667,-0.6336354545290439,0.3203125,0.6796875,-0.031026101995146754,-0.00669324461074823,-0.5080248107783206,-0.6400851107860344,0.32031250000000006,0.6796875,-0.5091161786789068,False
all_matched_loads,zero_sequence_ratio,sequence_imbalance,7,7,1,16,96,96,0.055156935110380306,0.026376214708308133,-0.6088241183732707,0.318359375,0.681640625,-0.028780720402072173,-0.006300020642022076,-0.5190014002224642,-0.6200635857553844,0.31640625,0.68359375,-0.5184080571835659,False
heldout_health_test_loads,clarke_radius_cv,current_shape,-1,all_blocks,1,64,384,384,0.05525804668323353,0.086748985511851,0.454984773812548,0.6428629557291666,0.6428629557291666,0.031490938828617476,0.006545801660063228,0.5800867671588104,0.4810008538240416,0.6325276692708335,0.6325276692708335,0.5858566540715189,False
heldout_health_test_loads,clarke_radius_cv,current_shape,0,0,1,8,48,48,0.0474030332727825,0.04603366239872614,-0.04820105513312908,0.4739583333333333,0.5260416666666667,-0.0013693708740563644,-0.0007614187203837351,-0.1578163829961553,-0.01725024911596922,0.4947916666666667,0.5052083333333333,-0.12277445400923007,False
heldout_health_test_loads,clarke_radius_cv,current_shape,1,1,1,8,48,48,0.04531035401436856,0.050850522472167065,0.18053978339023716,0.5755208333333334,0.5755208333333334,0.005540168457798506,0.0028098521160840433,0.4147391673285581,0.1093240240548654,0.5390625,0.5390625,0.4518697918354101,False
heldout_health_test_loads,clarke_radius_cv,current_shape,2,2,1,8,48,48,0.04470658385196359,0.06000722910769546,0.4029446624302826,0.6458333333333334,0.6458333333333334,0.015300645255731856,0.0062298208061522895,0.669817940048777,0.3055264066903721,0.6067708333333333,0.6067708333333333,0.6870473486353005,False
heldout_health_test_loads,clarke_radius_cv,current_shape,3,3,1,8,48,48,0.04808337951134305,0.07239894208026265,0.494260354468522,0.6640624999999999,0.6640624999999999,0.024315562568919608,0.008561020685756876,0.6945838146597005,0.4800819527163888,0.6276041666666666,0.6276041666666666,0.708977076956728,False
heldout_health_test_loads,clarke_radius_cv,current_shape,4,4,1,8,48,48,0.05525654994852667,0.08902886910383662,0.5441742901870092,0.6536458333333334,0.6536458333333334,0.03377231915530995,0.009133543993994101,0.7143896499609075,0.6132874064720147,0.640625,0.640625,0.7258069171937884,False
heldout_health_test_loads,clarke_radius_cv,current_shape,5,5,1,8,48,48,0.06135906682488998,0.10681756941853982,0.6052885319147614,0.6901041666666666,0.6901041666666666,0.04545850259364984,0.012378317601272648,0.7730697939753471,0.7315688917838488,0.6901041666666667,0.6901041666666667,0.7789635768796812,False
heldout_health_test_loads,clarke_radius_cv,current_shape,6,6,1,8,48,48,0.06633320108681966,0.12386684625590949,0.6652010890307108,0.7135416666666666,0.7135416666666666,0.05753364516908983,0.015285293386095486,0.8156085179019279,0.8371317034013197,0.7161458333333333,0.7161458333333333,0.8185348181172021,False
heldout_health_test_loads,clarke_radius_cv,current_shape,7,7,1,8,48,48,0.07361220495517423,0.1449882432576708,0.7292784941383799,0.7421875,0.7421875,0.07137603830249656,0.027460685438556325,0.8711633415237053,0.9339542026351818,0.7552083333333334,0.7552083333333334,0.8696142424800447,False
heldout_health_test_loads,crest_a,current_shape,-1,all_blocks,1,64,384,384,1.6460061463334243,1.5877634700031198,-0.44042886012830884,0.3953450520833333,0.6046549479166667,-0.05824267633030455,-0.03172412297258065,-0.7022901975712145,-0.15304796937848564,0.44576009114583337,0.5542399088541666,-0.7048087052324914,False
heldout_health_test_loads,crest_a,current_shape,0,0,1,8,48,48,1.601790128746499,1.546399430264148,-0.4703644382540015,0.3567708333333333,0.6432291666666667,-0.05539069848235085,-0.03326486916271165,-0.6430889195908224,-0.1273571472262898,0.41927083333333337,0.5807291666666666,-0.643415104531123,False
heldout_health_test_loads,crest_a,current_shape,1,1,1,8,48,48,1.5997326032575865,1.5541211744502093,-0.4167960034569923,0.3671875,0.6328125,-0.04561142880737712,-0.025405593638610835,-0.7631862932711717,-0.10816066910085492,0.4375,0.5625,-0.7359385377458467,False
heldout_health_test_loads,crest_a,current_shape,2,2,1,8,48,48,1.6007601794115067,1.571282682641348,-0.25604144102882365,0.4453125,0.5546875,-0.029477496770158613,-0.01664222320160813,-0.4748828322840797,-0.054012598799233466,0.46875,0.53125,-0.3297226902529279,False
heldout_health_test_loads,crest_a,current_shape,3,3,1,8,48,48,1.6363472760286544,1.5797409158318267,-0.4385457063230626,0.4296875,0.5703125,-0.0566063601968276,-0.020894391597893525,-0.5183721707512878,-0.13142743342171403,0.45833333333333337,0.5416666666666666,-0.5285935643541384,False
heldout_health_test_loads,crest_a,current_shape,4,4,1,8,48,48,1.6479275363034926,1.5957357971431383,-0.3934861482245866,0.40364583333333337,0.5963541666666666,-0.05219173916035435,-0.027844296451600137,-0.6784193094522403,-0.1289149579567237,0.4479166666666667,0.5520833333333333,-0.7645576607272705,False
heldout_health_test_loads,crest_a,current_shape,5,5,1,8,48,48,1.6805304286571705,1.6109433173347398,-0.4796379112767672,0.3697916666666667,0.6302083333333333,-0.06958711132243063,-0.038282718830469964,-0.8593496936392679,-0.20337893260927623,0.4296875,0.5703125,-0.8158919551267324,False
heldout_health_test_loads,crest_a,current_shape,6,6,1,8,48,48,1.681256671334717,1.618738805195419,-0.4229187254540396,0.3828125,0.6171875,-0.0625178661392981,-0.03672682092135726,-0.8414426153809295,-0.17214084291937384,0.43749999999999994,0.5625,-0.8817289420347576,False
heldout_health_test_loads,crest_a,current_shape,7,7,1,8,48,48,1.7197043469277682,1.6251456371641293,-0.6098725322640824,0.33333333333333337,0.6666666666666666,-0.09455870976363907,-0.06234165310617845,-1.012085134530222,-0.2683119221620591,0.40885416666666663,0.5911458333333334,-1.1251877782568946,False
heldout_health_test_loads,crest_b,current_shape,-1,all_blocks,1,64,384,384,1.6500069716233936,1.5725395203756865,-0.5389792074011013,0.33097330729166663,0.6690266927083334,-0.07746745124770744,-0.05679826497145968,-0.9417757569686571,-0.10880926528290738,0.41845703124999994,0.58154296875,-0.940639048090971,False
heldout_health_test_loads,crest_b,current_shape,0,0,1,8,48,48,1.610996527354029,1.528310152568963,-0.7676600789933741,0.28125,0.71875,-0.08268637478506591,-0.05069641707538841,-0.980200626024046,-0.11447093947588201,0.3932291666666667,0.6067708333333333,-1.0552404959732773,False
heldout_health_test_loads,crest_b,current_shape,1,1,1,8,48,48,1.595794340221287,1.534728918132794,-0.5694555868804679,0.3151041666666667,0.6848958333333333,-0.0610654220884928,-0.030142365756519407,-0.7631680663336458,-0.07722934513317847,0.4114583333333333,0.5885416666666667,-0.8293112618989675,False
heldout_health_test_loads,crest_b,current_shape,2,2,1,8,48,48,1.603531615142276,1.5406269168797337,-0.5612281769862966,0.3151041666666667,0.6848958333333333,-0.06290469826254212,-0.04850157482810269,-0.8691911239077225,-0.08174604431511918,0.40885416666666663,0.5911458333333334,-0.9267560420206427,False
heldout_health_test_loads,crest_b,current_shape,3,3,1,8,48,48,1.6324940862346384,1.5464648557714034,-0.7216267161342322,0.28385416666666663,0.7161458333333334,-0.08602923046323502,-0.0638962737317671,-1.1279343597405385,-0.124151506260765,0.39583333333333337,0.6041666666666666,-1.0748862210020855,False
heldout_health_test_loads,crest_b,current_shape,4,4,1,8,48,48,1.6634834019175258,1.5671054144609577,-0.6882320981155343,0.29427083333333337,0.7057291666666666,-0.09637798745656805,-0.06902341800245493,-1.0287343790048593,-0.13741346743141503,0.4010416666666667,0.5989583333333333,-1.0598969617203955,False
heldout_health_test_loads,crest_b,current_shape,5,5,1,8,48,48,1.6792405708880143,1.5977523863824434,-0.5058956934418576,0.3151041666666667,0.6848958333333333,-0.08148818450557073,-0.06802610566407641,-1.0463525711062087,-0.11337226003193768,0.41666666666666663,0.5833333333333334,-1.0340442982322413,False
heldout_health_test_loads,crest_b,current_shape,6,6,1,8,48,48,1.6969879352077473,1.621266167581296,-0.4331350007329944,0.33333333333333337,0.6666666666666666,-0.07572176762645118,-0.06470751636990701,-0.8745168840633296,-0.10202122510341907,0.4244791666666667,0.5755208333333333,-0.8280645723568822,False
heldout_health_test_loads,crest_b,current_shape,7,7,1,8,48,48,1.7175272960216321,1.6440613512278983,-0.39523022753417636,0.3463541666666667,0.6536458333333333,-0.0734659447937337,-0.06796385508940628,-0.8640640664774918,-0.09927063188270133,0.4244791666666667,0.5755208333333333,-0.7829532882419977,False
heldout_health_test_loads,crest_c,current_shape,-1,all_blocks,1,64,384,384,1.6787931733065067,1.6028968179222332,-0.473972957267723,0.39180501302083337,0.6081949869791666,-0.07589635538427363,-0.04167823130674264,-0.7609801387885117,-0.44770849938485335,0.39131673177083337,0.6086832682291666,-0.781774302837391,False
heldout_health_test_loads,crest_c,current_shape,0,0,1,8,48,48,1.6361483893672453,1.5338725618844526,-0.778775435079027,0.2734375,0.7265625,-0.10227582748279233,-0.05407651748700404,-0.9196850633259708,-0.7481545219336793,0.2760416666666667,0.7239583333333333,-0.9513778019184731,False
heldout_health_test_loads,crest_c,current_shape,1,1,1,8,48,48,1.627515668892074,1.5364019425574689,-0.673386115192635,0.2916666666666667,0.7083333333333333,-0.09111372633460524,-0.06470144698549707,-0.9187060310625642,-0.6389999083942262,0.2994791666666667,0.7005208333333333,-0.949994941071916,False
heldout_health_test_loads,crest_c,current_shape,2,2,1,8,48,48,1.628907584579023,1.5542950777693927,-0.5498762751978674,0.3411458333333333,0.6588541666666667,-0.07461250680963023,-0.042547403493612634,-0.8246215016681318,-0.5184301916408013,0.33072916666666663,0.6692708333333334,-0.8550540271993061,False
heldout_health_test_loads,crest_c,current_shape,3,3,1,8,48,48,1.6536900070129188,1.5760200741262562,-0.5478963846700373,0.3645833333333333,0.6354166666666667,-0.0776699328866624,-0.031530641411125715,-0.62992375959223,-0.5112681217541515,0.375,0.625,-0.6500058775563285,False
heldout_health_test_loads,crest_c,current_shape,4,4,1,8,48,48,1.6889786521064003,1.6147864074244602,-0.4922889669415543,0.35156249999999994,0.6484375,-0.0741922446819399,-0.04435425072787924,-0.8341535644169443,-0.45784139889492415,0.3645833333333333,0.6354166666666667,-0.867970361846013,False
heldout_health_test_loads,crest_c,current_shape,5,5,1,8,48,48,1.7077071127328554,1.6505784512933994,-0.34104714059587776,0.4375,0.5625,-0.05712866143945614,-0.018255358176684888,-0.6299265805338062,-0.31945938513754824,0.4375,0.5625,-0.6341565623113388,False
heldout_health_test_loads,crest_c,current_shape,6,6,1,8,48,48,1.7243463503716805,1.6712786068727354,-0.3062155325574081,0.4322916666666667,0.5677083333333333,-0.053067743498945,-0.026341478689870357,-0.5796604987422853,-0.28471474333627844,0.43750000000000006,0.5625,-0.5954782883130499,False
heldout_health_test_loads,crest_c,current_shape,7,7,1,8,48,48,1.7630516213898564,1.6859414214496986,-0.4091970261291322,0.3880208333333333,0.6119791666666667,-0.07711019994015773,-0.04606300428265364,-0.808350604509169,-0.3940803405126431,0.3932291666666667,0.6067708333333333,-0.8103453277122793,False
heldout_health_test_loads,fundamental_amplitude_cv,current_shape,-1,all_blocks,1,64,384,384,0.009968082381487373,0.05101608895621052,0.7170486221955149,0.7690022786458334,0.7690022786458334,0.041048006574723156,0.015598873820166946,0.6696586860110809,0.708542698714338,0.7965901692708333,0.7965901692708333,0.6612989769178511,False
heldout_health_test_loads,fundamental_amplitude_cv,current_shape,0,0,1,8,48,48,0.005455095020923656,0.01316528369710658,0.8292034725229553,0.8307291666666667,0.8307291666666667,0.007710188676182926,0.002104095995196071,0.7217966186178875,0.8809087750330699,0.8333333333333333,0.8333333333333333,0.7230555662065767,False
heldout_health_test_loads,fundamental_amplitude_cv,current_shape,1,1,1,8,48,48,0.00615970087139893,0.020044753830835878,0.8684324032416354,0.84375,0.84375,0.01388505295943695,0.005268083137345051,0.7978494430782522,0.8803097384621125,0.8776041666666666,0.8776041666666666,0.7814608149123523,False
heldout_health_test_loads,fundamental_amplitude_cv,current_shape,2,2,1,8,48,48,0.00659648510246581,0.028671656253260503,0.9025360247756125,0.8437499999999999,0.8437499999999999,0.02207517115079469,0.00966429984055736,0.841062377998155,0.8967093679072486,0.8828125,0.8828125,0.8183656808841943,False
heldout_health_test_loads,fundamental_amplitude_cv,current_shape,3,3,1,8,48,48,0.007899070436151852,0.03918829183123842,0.9006409440057651,0.8203125,0.8203125,0.03128922139508657,0.01332711447735075,0.8325506845155892,0.8910838023699356,0.8593749999999999,0.8593749999999999,0.8177009272601572,False
heldout_health_test_loads,fundamental_amplitude_cv,current_shape,4,4,1,8,48,48,0.009587035809766713,0.05182680494173978,0.9105268223218085,0.8125,0.8125,0.04223976913197308,0.017706764726732306,0.8409193263311577,0.8943548167442747,0.8463541666666666,0.8463541666666666,0.8268566665488865,False
heldout_health_test_loads,fundamental_amplitude_cv,current_shape,5,5,1,8,48,48,0.011688109872732826,0.0668011394649045,0.9283260892509435,0.7916666666666667,0.7916666666666667,0.05511302959217168,0.024734984740991547,0.853899845104108,0.9079356890069137,0.8203125,0.8203125,0.8416966651644521,False
heldout_health_test_loads,fundamental_amplitude_cv,current_shape,6,6,1,8,48,48,0.014414935374799657,0.08365274457148336,0.9471564869801672,0.7864583333333334,0.7864583333333334,0.06923780919668371,0.02994565208178867,0.8689136586790667,0.9221065265155305,0.7916666666666666,0.7916666666666666,0.8576368773241377,False
heldout_health_test_loads,fundamental_amplitude_cv,current_shape,7,7,1,8,48,48,0.01794422656365953,0.1047780370591152,0.9745005365048123,0.7890624999999999,0.7890624999999999,0.08683381049545565,0.039128377148888574,0.888465749626793,0.943017128195996,0.7838541666666666,0.7838541666666666,0.8768748118475723,False
heldout_health_test_loads,fundamental_hz,speed_proxy,-1,all_blocks,1,64,384,384,162.06250000037772,162.11371527815564,0.0004584540205867574,0.5037841796875,0.5037841796875,0.051215277777896175,0.0,0.1408214324686547,0.0004584540205865656,0.5037841796875,0.5037841796875,0.14082143246865866,False
heldout_health_test_loads,fundamental_hz,speed_proxy,0,0,1,8,48,48,37.00000000008624,36.98611111119732,-0.21807693980119672,0.4791666666666667,0.5208333333333333,-0.013888888888921258,0.0,-0.20633095688266448,-0.21807693980110704,0.4791666666666667,0.5208333333333333,-0.20633095688266448,False
heldout_health_test_loads,fundamental_hz,speed_proxy,1,1,1,8,48,48,54.66666666679408,54.66666666679408,,0.5,0.5,0.0,0.0,,-1.0458602624061495,0.5,0.5,,False
heldout_health_test_loads,fundamental_hz,speed_proxy,2,2,1,8,48,48,78.66666666685002,78.68055555573893,0.2180769398010851,0.5208333333333334,0.5208333333333334,0.013888888888921258,0.0,0.20633095688266445,0.21807693980119428,0.5208333333333334,0.5208333333333334,0.20633095688266448,False
heldout_health_test_loads,fundamental_hz,speed_proxy,3,3,1,8,48,48,109.66666666692228,109.69444444470014,0.21807693980131293,0.5208333333333334,0.5208333333333334,0.027777777777841923,0.0,0.20633095688266445,0.2180769398012234,0.5208333333333334,0.5208333333333334,0.20633095688266448,False
heldout_health_test_loads,fundamental_hz,speed_proxy,4,4,1,8,48,48,152.6666666670225,152.62500000035573,-0.24882634186227975,0.4583333333333333,0.5416666666666667,-0.041666666666763774,0.0,-0.23542414553712793,-0.2488263418622655,0.4583333333333333,0.5416666666666667,-0.2354241455371232,False
heldout_health_test_loads,fundamental_hz,speed_proxy,5,5,1,8,48,48,207.1666666671495,207.44444444492794,0.802138204492244,0.6875,0.6875,0.27777777777841806,0.0,0.6441281937188403,0.8021382044921559,0.6875,0.6875,0.6441281937188433,False
heldout_health_test_loads,fundamental_hz,speed_proxy,6,6,1,8,48,48,280.0000000006526,279.8680555562079,-0.26924557566453616,0.32552083333333337,0.6744791666666666,-0.13194444444475195,-0.3333333333341102,-0.21224139180156643,-0.26924557566452956,0.32552083333333337,0.6744791666666666,-0.2122413918015768,False
heldout_health_test_loads,fundamental_hz,speed_proxy,7,7,1,8,48,48,376.6666666675446,376.944444445323,0.545192349502936,0.75,0.75,0.27777777777842516,0.1666666666670551,0.5158273922066612,0.5451923495030502,0.75,0.75,0.515827392206689,False
heldout_health_test_loads,harmonic_2_ratio_max,harmonic_sideband,-1,all_blocks,1,64,384,384,0.007728203242821868,0.006663872140891699,-0.25445325722636164,0.40881347656250006,0.5911865234375,-0.001064331101930169,-0.0008939355621462499,-0.5784452107505869,-0.09836807790124752,0.4544270833333333,0.5455729166666667,-0.5899181614651406,False
heldout_health_test_loads,harmonic_2_ratio_max,harmonic_sideband,0,0,1,8,48,48,0.009760855834018384,0.008385377529869112,-0.2187762538965444,0.3489583333333333,0.6510416666666667,-0.001375478304149273,-0.0013434523748116507,-1.2141783878710821,-0.11458779854759282,0.4244791666666667,0.5755208333333333,-1.2226908002168126,False
heldout_health_test_loads,harmonic_2_ratio_max,harmonic_sideband,1,1,1,8,48,48,0.008527591368723235,0.006908195542645666,-0.3447580201053714,0.390625,0.609375,-0.00161939582607757,-0.0014816444745515134,-0.9557118509053824,-0.1427331595566828,0.44270833333333337,0.5572916666666666,-1.0047153571301586,False
heldout_health_test_loads,harmonic_2_ratio_max,harmonic_sideband,2,2,1,8,48,48,0.00745721799790411,0.00632905845883167,-0.30437245679319885,0.46875,0.53125,-0.0011281595390724415,-0.0004662729729788633,-0.37448059411260776,-0.09742065617865585,0.4869791666666667,0.5130208333333333,-0.3643440608457308,False
heldout_health_test_loads,harmonic_2_ratio_max,harmonic_sideband,3,3,1,8,48,48,0.006946068581106116,0.005901615343530821,-0.2943778444132126,0.3619791666666667,0.6380208333333333,-0.0010444532375752948,-0.0008279882455448839,-0.6255744491608708,-0.09097510873235505,0.4375,0.5625,-0.61389060844714,False
heldout_health_test_loads,harmonic_2_ratio_max,harmonic_sideband,4,4,1,8,48,48,0.006575148867404902,0.005534690734706014,-0.3068683596353971,0.3125,0.6875,-0.0010404581326988866,-0.0008745794110862862,-1.0095560934837604,-0.09472922216144208,0.40624999999999994,0.59375,-0.9881141288250507,False
heldout_health_test_loads,harmonic_2_ratio_max,harmonic_sideband,5,5,1,8,48,48,0.006705162339433338,0.00577659576672572,-0.26443214379983276,0.3515625,0.6484375,-0.0009285665727076184,-0.0006958522697581835,-0.6350159018045988,-0.08960805677493709,0.4244791666666667,0.5755208333333333,-0.6578579093889894,False
heldout_health_test_loads,harmonic_2_ratio_max,harmonic_sideband,6,6,1,8,48,48,0.007676426798445457,0.006610822646549622,-0.2870377258345363,0.3567708333333333,0.6432291666666667,-0.0010656041518958348,-0.0010498827351023096,-0.5134694146231054,-0.10815936961962315,0.4296875,0.5703125,-0.5633450609885067,False
heldout_health_test_loads,harmonic_2_ratio_max,harmonic_sideband,7,7,1,8,48,48,0.008177154155539398,0.007864621104274968,-0.08133006138017797,0.49479166666666663,0.5052083333333334,-0.0003125330512644316,-0.0001130756069944068,-0.17898900413311372,-0.025789057828383238,0.4921875,0.5078125,-0.1689869035714043,False
heldout_health_test_loads,harmonic_2_ratio_mean,harmonic_sideband,-1,all_blocks,1,64,384,384,0.0055451967826183595,0.004830582264087793,-0.22882474919476603,0.42102050781249994,0.5789794921875,-0.0007146145185305671,-0.0005511818782722034,-0.567694500286211,-0.031319353223837595,0.46207682291666663,0.5379231770833334,-0.5402529430600852,False
heldout_health_test_loads,harmonic_2_ratio_mean,harmonic_sideband,0,0,1,8,48,48,0.007296196362100141,0.0065092243827484875,-0.15708277320410124,0.390625,0.609375,-0.0007869719793516524,-0.0006617166124238793,-1.0109805541848527,-0.036201404888560364,0.4375,0.5625,-0.955239754749482,False
heldout_health_test_loads,harmonic_2_ratio_mean,harmonic_sideband,1,1,1,8,48,48,0.005943725592990365,0.005043296375308545,-0.2583805416705248,0.4010416666666667,0.5989583333333333,-0.0009004292176818203,-0.0007786349113372169,-0.7783920955316691,-0.039652791184005144,0.453125,0.546875,-0.8286965067469472,False
heldout_health_test_loads,harmonic_2_ratio_mean,harmonic_sideband,2,2,1,8,48,48,0.005296758863597636,0.004644043670532988,-0.24365839981233522,0.4817708333333333,0.5182291666666667,-0.0006527151930646472,-0.0002695963937679427,-0.3090917882915425,-0.023756920918370308,0.4921875,0.5078125,-0.2635558693926297,False
heldout_health_test_loads,harmonic_2_ratio_mean,harmonic_sideband,3,3,1,8,48,48,0.00480643813128364,0.004187908318422543,-0.2492489067176189,0.3776041666666667,0.6223958333333333,-0.000618529812861096,-0.0004975804153854635,-0.5000302656660957,-0.021366615759005555,0.4427083333333333,0.5572916666666667,-0.40247322297367716,False
heldout_health_test_loads,harmonic_2_ratio_mean,harmonic_sideband,4,4,1,8,48,48,0.0045704843482629355,0.0038595451183951798,-0.2993651338279161,0.3177083333333333,0.6822916666666667,-0.0007109392298677561,-0.0006037217294173789,-0.9789819610798697,-0.032300766843539525,0.4088541666666667,0.5911458333333333,-0.9482745906451593,False
heldout_health_test_loads,harmonic_2_ratio_mean,harmonic_sideband,5,5,1,8,48,48,0.004580412384659003,0.003946035344080587,-0.2672448462598447,0.3723958333333333,0.6276041666666667,-0.0006343770405784178,-0.00043312962660320333,-0.7435788771241921,-0.03152457029290055,0.4270833333333333,0.5729166666666667,-0.7336624500884599,False
heldout_health_test_loads,harmonic_2_ratio_mean,harmonic_sideband,6,6,1,8,48,48,0.005424796299687389,0.0046902867503564654,-0.2862014527748823,0.39583333333333337,0.6041666666666666,-0.0007345095493309227,-0.0005170793842033563,-0.6177935041033037,-0.03615864536080098,0.453125,0.546875,-0.6088401512101858,False
heldout_health_test_loads,harmonic_2_ratio_mean,harmonic_sideband,7,7,1,8,48,48,0.006442762278365767,0.0057643181528575435,-0.24424137638213145,0.45312500000000006,0.546875,-0.0006784441255082242,-0.0007281254561838594,-0.4524943615468525,-0.022586472701887714,0.4817708333333333,0.5182291666666667,-0.3380338112117685,False
heldout_health_test_loads,harmonic_3_ratio_max,harmonic_sideband,-1,all_blocks,1,64,384,384,0.006648870750350812,0.028270120189739956,1.0185647506697328,0.9266357421875,0.9266357421875,0.021621249439389145,0.015200263356296961,0.9896760141364777,1.1050385023229419,0.9330240885416666,0.9330240885416666,1.031841286772797,False
heldout_health_test_loads,harmonic_3_ratio_max,harmonic_sideband,0,0,1,8,48,48,0.00883291476080811,0.013527879544057994,0.6241907313185264,0.7057291666666666,0.7057291666666666,0.004694964783249883,0.00292218679784302,0.8254424189075313,0.6710498449395975,0.7161458333333333,0.7161458333333333,0.86128049714977,False
heldout_health_test_loads,harmonic_3_ratio_max,harmonic_sideband,1,1,1,8,48,48,0.007542809141393189,0.015330655680136493,0.8320771280393917,0.8072916666666667,0.8072916666666667,0.007787846538743304,0.0053242971786540295,1.0168670004717821,0.9487919279717268,0.8177083333333333,0.8177083333333333,1.068305714403358,False
heldout_health_test_loads,harmonic_3_ratio_max,harmonic_sideband,2,2,1,8,48,48,0.006775537242417656,0.020490264664649788,1.0033502519855135,0.9140625000000001,0.9140625000000001,0.013714727422232134,0.009460224564644787,1.1096420200115122,1.1546597001668042,0.9296875,0.9296875,1.1726211876266182,False
heldout_health_test_loads,harmonic_3_ratio_max,harmonic_sideband,3,3,1,8,48,48,0.006045420634282059,0.026062304395437923,1.1185612982643256,0.9661458333333333,0.9661458333333333,0.020016883761155863,0.013798296515760191,1.1608244102528265,1.2690610552476922,0.9817708333333334,0.9817708333333334,1.2292159021685367,False
heldout_health_test_loads,harmonic_3_ratio_max,harmonic_sideband,4,4,1,8,48,48,0.005392722656322656,0.03061068223954343,1.261410667419494,0.9739583333333333,0.9739583333333333,0.025217959583220775,0.017924886928677674,1.2640842273036204,1.4183026674332941,0.9791666666666667,0.9791666666666667,1.3422785695255244,False
heldout_health_test_loads,harmonic_3_ratio_max,harmonic_sideband,5,5,1,8,48,48,0.005534342419876106,0.032808641283052144,1.2848274764827143,0.9739583333333334,0.9739583333333334,0.027274298863176043,0.019024169775957056,1.3035162552387576,1.4338594151128499,0.9817708333333334,0.9817708333333334,1.382962918661545,False
heldout_health_test_loads,harmonic_3_ratio_max,harmonic_sideband,6,6,1,8,48,48,0.006332062181781951,0.041201809677768576,1.361989044127444,0.9765625,0.9765625,0.03486974749598663,0.028773746121915317,1.372980958036369,1.5116022461228895,0.984375,0.984375,1.4593695191159872,False
heldout_health_test_loads,harmonic_3_ratio_max,harmonic_sideband,7,7,1,8,48,48,0.006735156965924772,0.046128724033273304,1.4136529190281193,0.984375,0.984375,0.03939356706734853,0.03241420162716051,1.4240415188473965,1.5629535958987606,0.9895833333333333,0.9895833333333333,1.5188795908389963,False
heldout_health_test_loads,harmonic_3_ratio_mean,harmonic_sideband,-1,all_blocks,1,64,384,384,0.004808072561360516,0.020415512615498774,1.0136977440398156,0.9254964192708333,0.9254964192708333,0.015607440054138258,0.010436713469632902,0.9813440972290925,1.0854581501119749,0.9254150390625,0.9254150390625,0.9915748161787702,False
heldout_health_test_loads,harmonic_3_ratio_mean,harmonic_sideband,0,0,1,8,48,48,0.006464622074446602,0.00956676624980068,0.570288369152459,0.6770833333333333,0.6770833333333333,0.0031021441753540757,0.0023565842687046164,0.7503038217777881,0.5871117854873761,0.6744791666666666,0.6744791666666666,0.7576995167871722,False
heldout_health_test_loads,harmonic_3_ratio_mean,harmonic_sideband,1,1,1,8,48,48,0.00527797674267649,0.011174849706225483,0.7920602603235709,0.7994791666666666,0.7994791666666666,0.005896872963548992,0.0041050748577307495,0.9244923665330407,0.8732583951034749,0.7994791666666666,0.7994791666666666,0.9349782085018481,False
heldout_health_test_loads,harmonic_3_ratio_mean,harmonic_sideband,2,2,1,8,48,48,0.004757516316897451,0.01524386821108574,0.9678799910063198,0.9244791666666667,0.9244791666666667,0.01048635189418829,0.007042059084674857,1.0551853771171178,1.0820728386938767,0.9348958333333334,0.9348958333333334,1.0687507128892306,False
heldout_health_test_loads,harmonic_3_ratio_mean,harmonic_sideband,3,3,1,8,48,48,0.004498327055486532,0.019488632810140596,1.0575847780242524,0.9713541666666666,0.9713541666666666,0.014990305754654062,0.009810378852966463,1.0969018114676663,1.1645209427070853,0.9791666666666666,0.9791666666666666,1.1113417493814666,False
heldout_health_test_loads,harmonic_3_ratio_mean,harmonic_sideband,4,4,1,8,48,48,0.0040694198960847475,0.02235580668728818,1.1928407423080332,0.9765625,0.9765625,0.018286386791203434,0.012844566914093625,1.1793690508575878,1.3074107013125758,0.9817708333333334,0.9817708333333334,1.195372453188231,False
heldout_health_test_loads,harmonic_3_ratio_mean,harmonic_sideband,5,5,1,8,48,48,0.004134894142945149,0.023494164150311775,1.2184177619646885,0.9739583333333334,0.9739583333333334,0.019359270007366626,0.012994215969207088,1.2198323122626422,1.33368211022756,0.9791666666666667,0.9791666666666667,1.2362741968867177,False
heldout_health_test_loads,harmonic_3_ratio_mean,harmonic_sideband,6,6,1,8,48,48,0.004557603833440108,0.02930469321443567,1.35233020193641,0.9739583333333334,0.9739583333333334,0.024747089380995558,0.018941884383655933,1.3569506967690732,1.4719633473209583,0.9817708333333334,0.9817708333333334,1.3769783636115194,False
heldout_health_test_loads,harmonic_3_ratio_mean,harmonic_sideband,7,7,1,8,48,48,0.004704220428907047,0.032695319894702084,1.5014889028059575,0.9817708333333333,0.9817708333333333,0.027991099465795033,0.02333334015389268,1.5043624569479999,1.632883605345785,0.9869791666666666,0.9869791666666666,1.5294085627667509,False
heldout_health_test_loads,harmonic_4_ratio_max,harmonic_sideband,-1,all_blocks,1,64,384,384,0.003870233460773278,0.003500764014710682,-0.12190671207220266,0.4605305989583333,0.5394694010416667,-0.00036946944606259646,-0.00017954620046036656,-0.22457565534439344,-0.12598358228141854,0.47741699218750006,0.5225830078125,-0.23284680918578624,False
heldout_health_test_loads,harmonic_4_ratio_max,harmonic_sideband,0,0,1,8,48,48,0.006052771287721416,0.00572808555971784,-0.07865706755262249,0.4661458333333333,0.5338541666666667,-0.0003246857280035761,-0.00015350853708822015,-0.20094998882014736,-0.08081785490823275,0.4869791666666667,0.5130208333333333,-0.20752167228770171,False
heldout_health_test_loads,harmonic_4_ratio_max,harmonic_sideband,1,1,1,8,48,48,0.004815618223937311,0.004514293318110938,-0.09552876298784925,0.48177083333333337,0.5182291666666666,-0.0003013249058263733,-5.658304881431351e-05,-0.1706799118806303,-0.10150163218116752,0.5052083333333334,0.5052083333333334,-0.18346944393242764,False
heldout_health_test_loads,harmonic_4_ratio_max,harmonic_sideband,2,2,1,8,48,48,0.0043717659092785514,0.004102085815445525,-0.08302525038059033,0.4557291666666667,0.5442708333333333,-0.0002696800938330273,-0.00016449289305386341,-0.13425152101781754,-0.09004126466126747,0.4947916666666667,0.5052083333333333,-0.14733209665289432,False
heldout_health_test_loads,harmonic_4_ratio_max,harmonic_sideband,3,3,1,8,48,48,0.003943806168620959,0.0033327374061846078,-0.2086388656944643,0.4348958333333333,0.5651041666666667,-0.0006110687624363513,-0.0001463974503260533,-0.25691727883521037,-0.2168944464909724,0.4817708333333333,0.5182291666666667,-0.2669544034415982,False
heldout_health_test_loads,harmonic_4_ratio_max,harmonic_sideband,4,4,1,8,48,48,0.003027116853389511,0.002617424871533393,-0.1727711994692239,0.40625000000000006,0.59375,-0.00040969198185611784,-0.00028955578128940995,-0.22785340743653612,-0.17985885047343436,0.4557291666666667,0.5442708333333333,-0.23938604411989797,False
heldout_health_test_loads,harmonic_4_ratio_max,harmonic_sideband,5,5,1,8,48,48,0.0026076961621270336,0.002207788284926218,-0.21782626618145662,0.40625,0.59375,-0.0003999078772008154,-0.00032676252872363006,-0.39878985789901206,-0.21757129719149526,0.4609375,0.5390625,-0.40551960888925687,False
heldout_health_test_loads,harmonic_4_ratio_max,harmonic_sideband,6,6,1,8,48,48,0.00295719537143576,0.002481614746751583,-0.22072573257731906,0.38802083333333337,0.6119791666666666,-0.00047558062468417697,-0.00030660661153467984,-0.7244637186178379,-0.2228827944105862,0.43229166666666663,0.5677083333333334,-0.7272671397712949,False
heldout_health_test_loads,harmonic_4_ratio_max,harmonic_sideband,7,7,1,8,48,48,0.003185897709675686,0.003022082115015352,-0.06050948696878641,0.5,0.5,-0.00016381559466033385,-6.405672243667672e-05,-0.12098964007839023,-0.057225747265971766,0.4635416666666667,0.5364583333333333,-0.11544676554622074,False
heldout_health_test_loads,harmonic_4_ratio_mean,harmonic_sideband,-1,all_blocks,1,64,384,384,0.002899752599304637,0.0026302234471652533,-0.11135448805241198,0.45943196614583337,0.5405680338541666,-0.00026952915213938395,-0.0001446809939170466,-0.17456462518594446,-0.10984681121790868,0.4659423828125,0.5340576171875,-0.17228753302015343,False
heldout_health_test_loads,harmonic_4_ratio_mean,harmonic_sideband,0,0,1,8,48,48,0.00447084097688087,0.0043280987823178015,-0.04326838879115784,0.4401041666666667,0.5598958333333333,-0.0001427421945630674,-0.00022316052067403343,-0.0940878872968155,-0.04222091988881229,0.4661458333333333,0.5338541666666667,-0.09174739575100341,False
heldout_health_test_loads,harmonic_4_ratio_mean,harmonic_sideband,1,1,1,8,48,48,0.0036105121170802424,0.0035003168225222797,-0.043127858792485624,0.5052083333333333,0.5052083333333333,-0.00011019529455796283,2.009666086004989e-05,-0.06793396045513485,-0.04090645058368485,0.5130208333333334,0.5130208333333334,-0.06456213826995548,False
heldout_health_test_loads,harmonic_4_ratio_mean,harmonic_sideband,2,2,1,8,48,48,0.00342259480746204,0.003219857620401983,-0.07363015726350346,0.4505208333333333,0.5494791666666667,-0.000202737187060057,-0.00016951819301728988,-0.10172965808738337,-0.07097843321523101,0.4583333333333333,0.5416666666666667,-0.09816054951395556,False
heldout_health_test_loads,harmonic_4_ratio_mean,harmonic_sideband,3,3,1,8,48,48,0.003058855936228127,0.002596285154210548,-0.18667132074210055,0.43229166666666674,0.5677083333333333,-0.00046257078201757877,-0.00015389740955260988,-0.20314145039477366,-0.18359608890998244,0.4375,0.5625,-0.2001540969743951,False
heldout_health_test_loads,harmonic_4_ratio_mean,harmonic_sideband,4,4,1,8,48,48,0.002266916157992639,0.0019682179809947984,-0.1562989322857925,0.3880208333333333,0.6119791666666667,-0.0002986981769978402,-0.00020088793691819658,-0.18981484604930954,-0.15359056467178023,0.4244791666666667,0.5755208333333333,-0.18656382075977906,False
heldout_health_test_loads,harmonic_4_ratio_mean,harmonic_sideband,5,5,1,8,48,48,0.0019323550876027815,0.001557046892631301,-0.2741990875667545,0.38020833333333337,0.6197916666666666,-0.0003753081949714808,-0.0001688684156626501,-0.41900222150289945,-0.2729316673623685,0.4140625,0.5859375,-0.41757688756141415,False
heldout_health_test_loads,harmonic_4_ratio_mean,harmonic_sideband,6,6,1,8,48,48,0.00208403902849192,0.0017544406259495738,-0.21628662172376237,0.3828125,0.6171875,-0.00032959840254234626,-0.0002186359249547833,-0.7525800961291863,-0.21616622243931247,0.40625,0.59375,-0.7526658396192523,False
heldout_health_test_loads,harmonic_4_ratio_mean,harmonic_sideband,7,7,1,8,48,48,0.0023519066826984784,0.0021175236982937397,-0.12140575429273476,0.49218750000000006,0.5078125,-0.00023438298440473852,-5.5818254676173176e-05,-0.17644745782522395,-0.12375132927242659,0.4947916666666667,0.5052083333333333,-0.1785373711278691,False
heldout_health_test_loads,harmonic_5_ratio_max,harmonic_sideband,-1,all_blocks,1,64,384,384,0.014506534210294932,0.01764759139836676,0.4164032648982351,0.624267578125,0.624267578125,0.003141057188071828,0.002254521756918757,0.769999742133124,0.3877625973785474,0.604248046875,0.604248046875,0.7694935127365811,False
heldout_health_test_loads,harmonic_5_ratio_max,harmonic_sideband,0,0,1,8,48,48,0.025084732574573082,0.027957961730265202,0.5286259386592302,0.6692708333333334,0.6692708333333334,0.0028732291556921217,0.001458263615631842,0.6237176677502663,0.4583851166062911,0.6354166666666666,0.6354166666666666,0.6242762536915686,False
heldout_health_test_loads,harmonic_5_ratio_max,harmonic_sideband,1,1,1,8,48,48,0.01841944396729201,0.020920421569034463,0.5008907166028401,0.6458333333333333,0.6458333333333333,0.0025009776017424538,0.0016471244131170387,0.7024950335395669,0.42197224544003925,0.5963541666666666,0.5963541666666666,0.7036653523353258,False
heldout_health_test_loads,harmonic_5_ratio_max,harmonic_sideband,2,2,1,8,48,48,0.01840659262640321,0.02167289720403427,0.5316816267833661,0.6614583333333334,0.6614583333333334,0.0032663045776310535,0.0017864667654087325,0.6604019545484598,0.45840486583245166,0.6041666666666667,0.6041666666666667,0.6617365488344591,False
heldout_health_test_loads,harmonic_5_ratio_max,harmonic_sideband,3,3,1,8,48,48,0.01684952768231069,0.02019663600062336,0.5198098817855654,0.6640625,0.6640625,0.0033471083183126706,0.0018832495206186272,0.6243654343093129,0.45033209702932403,0.6171875,0.6171875,0.6259171976572888,False
heldout_health_test_loads,harmonic_5_ratio_max,harmonic_sideband,4,4,1,8,48,48,0.012101947978419781,0.015205462796789013,0.5903420144281009,0.6901041666666667,0.6901041666666667,0.003103514818369232,0.0020346957781543582,0.8142773544400163,0.5037847188914614,0.6432291666666666,0.6432291666666666,0.8133943771811145,False
heldout_health_test_loads,harmonic_5_ratio_max,harmonic_sideband,5,5,1,8,48,48,0.00833866457202668,0.010972734972757562,0.685148806229923,0.7161458333333334,0.7161458333333334,0.0026340704007308826,0.002217810725215337,1.0405469194296344,0.5654886407635117,0.65625,0.65625,1.0365768068150494,False
heldout_health_test_loads,harmonic_5_ratio_max,harmonic_sideband,6,6,1,8,48,48,0.009009550524422925,0.011900111066576242,0.7337118190373997,0.7213541666666667,0.7213541666666667,0.002890560542153318,0.0025977038032116,0.9688621738333134,0.6314527876414687,0.6744791666666667,0.6744791666666667,0.9657260255660776,False
heldout_health_test_loads,harmonic_5_ratio_max,harmonic_sideband,7,7,1,8,48,48,0.007841813756911079,0.012354505846853969,1.014081617237489,0.8984375,0.8984375,0.004512692089942892,0.003343998614421736,1.1327366258404872,0.8877723008506526,0.8125,0.8125,1.127184875899017,False
heldout_health_test_loads,harmonic_5_ratio_mean,harmonic_sideband,-1,all_blocks,1,64,384,384,0.013034695780391082,0.014430175007475537,0.21405096609144922,0.5702311197916666,0.5702311197916666,0.001395479227084455,0.001011327385670327,0.5035959020011798,0.20300533840257698,0.5654296875,0.5654296875,0.5036041108773751,False
heldout_health_test_loads,harmonic_5_ratio_mean,harmonic_sideband,0,0,1,8,48,48,0.02294232601050046,0.02487253938273963,0.4586210630139538,0.6536458333333334,0.6536458333333334,0.0019302133722391708,0.0009560341937250496,0.5202362843639499,0.42061407396581296,0.6302083333333333,0.6302083333333333,0.520641882644136,False
heldout_health_test_loads,harmonic_5_ratio_mean,harmonic_sideband,1,1,1,8,48,48,0.016877592298245415,0.01805777914033843,0.32397493177517545,0.6015625,0.6015625,0.0011801868420930172,0.0009175514835588067,0.5274268824568984,0.2852882035603536,0.5911458333333334,0.5911458333333334,0.5283563818157797,False
heldout_health_test_loads,harmonic_5_ratio_mean,harmonic_sideband,2,2,1,8,48,48,0.01698018189808688,0.01800539627603778,0.2470340176682181,0.5807291666666666,0.5807291666666666,0.0010252143779508986,0.000577557602951766,0.3994625508903164,0.22323222622438912,0.5755208333333334,0.5755208333333334,0.4006669077916989,False
heldout_health_test_loads,harmonic_5_ratio_mean,harmonic_sideband,3,3,1,8,48,48,0.015429471585032623,0.016098136193227697,0.16145414533581096,0.546875,0.546875,0.0006686646081950713,0.00039032563333859637,0.2515797450573671,0.14217680571079952,0.5572916666666666,0.5572916666666666,0.2527817100533361,False
heldout_health_test_loads,harmonic_5_ratio_mean,harmonic_sideband,4,4,1,8,48,48,0.010847332823046322,0.011545387595475756,0.20482444389633397,0.5625,0.5625,0.0006980547724294344,0.0008599769621046587,0.3737761398452903,0.16046807138734112,0.5546875,0.5546875,0.37403335728041515,False
heldout_health_test_loads,harmonic_5_ratio_mean,harmonic_sideband,5,5,1,8,48,48,0.007186715392082509,0.008204228305422986,0.4033470456311549,0.625,0.625,0.0010175129133404778,0.0012141907069102794,0.6462460277438427,0.2750779000329499,0.5859375,0.5859375,0.6456085078980971,False
heldout_health_test_loads,harmonic_5_ratio_mean,harmonic_sideband,6,6,1,8,48,48,0.0075953643245373235,0.009237392831816767,0.5224693797121607,0.6666666666666667,0.6666666666666667,0.0016420285072794437,0.0014053225607144472,0.6168089212119674,0.41374810395636236,0.6145833333333333,0.6145833333333333,0.6156065633326743,False
heldout_health_test_loads,harmonic_5_ratio_mean,harmonic_sideband,7,7,1,8,48,48,0.0064185819115971324,0.009420540334745259,0.8507224938880852,0.8046875,0.8046875,0.0030019584231481267,0.0024851203034280704,0.8412042539586323,0.7299897632483826,0.71875,0.71875,0.838855486530168,False
heldout_health_test_loads,kurtosis_a,current_shape,-1,all_blocks,1,64,384,384,1.5364632705423737,1.5374999343403026,0.01381496346113102,0.5033772786458333,0.5033772786458333,0.0010366637979288575,0.002849710587887966,0.015963727515305018,-0.013185262067782444,0.5105387369791667,0.5105387369791667,-0.08408691557065844,False
heldout_health_test_loads,kurtosis_a,current_shape,0,0,1,8,48,48,1.5264347977607284,1.5288774386444561,0.0959088325743934,0.5546875,0.5546875,0.002442640883727698,0.002377242398034718,0.21935298326962738,0.006559228814132133,0.5390625,0.5390625,0.25233958818206653,False
heldout_health_test_loads,kurtosis_a,current_shape,1,1,1,8,48,48,1.526441992577382,1.537592565510139,0.36930700146501877,0.6302083333333334,0.6302083333333334,0.011150572932756725,0.005136856800602829,0.6177634722007161,0.027152556288532907,0.5703125,0.5703125,0.7503115355767758,False
heldout_health_test_loads,kurtosis_a,current_shape,2,2,1,8,48,48,1.5251510995098951,1.5447152028911049,0.4601430549500333,0.671875,0.671875,0.019564103381209678,0.012542391074297332,0.6777912922873637,0.04480587929999051,0.5859375,0.5859375,0.796827900161102,False
heldout_health_test_loads,kurtosis_a,current_shape,3,3,1,8,48,48,1.5299014964344038,1.5481635588502323,0.30536015855653886,0.5677083333333333,0.5677083333333333,0.018262062415828274,0.005057911966736217,0.4176270738918936,0.03402995572979715,0.5546875,0.5546875,0.3841671142692852,False
heldout_health_test_loads,kurtosis_a,current_shape,4,4,1,8,48,48,1.535235984961774,1.5478227768535084,0.15649627667912988,0.47395833333333337,0.5260416666666666,0.012586791891734209,-0.004604916858949926,0.19784075519779692,0.010402562535047679,0.5052083333333333,0.5052083333333333,0.07751329241704157,False
heldout_health_test_loads,kurtosis_a,current_shape,5,5,1,8,48,48,1.5420998635022587,1.5417996522857382,-0.0030009743638025536,0.40364583333333337,0.5963541666666666,-0.00030021121652030097,-0.016055239303729096,-0.003618435272089239,-0.027278596539110637,0.4635416666666667,0.5364583333333333,-0.15399234505357978,False
heldout_health_test_loads,kurtosis_a,current_shape,6,6,1,8,48,48,1.5489308837582054,1.5308534965173228,-0.1644811261867986,0.3515625,0.6484375,-0.018077387240882644,-0.03348088987406239,-0.18892335825443185,-0.07118017103380303,0.43489583333333337,0.5651041666666666,-0.3368616049697617,False
heldout_health_test_loads,kurtosis_a,current_shape,7,7,1,8,48,48,1.557510045834344,1.5201747831699215,-0.35014065467219835,0.3385416666666667,0.6614583333333333,-0.03733526266442278,-0.03929241617898682,-0.409630087515963,-0.11230753559742336,0.421875,0.578125,-0.5210611927661799,False
heldout_health_test_loads,kurtosis_b,current_shape,-1,all_blocks,1,64,384,384,1.5363532181119783,1.5117395706627457,-0.36361680733401175,0.3531087239583333,0.6468912760416667,-0.0246136474492325,-0.015173854407879661,-0.49086836353010316,-0.25231574802415274,0.4010823567708333,0.5989176432291667,-0.47661531818093067,False
heldout_health_test_loads,kurtosis_b,current_shape,0,0,1,8,48,48,1.527526886806481,1.521550725278118,-0.24551949401066206,0.4947916666666667,0.5052083333333333,-0.005976161528362986,-0.0004703329228421538,-0.3662522829325184,-0.1082903569368063,0.4973958333333333,0.5026041666666667,-0.36267964617993437,False
heldout_health_test_loads,kurtosis_b,current_shape,1,1,1,8,48,48,1.523997202122883,1.5154621196859974,-0.3634908500301267,0.3697916666666667,0.6302083333333333,-0.008535082436885352,-0.004030366358458548,-0.6385238983996854,-0.1545235369339484,0.4322916666666667,0.5677083333333333,-0.6405880208052109,False
heldout_health_test_loads,kurtosis_b,current_shape,2,2,1,8,48,48,1.5238911546349894,1.5062496410524933,-0.6783332183140546,0.2682291666666667,0.7317708333333333,-0.017641513582496025,-0.012873953105385527,-1.1616967092511157,-0.30252223670487954,0.3776041666666667,0.6223958333333333,-1.1867506352039776,False
heldout_health_test_loads,kurtosis_b,current_shape,3,3,1,8,48,48,1.5280852990268254,1.4982668005457962,-0.9068259341764677,0.23697916666666669,0.7630208333333333,-0.02981849848102926,-0.02054428119478413,-1.3427777277131168,-0.45006553895860885,0.328125,0.671875,-1.3752475173381444,False
heldout_health_test_loads,kurtosis_b,current_shape,4,4,1,8,48,48,1.5376056307825077,1.4977544438151338,-0.7529420491096177,0.265625,0.734375,-0.03985118696737381,-0.025693257693679583,-0.9907577070170231,-0.46791864578003706,0.3359375,0.6640625,-1.0024956483636427,False
heldout_health_test_loads,kurtosis_b,current_shape,5,5,1,8,48,48,1.5437957401258415,1.5086084167743292,-0.4344171329502497,0.3541666666666667,0.6458333333333333,-0.03518732335151239,-0.025252222625926857,-0.6092981560893539,-0.30512005679208204,0.39322916666666663,0.6067708333333334,-0.5971811165474349,False
heldout_health_test_loads,kurtosis_b,current_shape,6,6,1,8,48,48,1.5491543479077952,1.515694380149134,-0.32438551542140087,0.3567708333333333,0.6432291666666667,-0.033459967758661474,-0.031284300728977255,-0.44394423683591216,-0.23483532256548484,0.4010416666666667,0.5989583333333333,-0.41965495060374386,False
heldout_health_test_loads,kurtosis_b,current_shape,7,7,1,8,48,48,1.556769483488502,1.5303300380009632,-0.21652281080796917,0.3802083333333333,0.6197916666666667,-0.026439445487538706,-0.03544033054541085,-0.3041608915357637,-0.15834604325339996,0.42447916666666663,0.5755208333333334,-0.2744673391519709,False
heldout_health_test_loads,kurtosis_c,current_shape,-1,all_blocks,1,64,384,384,1.5274623748480618,1.5457600928926076,0.23066225333371976,0.5192057291666666,0.5192057291666666,0.018297718044545826,0.0003240131960523529,0.3364344458494877,0.06730414686255659,0.5070393880208333,0.5070393880208333,0.34531229805563757,False
heldout_health_test_loads,kurtosis_c,current_shape,0,0,1,8,48,48,1.513173261755738,1.5006688153343015,-0.5925777329514734,0.3020833333333333,0.6979166666666667,-0.012504446421436263,-0.008855674655946055,-0.7097548379059312,-0.03426947998290216,0.3958333333333333,0.6041666666666667,-0.7073192051573175,False
heldout_health_test_loads,kurtosis_c,current_shape,1,1,1,8,48,48,1.5085694268363503,1.4973222520802587,-0.49399251644929215,0.34895833333333337,0.6510416666666666,-0.011247174756091272,-0.007597929513113555,-0.5707289188890792,-0.029590569736358898,0.421875,0.578125,-0.5377662266223766,False
heldout_health_test_loads,kurtosis_c,current_shape,2,2,1,8,48,48,1.5110671706977823,1.5086768451594021,-0.07468619376402068,0.44270833333333337,0.5572916666666666,-0.002390325538380348,-0.002068411221431532,-0.09427679800444765,-0.0008635170417213882,0.4453125,0.5546875,-0.010520270211165986,False
heldout_health_test_loads,kurtosis_c,current_shape,3,3,1,8,48,48,1.5178630251031044,1.5304434046682323,0.2507583190676273,0.6119791666666666,0.6119791666666666,0.012580379565128036,0.004762506553969148,0.31605717812425477,0.04964503605060622,0.5442708333333334,0.5442708333333334,0.3515839912862422,False
heldout_health_test_loads,kurtosis_c,current_shape,4,4,1,8,48,48,1.5299635370475753,1.5593828927291968,0.39500819756576255,0.6588541666666666,0.6588541666666666,0.029419355681621656,0.010980626486702505,0.5246753304017943,0.10764213962454684,0.5755208333333333,0.5755208333333333,0.5113692620343337,False
heldout_health_test_loads,kurtosis_c,current_shape,5,5,1,8,48,48,1.5385104854875307,1.5816146593204297,0.4601759488109937,0.65625,0.65625,0.04310417383289919,0.03299941263567696,0.6650514942962507,0.15432833450721567,0.5755208333333333,0.5755208333333333,0.6215740546998136,False
heldout_health_test_loads,kurtosis_c,current_shape,6,6,1,8,48,48,1.5454438504082915,1.59119160777478,0.43942247464599926,0.6197916666666666,0.6197916666666666,0.045747757366488596,0.035128131216684344,0.6585850330569969,0.15739340373951544,0.5572916666666666,0.5572916666666666,0.6142384360945516,False
heldout_health_test_loads,kurtosis_c,current_shape,7,7,1,8,48,48,1.5551082414481212,1.5967802660742585,0.3773153928859817,0.5963541666666666,0.5963541666666666,0.041672024626137026,0.028208677415457406,0.6147475537353416,0.1322073204647872,0.5442708333333334,0.5442708333333334,0.5760177225067739,False
heldout_health_test_loads,phase_rms_cv,sequence_imbalance,-1,all_blocks,1,64,384,384,0.010324194070131196,0.05090777239204869,0.7175794311980863,0.7685546875000001,0.7685546875000001,0.040583578321917495,0.015056174401634766,0.6674757323850271,0.7415814545056261,0.8248697916666666,0.8248697916666666,0.6620220029207035,False
heldout_health_test_loads,phase_rms_cv,sequence_imbalance,0,0,1,8,48,48,0.007661029290064895,0.014190788442282498,0.7585643795596321,0.8098958333333334,0.8098958333333334,0.006529759152217605,0.0015160699738538202,0.6769144088735795,0.9336417375272856,0.7447916666666666,0.7447916666666666,0.6833217639811894,False
heldout_health_test_loads,phase_rms_cv,sequence_imbalance,1,1,1,8,48,48,0.006898625183826834,0.02010620329597625,0.8529545410677117,0.828125,0.828125,0.013207578112149414,0.004411564391229289,0.7913537058427162,1.0155536162300978,0.8333333333333333,0.8333333333333333,0.7810162723523478,False
heldout_health_test_loads,phase_rms_cv,sequence_imbalance,2,2,1,8,48,48,0.006731767650342918,0.02848863477342638,0.8997783811398842,0.8411458333333334,0.8411458333333334,0.021756867123083463,0.009656784575471308,0.8370719959897178,1.012646502474811,0.8619791666666666,0.8619791666666666,0.8219024709243998,False
heldout_health_test_loads,phase_rms_cv,sequence_imbalance,3,3,1,8,48,48,0.008028925818154977,0.039025028594910555,0.8987595864158009,0.8177083333333333,0.8177083333333333,0.030996102776755578,0.013438199012062467,0.8291675160240538,0.9772462222502215,0.8567708333333333,0.8567708333333333,0.820597175642925,False
heldout_health_test_loads,phase_rms_cv,sequence_imbalance,4,4,1,8,48,48,0.00963859791780907,0.051672278941068205,0.9103422830649937,0.8072916666666666,0.8072916666666666,0.042033681023259134,0.017724265441376737,0.8400007244205272,0.9642558527113547,0.8645833333333334,0.8645833333333334,0.8310531265921126,False
heldout_health_test_loads,phase_rms_cv,sequence_imbalance,5,5,1,8,48,48,0.011589934235265255,0.06647030733092182,0.9332803022203346,0.7916666666666667,0.7916666666666667,0.054880373095656576,0.024828803991056976,0.8575275726370156,0.9724578133317234,0.875,0.875,0.8491710197343928,False
heldout_health_test_loads,phase_rms_cv,sequence_imbalance,6,6,1,8,48,48,0.014268174593710384,0.08323821800640042,0.9539286963075341,0.7890625,0.7890625,0.06897004341269004,0.029931887314139045,0.8733967981143834,0.9815353632779988,0.875,0.875,0.8654825817168557,False
heldout_health_test_loads,phase_rms_cv,sequence_imbalance,7,7,1,8,48,48,0.01777649787187523,0.10407071975140336,0.9829157653123671,0.7890624999999999,0.7890624999999999,0.08629422187952814,0.03929654274114678,0.8961973170208741,0.9996174617261091,0.875,0.875,0.8877429878854509,False
heldout_health_test_loads,rms_ratio_a,current_shape,-1,all_blocks,1,64,384,384,0.9956205299597547,1.0417991287124657,0.7885031177371054,0.8145345052083334,0.8145345052083334,0.046178598752711,0.030354912719392113,0.8258317753441476,0.7557663566891896,0.8623046875,0.8623046875,0.6790360989931229,False
heldout_health_test_loads,rms_ratio_a,current_shape,0,0,1,8,48,48,0.9946690375417299,1.0002884577521678,0.45379962325155954,0.6328125,0.6328125,0.005619420210438024,0.004964410973424094,0.4478541966772135,0.17262277518806352,0.6015625,0.6015625,0.33436003032540995,False
heldout_health_test_loads,rms_ratio_a,current_shape,1,1,1,8,48,48,0.9963718393133723,1.010948963516588,0.7495395264512729,0.7291666666666667,0.7291666666666667,0.014577124203215842,0.0122397506881044,0.8018400033144317,0.5274038513919569,0.7083333333333334,0.7083333333333334,0.638968757684614,False
heldout_health_test_loads,rms_ratio_a,current_shape,2,2,1,8,48,48,0.9972764569081642,1.0234764891284358,0.9434000628907833,0.8072916666666667,0.8072916666666667,0.026200032220271622,0.02425535810239865,1.0373954575245272,0.9131244248288577,0.8046875,0.8046875,0.8187077536172913,False
heldout_health_test_loads,rms_ratio_a,current_shape,3,3,1,8,48,48,0.996440712807873,1.0354951024726817,1.0565927756614644,0.8463541666666667,0.8463541666666667,0.03905438966480853,0.0336209428856693,1.1860837175494332,1.1286316226226396,0.9088541666666666,0.9088541666666666,0.9204980448179033,False
heldout_health_test_loads,rms_ratio_a,current_shape,4,4,1,8,48,48,0.9961485526617125,1.0470817607985856,1.0633991982802833,0.8619791666666667,0.8619791666666667,0.05093320813687321,0.04094390701174433,1.2015046322988676,1.1384337103184012,0.9427083333333333,0.9427083333333333,0.9366825269478437,False
heldout_health_test_loads,rms_ratio_a,current_shape,5,5,1,8,48,48,0.9955039289636675,1.0592333586442904,1.0571598935514437,0.8723958333333333,0.8723958333333333,0.06372942968062299,0.0505506825895668,1.1896402897542115,1.098381924917768,0.9765625,0.9765625,0.9321823091672589,False
heldout_health_test_loads,rms_ratio_a,current_shape,6,6,1,8,48,48,0.9947781830673248,1.07173049424913,1.0208311824554608,0.8645833333333333,0.8645833333333333,0.07695231118180507,0.05729823968590991,1.1398545566133722,1.0208778900368374,0.9713541666666666,0.9713541666666666,0.9006166697150261,False
heldout_health_test_loads,rms_ratio_a,current_shape,7,7,1,8,48,48,0.9937755284141929,1.0861384031378456,0.971013014355164,0.8567708333333333,0.8567708333333333,0.09236287472365273,0.06361277883358851,1.0734865005788268,0.9369619605143287,0.9791666666666666,0.9791666666666666,0.8558887056019926,False
heldout_health_test_loads,rms_ratio_b,current_shape,-1,all_blocks,1,64,384,384,1.0071816447264792,0.975534549682132,-0.4370470132890334,0.4097086588541667,0.5902913411458333,-0.031647095044347213,-0.008380760622204997,-0.4124724594053273,-0.5639324731101257,0.30192057291666663,0.6980794270833334,-0.5086853049342643,False
heldout_health_test_loads,rms_ratio_b,current_shape,0,0,1,8,48,48,1.006066465476156,1.0099479188511435,0.2757161214788877,0.6015625,0.6015625,0.0038814533749874556,0.0013446415565872005,0.2523971201768708,0.1779279491307352,0.4895833333333333,0.5104166666666667,0.21321458340168287,False
heldout_health_test_loads,rms_ratio_b,current_shape,1,1,1,8,48,48,1.0059184568780144,1.0068123389465722,0.03887744197468797,0.5625,0.5625,0.0008938820685576929,0.0009088471737728199,0.03652249040546597,-0.027020341091033424,0.44791666666666663,0.5520833333333334,-0.028284636552308156,False
heldout_health_test_loads,rms_ratio_b,current_shape,2,2,1,8,48,48,1.0048647244220477,0.9982957883841316,-0.18807819315637697,0.4869791666666667,0.5130208333333333,-0.006568936037916276,-0.002422304095811123,-0.17898777884346637,-0.2803501916024669,0.3697916666666667,0.6302083333333333,-0.275911001613593,False
heldout_health_test_loads,rms_ratio_b,current_shape,3,3,1,8,48,48,1.0056738859117793,0.9872514062238368,-0.3761471635461809,0.4036458333333333,0.5963541666666667,-0.01842247968794234,-0.006758257860051908,-0.359884236082775,-0.5095288421826497,0.296875,0.703125,-0.48326748880388276,False
heldout_health_test_loads,rms_ratio_b,current_shape,4,4,1,8,48,48,1.0063337061732447,0.9750952627991611,-0.48259305819678944,0.3567708333333333,0.6432291666666667,-0.03123844337408373,-0.01234815917384774,-0.4653178889895428,-0.6382543434920183,0.27343749999999994,0.7265625,-0.5985658564806801,False
heldout_health_test_loads,rms_ratio_b,current_shape,5,5,1,8,48,48,1.0077158395131889,0.9598216708331472,-0.590250168704613,0.3229166666666667,0.6770833333333333,-0.04789416868004195,-0.02037812806291328,-0.5731122828547027,-0.7733636006609244,0.23177083333333331,0.7682291666666667,-0.7240956103708974,False
heldout_health_test_loads,rms_ratio_b,current_shape,6,6,1,8,48,48,1.009391655198872,0.9437171005187639,-0.6719312539369414,0.30208333333333337,0.6979166666666666,-0.06567455468010817,-0.029912594814844096,-0.6575261830104348,-0.874438478248191,0.22916666666666669,0.7708333333333333,-0.8216165493295408,False
heldout_health_test_loads,rms_ratio_b,current_shape,7,7,1,8,48,48,1.0114884242385305,0.9233349109003001,-0.7588629282290166,0.26041666666666663,0.7395833333333334,-0.08815351333823039,-0.04847748164676574,-0.7505051229123987,-0.9815867570010625,0.19010416666666666,0.8098958333333334,-0.929396671079138,False
heldout_health_test_loads,rms_ratio_c,current_shape,-1,all_blocks,1,64,384,384,0.9971978253137661,0.9826663216054023,-0.19981011737596274,0.3363444010416667,0.6636555989583333,-0.014531503708363794,-0.011141302907813622,-0.1872976117685384,-0.19226802427002368,0.25927734375,0.74072265625,-0.1785838079047349,False
heldout_health_test_loads,rms_ratio_c,current_shape,0,0,1,8,48,48,0.9992644969821141,0.9897636233966886,-0.7524006384531529,0.20052083333333334,0.7994791666666666,-0.009500873585425429,-0.0051568609184895475,-0.7786403126289931,-0.8023802589886765,0.12760416666666666,0.8723958333333334,-0.726806340609073,False
heldout_health_test_loads,rms_ratio_c,current_shape,1,1,1,8,48,48,0.9977097038086133,0.9822386975368399,-0.7365846342104168,0.17968750000000003,0.8203125,-0.015471006271773578,-0.00817542833072682,-0.75766781312996,-0.7430003606612898,0.12760416666666669,0.8723958333333333,-0.701439371740718,False
heldout_health_test_loads,rms_ratio_c,current_shape,2,2,1,8,48,48,0.9978588186697881,0.9782277224874326,-0.612651572025829,0.20572916666666669,0.7942708333333333,-0.019631096182355354,-0.011306617925187945,-0.6127510677385568,-0.6020895981550466,0.125,0.875,-0.5716787282820703,False
heldout_health_test_loads,rms_ratio_c,current_shape,3,3,1,8,48,48,0.9978854012803478,0.9772534913034816,-0.44074993487070824,0.29947916666666663,0.7005208333333334,-0.020631909976866227,-0.011475575262589022,-0.4320316798644524,-0.4282493759348255,0.20052083333333331,0.7994791666666667,-0.4077590947294041,False
heldout_health_test_loads,rms_ratio_c,current_shape,4,4,1,8,48,48,0.9975177411650427,0.9778229764022534,-0.30460544303365666,0.36458333333333337,0.6354166666666666,-0.019694764762789464,-0.011695678338050075,-0.29444221349596345,-0.29439747241241954,0.23958333333333331,0.7604166666666667,-0.2799624886122036,False
heldout_health_test_loads,rms_ratio_c,current_shape,5,5,1,8,48,48,0.9967802315231434,0.9809449705225625,-0.1862200207043599,0.4192708333333333,0.5807291666666667,-0.015835261000581035,-0.011615587649977555,-0.17829812445221477,-0.18071052579548044,0.3125,0.6875,-0.17144157393008705,False
heldout_health_test_loads,rms_ratio_c,current_shape,6,6,1,8,48,48,0.9958301617338031,0.9845524052321063,-0.1049281644859002,0.4505208333333333,0.5494791666666667,-0.01127775650169695,-0.012286827691291302,-0.09988491409974444,-0.10235243706569358,0.3515625,0.6484375,-0.09692610183126361,False
heldout_health_test_loads,rms_ratio_c,current_shape,7,7,1,8,48,48,0.9947360473472766,0.9905266859618541,-0.03153336724735676,0.4921875,0.5078125,-0.004209361385422335,-0.012827581532934895,-0.029892459893999305,-0.03259216367268984,0.42708333333333337,0.5729166666666666,-0.03080567016426079,False
heldout_health_test_loads,sequence_unbalance,sequence_imbalance,-1,all_blocks,1,64,384,384,0.013756949680814761,0.07330502828284652,0.6907734790513891,0.7713216145833334,0.7713216145833334,0.059548078602031755,0.021573442172640896,0.6468070413225745,0.6669889756222778,0.6948649088541666,0.6948649088541666,0.6427593004574343,False
heldout_health_test_loads,sequence_unbalance,sequence_imbalance,0,0,1,8,48,48,0.008200332796630613,0.018442108456303452,0.8013330402307529,0.8203125,0.8203125,0.010241775659672839,0.003573205018301063,0.7117702245138179,0.6544164244524074,0.6510416666666667,0.6510416666666667,0.7103977964643031,False
heldout_health_test_loads,sequence_unbalance,sequence_imbalance,1,1,1,8,48,48,0.00873418488625579,0.02773977588799227,0.8604184945023351,0.8385416666666666,0.8385416666666666,0.019005591001736478,0.006242316467070352,0.7916406827562595,0.750426583595589,0.6822916666666666,0.6822916666666666,0.7841836001629996,False
heldout_health_test_loads,sequence_unbalance,sequence_imbalance,2,2,1,8,48,48,0.00912871324052747,0.039723299684104034,0.8976043673613079,0.8489583333333334,0.8489583333333334,0.03059458644357656,0.01253681557438521,0.8318075624673292,0.8135212160167354,0.7135416666666666,0.7135416666666666,0.8227166021668258,False
heldout_health_test_loads,sequence_unbalance,sequence_imbalance,3,3,1,8,48,48,0.010737032359401606,0.054662026347398196,0.8997660153045668,0.8255208333333333,0.8255208333333333,0.0439249939879966,0.017930744365165705,0.8301095424120613,0.8363804619669273,0.7291666666666666,0.7291666666666666,0.8235230317967692,False
heldout_health_test_loads,sequence_unbalance,sequence_imbalance,4,4,1,8,48,48,0.012983362344808482,0.07274634847793508,0.9068485824971052,0.8098958333333334,0.8098958333333334,0.059762986133126604,0.02343204209781209,0.8344801459985927,0.8547911884781044,0.734375,0.734375,0.8284245567611873,False
heldout_health_test_loads,sequence_unbalance,sequence_imbalance,5,5,1,8,48,48,0.015924813052546012,0.09492852189225502,0.918765967212008,0.7994791666666666,0.7994791666666666,0.079003708839709,0.03304799067728559,0.8478946006767185,0.873691178323981,0.7395833333333334,0.7395833333333334,0.8418581528167323,False
heldout_health_test_loads,sequence_unbalance,sequence_imbalance,6,6,1,8,48,48,0.019691161296602585,0.12119752968947366,0.9269179927463339,0.7942708333333333,0.7942708333333333,0.10150636839287107,0.04054088400780692,0.8564820547744271,0.8868520566362067,0.7473958333333334,0.7473958333333334,0.8504356577221406,False
heldout_health_test_loads,sequence_unbalance,sequence_imbalance,7,7,1,8,48,48,0.024655997469745533,0.15700061582731045,0.9352697915282475,0.7968749999999999,0.7968749999999999,0.13234461835756492,0.05417819846005652,0.8649226188070828,0.8989879759381155,0.7552083333333334,0.7552083333333334,0.8581491447914652,False
heldout_health_test_loads,sideband_lower_ratio,harmonic_sideband,-1,all_blocks,1,64,384,384,0.017496858805790477,0.017128127701983423,-0.011743836788098972,0.4569091796875,0.5430908203125,-0.00036873110380705075,-0.00026326739842868997,-0.21968991263603976,-0.011414566846719989,0.4680989583333333,0.5319010416666667,-0.21609134766622667,False
heldout_health_test_loads,sideband_lower_ratio,harmonic_sideband,0,0,1,8,48,48,0.09872521235334551,0.09906764144741236,0.11450303612260095,0.5989583333333333,0.5989583333333333,0.00034242909406683445,0.0008258809628553937,0.10438326036145254,0.03138590590195869,0.5520833333333334,0.5520833333333334,0.10285471196208162,False
heldout_health_test_loads,sideband_lower_ratio,harmonic_sideband,1,1,1,8,48,48,0.015938139329784988,0.01591733095129514,-0.018955375761157387,0.46614583333333337,0.5338541666666666,-2.0808378489847734e-05,-0.00025751276814986457,-0.012538304956616935,-0.014463572585060034,0.48437499999999994,0.515625,-0.012870538988746762,False
heldout_health_test_loads,sideband_lower_ratio,harmonic_sideband,2,2,1,8,48,48,0.007605451986677952,0.007670562653067617,0.05930192165630377,0.5338541666666666,0.5338541666666666,6.51106663896649e-05,2.4794884977056338e-05,0.10629895228041827,0.06133810070249235,0.5364583333333333,0.5364583333333333,0.11191338550520467,False
heldout_health_test_loads,sideband_lower_ratio,harmonic_sideband,3,3,1,8,48,48,0.0036382459318984512,0.0033842245688248175,-0.14196956437827338,0.5026041666666666,0.5026041666666666,-0.00025402136307363425,-3.343801328215337e-05,-0.29999673253264103,-0.1343014182245397,0.49739583333333337,0.5026041666666666,-0.28816896386899427,False
heldout_health_test_loads,sideband_lower_ratio,harmonic_sideband,4,4,1,8,48,48,0.003296731592744165,0.003123035604433695,-0.09826683324333788,0.453125,0.546875,-0.0001736959883104696,-0.00014082420130171337,-0.36185227914731194,-0.0897793830393915,0.46875,0.53125,-0.34437575710632357,False
heldout_health_test_loads,sideband_lower_ratio,harmonic_sideband,5,5,1,8,48,48,0.004551081053905398,0.0028620695007669224,-0.7898783253241918,0.296875,0.703125,-0.0016890115531384752,-0.0007233740442267433,-0.8660840097101489,-0.7536800230333697,0.35416666666666663,0.6458333333333334,-0.8813377468783222,False
heldout_health_test_loads,sideband_lower_ratio,harmonic_sideband,6,6,1,8,48,48,0.0033928204436676455,0.0026448216974399225,-0.46576586507299245,0.4348958333333333,0.5651041666666667,-0.0007479987462277229,-0.00030208706612159326,-0.6869208359826212,-0.4419471333137444,0.4453125,0.5546875,-0.6885967840852135,False
heldout_health_test_loads,sideband_lower_ratio,harmonic_sideband,7,7,1,8,48,48,0.002827187754299695,0.002355335192626939,-0.405566245696754,0.3697916666666667,0.6302083333333333,-0.00047185256167275565,-0.0004475344448466635,-0.8527178616987527,-0.3648514268800095,0.3932291666666667,0.6067708333333333,-0.837168134970179,False
heldout_health_test_loads,sideband_upper_ratio,harmonic_sideband,-1,all_blocks,1,64,384,384,0.03013731678535562,0.029720332729303477,-0.007315456430286075,0.4439697265625,0.5560302734375,-0.00041698405605214444,-0.00038057470567608165,-0.30498205671818096,-0.0071752510303403575,0.4609375,0.5390625,-0.2997778821934662,False
heldout_health_test_loads,sideband_upper_ratio,harmonic_sideband,0,0,1,8,48,48,0.17641777251244,0.17632395196905323,-0.041115348484144006,0.19270833333333331,0.8072916666666667,-9.382054338676292e-05,-0.0005015900530529332,-0.03867367513002299,-0.004757324660108064,0.3463541666666667,0.6536458333333333,-0.039342870228613935,False
heldout_health_test_loads,sideband_upper_ratio,harmonic_sideband,1,1,1,8,48,48,0.040783715149209115,0.04102075712038962,0.15504040126360705,0.484375,0.515625,0.00023704197118050644,0.00027375229319576144,0.13774397184071746,0.05879712623919,0.49479166666666663,0.5052083333333334,0.1342280210763427,False
heldout_health_test_loads,sideband_upper_ratio,harmonic_sideband,2,2,1,8,48,48,0.007131868590779904,0.007284274664422071,0.20345295046142564,0.5234375,0.5234375,0.00015240607364216862,0.0001359692359016863,0.29837134969513307,0.16900836245751547,0.5130208333333334,0.5130208333333334,0.28530634788939013,False
heldout_health_test_loads,sideband_upper_ratio,harmonic_sideband,3,3,1,8,48,48,0.0036978373840436465,0.003185922327740068,-0.3610527090267948,0.3359375,0.6640625,-0.000511915056303579,-0.0004039028019574469,-0.9382248312007768,-0.28894170147150966,0.40364583333333337,0.5963541666666666,-0.964327754030409,False
heldout_health_test_loads,sideband_upper_ratio,harmonic_sideband,4,4,1,8,48,48,0.002971829316614075,0.0026256291754863706,-0.21802871660408307,0.390625,0.609375,-0.0003462001411277044,-0.0003379731680303636,-0.745997784237954,-0.17778268707069084,0.4427083333333333,0.5572916666666667,-0.7569284251876003,False
heldout_health_test_loads,sideband_upper_ratio,harmonic_sideband,5,5,1,8,48,48,0.003809313049271976,0.00265960090773968,-0.6112447446839635,0.33333333333333337,0.6666666666666666,-0.0011497121415322967,-0.0005554594168359033,-0.8717167491885615,-0.5421520339440125,0.3958333333333333,0.6041666666666667,-0.8604482804635746,False
heldout_health_test_loads,sideband_upper_ratio,harmonic_sideband,6,6,1,8,48,48,0.0032937937706620543,0.0024786656174077305,-0.5290957081052072,0.46093750000000006,0.5390625,-0.0008151281532543238,-0.00027260630667364026,-0.635445922337727,-0.44401103468752023,0.4557291666666667,0.5442708333333333,-0.6163188692827816,False
heldout_health_test_loads,sideband_upper_ratio,harmonic_sideband,7,7,1,8,48,48,0.0029924045098242034,0.0021838600521890397,-0.7232192554165584,0.2942708333333333,0.7057291666666667,-0.0008085444576351637,-0.0005159250301973335,-1.1771324092460433,-0.5359444707031099,0.359375,0.640625,-1.1492988862864142,False
heldout_health_test_loads,spectral_entropy,spectral_entropy,-1,all_blocks,1,64,384,384,0.1558068990670174,0.1568016731567817,0.13705819755598628,0.5345052083333333,0.5345052083333333,0.0009947740897642927,0.0005035646945660693,0.344353094830275,0.03856928875612833,0.5166829427083334,0.5166829427083334,0.35285395523372204,False
heldout_health_test_loads,spectral_entropy,spectral_entropy,0,0,1,8,48,48,0.15220747915419075,0.15166723912278005,-0.17608155510189932,0.4869791666666667,0.5130208333333333,-0.0005402400314107007,-3.9351959377806334e-05,-0.3860837122067492,-0.018898754540170447,0.4869791666666667,0.5130208333333333,-0.38130381172468697,False
heldout_health_test_loads,spectral_entropy,spectral_entropy,1,1,1,8,48,48,0.15272022873117902,0.15222048635159088,-0.1358903757920607,0.5182291666666667,0.5182291666666667,-0.0004997423795881627,0.0001122553359198808,-0.2670186941135571,-0.01735154708186614,0.5078125,0.5078125,-0.2604467039172633,False
heldout_health_test_loads,spectral_entropy,spectral_entropy,2,2,1,8,48,48,0.1526740265224311,0.15259204863706324,-0.02147894228735428,0.5546875,0.5546875,-8.197788536783966e-05,8.425470037055904e-05,-0.044257602126312225,-0.0019741365909973245,0.5260416666666666,0.5260416666666666,-0.02948675591315656,False
heldout_health_test_loads,spectral_entropy,spectral_entropy,3,3,1,8,48,48,0.15258222424779883,0.15334998020199953,0.1726626867112703,0.5911458333333333,0.5911458333333333,0.0007677559542006862,0.0004267480719930411,0.35130726913776233,0.029648092024155935,0.546875,0.546875,0.3642937328216938,False
heldout_health_test_loads,spectral_entropy,spectral_entropy,4,4,1,8,48,48,0.15380067872293174,0.15534137763392,0.2978970265219432,0.640625,0.640625,0.0015406989109882409,0.0009178283704864426,0.5606316001822979,0.05910892290541158,0.5729166666666667,0.5729166666666667,0.5676307230830381,False
heldout_health_test_loads,spectral_entropy,spectral_entropy,5,5,1,8,48,48,0.15626314577385386,0.15779815115257903,0.27456852692416056,0.6640625,0.6640625,0.0015350053787251718,0.0009142522417295573,0.47557229632738174,0.05976218546625212,0.5833333333333334,0.5833333333333334,0.48551546132627693,False
heldout_health_test_loads,spectral_entropy,spectral_entropy,6,6,1,8,48,48,0.15998381407782367,0.1624320485735853,0.4159806661938315,0.6744791666666666,0.6744791666666666,0.002448234495761642,0.0014497653539841393,0.6632440312243493,0.09574759293177461,0.5911458333333333,0.5911458333333333,0.6641541134510467,False
heldout_health_test_loads,spectral_entropy,spectral_entropy,7,7,1,8,48,48,0.16622359530593012,0.16901205358073543,0.4992085916049158,0.734375,0.734375,0.002788458274805304,0.001666608562266414,0.849627349593319,0.10966657593666214,0.6171875,0.6171875,0.8444844701595432,False
heldout_health_test_loads,thd_2_to_5_mean,harmonic_sideband,-1,all_blocks,1,64,384,384,0.016624273287224323,0.02897066508620826,0.859032017932209,0.7879231770833335,0.7879231770833335,0.012346391798983938,0.007415659019969619,0.8423459467071811,0.9224537176654809,0.7953287760416666,0.7953287760416666,0.8403319849227315,False
heldout_health_test_loads,thd_2_to_5_mean,harmonic_sideband,0,0,1,8,48,48,0.026896774259550626,0.029386801446268346,0.34073561065342506,0.6223958333333334,0.6223958333333334,0.002490027186717723,0.0010490151973403597,0.5607166807074332,0.3280448923398218,0.6015625,0.6015625,0.5606133682299778,False
heldout_health_test_loads,thd_2_to_5_mean,harmonic_sideband,1,1,1,8,48,48,0.02062589370286301,0.024132570662054726,0.43100285946052064,0.640625,0.640625,0.0035066769591917176,0.001495722202516655,0.6736900011087451,0.4392326876950717,0.6171875,0.6171875,0.6729299806286607,False
heldout_health_test_loads,thd_2_to_5_mean,harmonic_sideband,2,2,1,8,48,48,0.02023284574682077,0.02660644901285904,0.5833180141298026,0.6901041666666667,0.6901041666666667,0.006373603266038276,0.0031728383875920226,0.7302266454688966,0.6259021470598304,0.6979166666666666,0.6979166666666666,0.7292669483499468,False
heldout_health_test_loads,thd_2_to_5_mean,harmonic_sideband,3,3,1,8,48,48,0.018305988727432977,0.02828511231387575,0.7029395094430329,0.7526041666666666,0.7526041666666666,0.00997912358644277,0.004749495349491379,0.7961238771695133,0.7609112237030099,0.7708333333333334,0.7708333333333334,0.7945273528525575,False
heldout_health_test_loads,thd_2_to_5_mean,harmonic_sideband,4,4,1,8,48,48,0.01369725074443074,0.027860268486276568,0.9172376455452005,0.8515625,0.8515625,0.014163017741845826,0.008153013635722132,1.0116523040708725,0.9997485337046965,0.859375,0.859375,1.0083184821137783,False
heldout_health_test_loads,thd_2_to_5_mean,harmonic_sideband,5,5,1,8,48,48,0.010527196475313801,0.026960338421325853,1.0287958967711017,0.8958333333333334,0.8958333333333334,0.016433141946012055,0.010102853308423065,1.1160041141038572,1.12689668491277,0.8958333333333334,0.8958333333333334,1.11177748532175,False
heldout_health_test_loads,thd_2_to_5_mean,harmonic_sideband,6,6,1,8,48,48,0.011379385878593964,0.03266275353510251,1.1583822226578107,0.9348958333333334,0.9348958333333334,0.02128336765650854,0.014556599522778928,1.2356783212183524,1.2628549686539123,0.9348958333333334,0.9348958333333334,1.2304006954263729,False
heldout_health_test_loads,thd_2_to_5_mean,harmonic_sideband,7,7,1,8,48,48,0.01132885076278868,0.03587102681190329,1.3064846727289912,0.9661458333333333,0.9661458333333333,0.02454217604911461,0.019597670592179615,1.4512673449303137,1.422193822335396,0.9661458333333333,0.9661458333333333,1.443638940052319,False
heldout_health_test_loads,zero_sequence_ratio,sequence_imbalance,-1,all_blocks,1,64,384,384,0.02633227738550807,0.016227109604725138,-0.8151987170779165,0.30517578125,0.69482421875,-0.010105167780782928,-0.0057547326722465235,-1.017180650742774,-0.8200682507880428,0.2986653645833333,0.7013346354166667,-0.9978599865835539,False
heldout_health_test_loads,zero_sequence_ratio,sequence_imbalance,0,0,1,8,48,48,0.026562887260127944,0.01710844355663481,-0.6971595451648843,0.30989583333333337,0.6901041666666666,-0.009454443703493133,-0.005324115352071663,-1.0156316915528534,-0.7015852551587611,0.3046875,0.6953125,-0.9978712075993975,False
heldout_health_test_loads,zero_sequence_ratio,sequence_imbalance,1,1,1,8,48,48,0.026423815992143967,0.016782941608511695,-0.7297377216361783,0.30989583333333337,0.6901041666666666,-0.00964087438363227,-0.005942723294101699,-1.017460298184429,-0.7340460011601934,0.3046875,0.6953125,-0.9986365204992566,False
heldout_health_test_loads,zero_sequence_ratio,sequence_imbalance,2,2,1,8,48,48,0.026303334603190832,0.016426472986723627,-0.7691686948503349,0.3072916666666667,0.6927083333333333,-0.009876861616467204,-0.005918183255777465,-1.0187815024222704,-0.7737970134831749,0.296875,0.703125,-1.0000040594966046,False
heldout_health_test_loads,zero_sequence_ratio,sequence_imbalance,3,3,1,8,48,48,0.026475445494722423,0.016207966653564033,-0.8066652919120596,0.3072916666666667,0.6927083333333333,-0.010267478841158391,-0.005746241874071638,-0.9935835374984768,-0.8110318758626724,0.296875,0.703125,-0.9742284851079338,False
heldout_health_test_loads,zero_sequence_ratio,sequence_imbalance,4,4,1,8,48,48,0.026761035327515385,0.0160690967085121,-0.8330385404254229,0.3020833333333333,0.6979166666666667,-0.010691938619003286,-0.005959159169176923,-0.9778639666920361,-0.8369656187393948,0.2942708333333333,0.7057291666666667,-0.958561163114941,False
heldout_health_test_loads,zero_sequence_ratio,sequence_imbalance,5,5,1,8,48,48,0.026217592116523965,0.015869350147373316,-0.8320654931363916,0.3020833333333333,0.6979166666666667,-0.010348241969150648,-0.0059453730041582435,-1.020963474258087,-0.8370713599956366,0.2942708333333333,0.7057291666666667,-1.0013636428276724,False
heldout_health_test_loads,zero_sequence_ratio,sequence_imbalance,6,6,1,8,48,48,0.0258357838062336,0.015701330675514782,-0.8329419550365659,0.29947916666666663,0.7005208333333334,-0.010134453130718816,-0.00571110860294702,-1.056534476890416,-0.8386965495894277,0.2942708333333333,0.7057291666666667,-1.0361947429623675,False
heldout_health_test_loads,zero_sequence_ratio,sequence_imbalance,7,7,1,8,48,48,0.02607832448360643,0.01565127450096676,-0.8621034141211059,0.29947916666666663,0.7005208333333334,-0.010427049982639667,-0.005335310845388971,-0.9875186573636285,-0.867908268028279,0.29166666666666663,0.7083333333333334,-0.9681738022956966,False
